timestamp,__name__,endpoint,instance,job,namespace,pod,prometheus,service,user,value
2024-07-31 07:08:00.203999996,tgi_request_inference_duration_sum,http,10.128.4.201:3000,tgis-bam,fmaas-monitoring,bloom-v3,openshift-user-workload-monitoring/user-workload,tgis-bam,Alan,335017.7609455643
2024-07-31 07:08:05.203999996,tgi_request_inference_duration_sum,http,10.128.4.201:3000,tgis-bam,fmaas-monitoring,bloom-v3,openshift-user-workload-monitoring/user-workload,tgis-bam,Alan,335352.6004423453
2024-07-31 07:08:10.203999996,tgi_request_inference_duration_sum,http,10.128.4.201:3000,tgis-bam,fmaas-monitoring,bloom-v3,openshift-user-workload-monitoring/user-workload,tgis-bam,Alan,335610.7825901443
2024-07-31 07:08:15.203999996,tgi_request_inference_duration_sum,http,10.128.4.201:3000,tgis-bam,fmaas-monitoring,bloom-v3,openshift-user-workload-monitoring/user-workload,tgis-bam,Alan,336549.55264728534
2024-07-31 07:08:20.203999996,tgi_request_inference_duration_sum,http,10.128.4.201:3000,tgis-bam,fmaas-monitoring,bloom-v3,openshift-user-workload-monitoring/user-workload,tgis-bam,Alan,336764.5758903083
2024-07-31 07:08:25.203999996,tgi_request_inference_duration_sum,http,10.128.4.201:3000,tgis-bam,fmaas-monitoring,bloom-v3,openshift-user-workload-monitoring/user-workload,tgis-bam,Alan,337213.4385056473
2024-07-31 07:08:30.203999996,tgi_request_inference_duration_sum,http,10.128.4.201:3000,tgis-bam,fmaas-monitoring,bloom-v3,openshift-user-workload-monitoring/user-workload,tgis-bam,Alan,338212.4150825973
2024-07-31 07:08:35.267999887,tgi_request_inference_duration_sum,http,10.128.4.201:3000,tgis-bam,fmaas-monitoring,bloom-v3,openshift-user-workload-monitoring/user-workload,tgis-bam,Alan,338569.8773705493
2024-07-31 07:08:40.203999996,tgi_request_inference_duration_sum,http,10.128.4.201:3000,tgis-bam,fmaas-monitoring,bloom-v3,openshift-user-workload-monitoring/user-workload,tgis-bam,Alan,339774.9096023683
2024-07-31 07:08:45.203999996,tgi_request_inference_duration_sum,http,10.128.4.201:3000,tgis-bam,fmaas-monitoring,bloom-v3,openshift-user-workload-monitoring/user-workload,tgis-bam,Alan,340098.8251985013
2024-07-31 07:08:50.203999996,tgi_request_inference_duration_sum,http,10.128.4.201:3000,tgis-bam,fmaas-monitoring,bloom-v3,openshift-user-workload-monitoring/user-workload,tgis-bam,Alan,340857.4568229363
2024-07-31 07:08:55.203999996,tgi_request_inference_duration_sum,http,10.128.4.201:3000,tgis-bam,fmaas-monitoring,bloom-v3,openshift-user-workload-monitoring/user-workload,tgis-bam,Alan,341840.8302353273
2024-07-31 07:09:00.203999996,tgi_request_inference_duration_sum,http,10.128.4.201:3000,tgis-bam,fmaas-monitoring,bloom-v3,openshift-user-workload-monitoring/user-workload,tgis-bam,Alan,342562.1735229483
2024-07-31 07:09:05.203999996,tgi_request_inference_duration_sum,http,10.128.4.201:3000,tgis-bam,fmaas-monitoring,bloom-v3,openshift-user-workload-monitoring/user-workload,tgis-bam,Alan,343471.8609380343
2024-07-31 07:09:10.203999996,tgi_request_inference_duration_sum,http,10.128.4.201:3000,tgis-bam,fmaas-monitoring,bloom-v3,openshift-user-workload-monitoring/user-workload,tgis-bam,Alan,343733.8866617263
2024-07-31 07:09:15.203999996,tgi_request_inference_duration_sum,http,10.128.4.201:3000,tgis-bam,fmaas-monitoring,bloom-v3,openshift-user-workload-monitoring/user-workload,tgis-bam,Alan,344935.9743331133
2024-07-31 07:09:20.203999996,tgi_request_inference_duration_sum,http,10.128.4.201:3000,tgis-bam,fmaas-monitoring,bloom-v3,openshift-user-workload-monitoring/user-workload,tgis-bam,Alan,345447.5489614373
2024-07-31 07:09:25.203999996,tgi_request_inference_duration_sum,http,10.128.4.201:3000,tgis-bam,fmaas-monitoring,bloom-v3,openshift-user-workload-monitoring/user-workload,tgis-bam,Alan,346308.6780000693
2024-07-31 07:09:30.203999996,tgi_request_inference_duration_sum,http,10.128.4.201:3000,tgis-bam,fmaas-monitoring,bloom-v3,openshift-user-workload-monitoring/user-workload,tgis-bam,Alan,347095.7380061113
2024-07-31 07:09:35.203999996,tgi_request_inference_duration_sum,http,10.128.4.201:3000,tgis-bam,fmaas-monitoring,bloom-v3,openshift-user-workload-monitoring/user-workload,tgis-bam,Alan,347409.7495460923
2024-07-31 07:09:40.203999996,tgi_request_inference_duration_sum,http,10.128.4.201:3000,tgis-bam,fmaas-monitoring,bloom-v3,openshift-user-workload-monitoring/user-workload,tgis-bam,Alan,348609.5839947263
2024-07-31 07:09:45.203999996,tgi_request_inference_duration_sum,http,10.128.4.201:3000,tgis-bam,fmaas-monitoring,bloom-v3,openshift-user-workload-monitoring/user-workload,tgis-bam,Alan,349215.3570124533
2024-07-31 07:09:50.203999996,tgi_request_inference_duration_sum,http,10.128.4.201:3000,tgis-bam,fmaas-monitoring,bloom-v3,openshift-user-workload-monitoring/user-workload,tgis-bam,Alan,350320.7549900663
2024-07-31 07:09:55.203999996,tgi_request_inference_duration_sum,http,10.128.4.201:3000,tgis-bam,fmaas-monitoring,bloom-v3,openshift-user-workload-monitoring/user-workload,tgis-bam,Alan,350975.2284826103
2024-07-31 07:10:00.203999996,tgi_request_inference_duration_sum,http,10.128.4.201:3000,tgis-bam,fmaas-monitoring,bloom-v3,openshift-user-workload-monitoring/user-workload,tgis-bam,Alan,351420.9462633963
2024-07-31 07:10:05.203999996,tgi_request_inference_duration_sum,http,10.128.4.201:3000,tgis-bam,fmaas-monitoring,bloom-v3,openshift-user-workload-monitoring/user-workload,tgis-bam,Alan,352597.8968355243
2024-07-31 07:10:10.203999996,tgi_request_inference_duration_sum,http,10.128.4.201:3000,tgis-bam,fmaas-monitoring,bloom-v3,openshift-user-workload-monitoring/user-workload,tgis-bam,Alan,353170.1231173673
2024-07-31 07:10:15.203999996,tgi_request_inference_duration_sum,http,10.128.4.201:3000,tgis-bam,fmaas-monitoring,bloom-v3,openshift-user-workload-monitoring/user-workload,tgis-bam,Alan,354430.79233065626
2024-07-31 07:10:20.203999996,tgi_request_inference_duration_sum,http,10.128.4.201:3000,tgis-bam,fmaas-monitoring,bloom-v3,openshift-user-workload-monitoring/user-workload,tgis-bam,Alan,354710.0395484213
2024-07-31 07:10:25.203999996,tgi_request_inference_duration_sum,http,10.128.4.201:3000,tgis-bam,fmaas-monitoring,bloom-v3,openshift-user-workload-monitoring/user-workload,tgis-bam,Alan,355299.3427138423
2024-07-31 07:10:30.203999996,tgi_request_inference_duration_sum,http,10.128.4.201:3000,tgis-bam,fmaas-monitoring,bloom-v3,openshift-user-workload-monitoring/user-workload,tgis-bam,Alan,356481.9613819863
2024-07-31 07:10:35.203999996,tgi_request_inference_duration_sum,http,10.128.4.201:3000,tgis-bam,fmaas-monitoring,bloom-v3,openshift-user-workload-monitoring/user-workload,tgis-bam,Alan,356959.49929937127
2024-07-31 07:10:40.203999996,tgi_request_inference_duration_sum,http,10.128.4.201:3000,tgis-bam,fmaas-monitoring,bloom-v3,openshift-user-workload-monitoring/user-workload,tgis-bam,Alan,357896.4801699453
2024-07-31 07:10:45.203999996,tgi_request_inference_duration_sum,http,10.128.4.201:3000,tgis-bam,fmaas-monitoring,bloom-v3,openshift-user-workload-monitoring/user-workload,tgis-bam,Alan,358511.63892635325
2024-07-31 07:10:50.203999996,tgi_request_inference_duration_sum,http,10.128.4.201:3000,tgis-bam,fmaas-monitoring,bloom-v3,openshift-user-workload-monitoring/user-workload,tgis-bam,Alan,359047.00953262625
2024-07-31 07:10:55.203999996,tgi_request_inference_duration_sum,http,10.128.4.201:3000,tgis-bam,fmaas-monitoring,bloom-v3,openshift-user-workload-monitoring/user-workload,tgis-bam,Alan,360033.77106649324
2024-07-31 07:11:00.203999996,tgi_request_inference_duration_sum,http,10.128.4.201:3000,tgis-bam,fmaas-monitoring,bloom-v3,openshift-user-workload-monitoring/user-workload,tgis-bam,Alan,360774.5378942752
2024-07-31 07:11:05.203999996,tgi_request_inference_duration_sum,http,10.128.4.201:3000,tgis-bam,fmaas-monitoring,bloom-v3,openshift-user-workload-monitoring/user-workload,tgis-bam,Alan,361791.98761614924
2024-07-31 07:11:10.203999996,tgi_request_inference_duration_sum,http,10.128.4.201:3000,tgis-bam,fmaas-monitoring,bloom-v3,openshift-user-workload-monitoring/user-workload,tgis-bam,Alan,362340.66749007924
2024-07-31 07:11:15.203999996,tgi_request_inference_duration_sum,http,10.128.4.201:3000,tgis-bam,fmaas-monitoring,bloom-v3,openshift-user-workload-monitoring/user-workload,tgis-bam,Alan,362953.21176835825
2024-07-31 07:11:20.203999996,tgi_request_inference_duration_sum,http,10.128.4.201:3000,tgis-bam,fmaas-monitoring,bloom-v3,openshift-user-workload-monitoring/user-workload,tgis-bam,Alan,363540.51253623824
2024-07-31 07:11:25.214999914,tgi_request_inference_duration_sum,http,10.128.4.201:3000,tgis-bam,fmaas-monitoring,bloom-v3,openshift-user-workload-monitoring/user-workload,tgis-bam,Alan,364629.0833945512
2024-07-31 07:11:30.203999996,tgi_request_inference_duration_sum,http,10.128.4.201:3000,tgis-bam,fmaas-monitoring,bloom-v3,openshift-user-workload-monitoring/user-workload,tgis-bam,Alan,365515.2021913582
2024-07-31 07:11:35.203999996,tgi_request_inference_duration_sum,http,10.128.4.201:3000,tgis-bam,fmaas-monitoring,bloom-v3,openshift-user-workload-monitoring/user-workload,tgis-bam,Alan,366273.03712478117
2024-07-31 07:11:40.203999996,tgi_request_inference_duration_sum,http,10.128.4.201:3000,tgis-bam,fmaas-monitoring,bloom-v3,openshift-user-workload-monitoring/user-workload,tgis-bam,Alan,366906.09381246514
2024-07-31 07:11:45.203999996,tgi_request_inference_duration_sum,http,10.128.4.201:3000,tgis-bam,fmaas-monitoring,bloom-v3,openshift-user-workload-monitoring/user-workload,tgis-bam,Alan,367759.8458114932
2024-07-31 07:11:50.203999996,tgi_request_inference_duration_sum,http,10.128.4.201:3000,tgis-bam,fmaas-monitoring,bloom-v3,openshift-user-workload-monitoring/user-workload,tgis-bam,Alan,368572.45849118615
2024-07-31 07:11:55.203999996,tgi_request_inference_duration_sum,http,10.128.4.201:3000,tgis-bam,fmaas-monitoring,bloom-v3,openshift-user-workload-monitoring/user-workload,tgis-bam,Alan,369303.7043159821
2024-07-31 07:12:00.203999996,tgi_request_inference_duration_sum,http,10.128.4.201:3000,tgis-bam,fmaas-monitoring,bloom-v3,openshift-user-workload-monitoring/user-workload,tgis-bam,Alan,370050.8569986241
2024-07-31 07:12:05.203999996,tgi_request_inference_duration_sum,http,10.128.4.201:3000,tgis-bam,fmaas-monitoring,bloom-v3,openshift-user-workload-monitoring/user-workload,tgis-bam,Alan,370630.9730600911
2024-07-31 07:12:10.203999996,tgi_request_inference_duration_sum,http,10.128.4.201:3000,tgis-bam,fmaas-monitoring,bloom-v3,openshift-user-workload-monitoring/user-workload,tgis-bam,Alan,371479.9255961291
2024-07-31 07:12:15.203999996,tgi_request_inference_duration_sum,http,10.128.4.201:3000,tgis-bam,fmaas-monitoring,bloom-v3,openshift-user-workload-monitoring/user-workload,tgis-bam,Alan,372346.9802449421
2024-07-31 07:12:20.203999996,tgi_request_inference_duration_sum,http,10.128.4.201:3000,tgis-bam,fmaas-monitoring,bloom-v3,openshift-user-workload-monitoring/user-workload,tgis-bam,Alan,373163.58085606614
2024-07-31 07:12:25.203999996,tgi_request_inference_duration_sum,http,10.128.4.201:3000,tgis-bam,fmaas-monitoring,bloom-v3,openshift-user-workload-monitoring/user-workload,tgis-bam,Alan,373775.0048620841
2024-07-31 07:12:30.203999996,tgi_request_inference_duration_sum,http,10.128.4.201:3000,tgis-bam,fmaas-monitoring,bloom-v3,openshift-user-workload-monitoring/user-workload,tgis-bam,Alan,374405.0565084421
2024-07-31 07:12:35.203999996,tgi_request_inference_duration_sum,http,10.128.4.201:3000,tgis-bam,fmaas-monitoring,bloom-v3,openshift-user-workload-monitoring/user-workload,tgis-bam,Alan,375091.7292991231
2024-07-31 07:12:40.203999996,tgi_request_inference_duration_sum,http,10.128.4.201:3000,tgis-bam,fmaas-monitoring,bloom-v3,openshift-user-workload-monitoring/user-workload,tgis-bam,Alan,376332.6247606831
2024-07-31 07:12:45.203999996,tgi_request_inference_duration_sum,http,10.128.4.201:3000,tgis-bam,fmaas-monitoring,bloom-v3,openshift-user-workload-monitoring/user-workload,tgis-bam,Alan,376954.9431377521
2024-07-31 07:12:50.203999996,tgi_request_inference_duration_sum,http,10.128.4.201:3000,tgis-bam,fmaas-monitoring,bloom-v3,openshift-user-workload-monitoring/user-workload,tgis-bam,Alan,377655.23479015514
2024-07-31 07:12:55.203999996,tgi_request_inference_duration_sum,http,10.128.4.201:3000,tgis-bam,fmaas-monitoring,bloom-v3,openshift-user-workload-monitoring/user-workload,tgis-bam,Alan,378276.1811913921
2024-07-31 07:13:00.203999996,tgi_request_inference_duration_sum,http,10.128.4.201:3000,tgis-bam,fmaas-monitoring,bloom-v3,openshift-user-workload-monitoring/user-workload,tgis-bam,Alan,378830.6491740471
2024-07-31 07:13:05.203999996,tgi_request_inference_duration_sum,http,10.128.4.201:3000,tgis-bam,fmaas-monitoring,bloom-v3,openshift-user-workload-monitoring/user-workload,tgis-bam,Alan,380297.2305063301
2024-07-31 07:13:10.203999996,tgi_request_inference_duration_sum,http,10.128.4.201:3000,tgis-bam,fmaas-monitoring,bloom-v3,openshift-user-workload-monitoring/user-workload,tgis-bam,Alan,380923.3382359761
2024-07-31 07:13:15.203999996,tgi_request_inference_duration_sum,http,10.128.4.201:3000,tgis-bam,fmaas-monitoring,bloom-v3,openshift-user-workload-monitoring/user-workload,tgis-bam,Alan,381771.74461730913
2024-07-31 07:13:20.203999996,tgi_request_inference_duration_sum,http,10.128.4.201:3000,tgis-bam,fmaas-monitoring,bloom-v3,openshift-user-workload-monitoring/user-workload,tgis-bam,Alan,382255.8941656411
2024-07-31 07:13:25.203999996,tgi_request_inference_duration_sum,http,10.128.4.201:3000,tgis-bam,fmaas-monitoring,bloom-v3,openshift-user-workload-monitoring/user-workload,tgis-bam,Alan,382955.0996428521
2024-07-31 07:13:30.203999996,tgi_request_inference_duration_sum,http,10.128.4.201:3000,tgis-bam,fmaas-monitoring,bloom-v3,openshift-user-workload-monitoring/user-workload,tgis-bam,Alan,384009.60929557605
2024-07-31 07:13:35.203999996,tgi_request_inference_duration_sum,http,10.128.4.201:3000,tgis-bam,fmaas-monitoring,bloom-v3,openshift-user-workload-monitoring/user-workload,tgis-bam,Alan,384825.0908419461
2024-07-31 07:13:40.203999996,tgi_request_inference_duration_sum,http,10.128.4.201:3000,tgis-bam,fmaas-monitoring,bloom-v3,openshift-user-workload-monitoring/user-workload,tgis-bam,Alan,385547.85846411606
2024-07-31 07:13:45.203999996,tgi_request_inference_duration_sum,http,10.128.4.201:3000,tgis-bam,fmaas-monitoring,bloom-v3,openshift-user-workload-monitoring/user-workload,tgis-bam,Alan,386220.67869989906
2024-07-31 07:13:50.203999996,tgi_request_inference_duration_sum,http,10.128.4.201:3000,tgis-bam,fmaas-monitoring,bloom-v3,openshift-user-workload-monitoring/user-workload,tgis-bam,Alan,386893.794192472
2024-07-31 07:13:55.203999996,tgi_request_inference_duration_sum,http,10.128.4.201:3000,tgis-bam,fmaas-monitoring,bloom-v3,openshift-user-workload-monitoring/user-workload,tgis-bam,Alan,387758.17323693103
2024-07-31 07:14:00.203999996,tgi_request_inference_duration_sum,http,10.128.4.201:3000,tgis-bam,fmaas-monitoring,bloom-v3,openshift-user-workload-monitoring/user-workload,tgis-bam,Alan,388404.86618832103
2024-07-31 07:14:05.203999996,tgi_request_inference_duration_sum,http,10.128.4.201:3000,tgis-bam,fmaas-monitoring,bloom-v3,openshift-user-workload-monitoring/user-workload,tgis-bam,Alan,389370.333613175
2024-07-31 07:14:10.203999996,tgi_request_inference_duration_sum,http,10.128.4.201:3000,tgis-bam,fmaas-monitoring,bloom-v3,openshift-user-workload-monitoring/user-workload,tgis-bam,Alan,389975.168902387
2024-07-31 07:14:15.203999996,tgi_request_inference_duration_sum,http,10.128.4.201:3000,tgis-bam,fmaas-monitoring,bloom-v3,openshift-user-workload-monitoring/user-workload,tgis-bam,Alan,390810.715526356
2024-07-31 07:14:20.203999996,tgi_request_inference_duration_sum,http,10.128.4.201:3000,tgis-bam,fmaas-monitoring,bloom-v3,openshift-user-workload-monitoring/user-workload,tgis-bam,Alan,391679.422925128
2024-07-31 07:14:25.203999996,tgi_request_inference_duration_sum,http,10.128.4.201:3000,tgis-bam,fmaas-monitoring,bloom-v3,openshift-user-workload-monitoring/user-workload,tgis-bam,Alan,392572.08870921604
2024-07-31 07:14:30.203999996,tgi_request_inference_duration_sum,http,10.128.4.201:3000,tgis-bam,fmaas-monitoring,bloom-v3,openshift-user-workload-monitoring/user-workload,tgis-bam,Alan,393362.40455182706
2024-07-31 07:14:35.203999996,tgi_request_inference_duration_sum,http,10.128.4.201:3000,tgis-bam,fmaas-monitoring,bloom-v3,openshift-user-workload-monitoring/user-workload,tgis-bam,Alan,393911.3739456321
2024-07-31 07:14:40.203999996,tgi_request_inference_duration_sum,http,10.128.4.201:3000,tgis-bam,fmaas-monitoring,bloom-v3,openshift-user-workload-monitoring/user-workload,tgis-bam,Alan,394831.0625217511
2024-07-31 07:14:45.210000038,tgi_request_inference_duration_sum,http,10.128.4.201:3000,tgis-bam,fmaas-monitoring,bloom-v3,openshift-user-workload-monitoring/user-workload,tgis-bam,Alan,395607.1428641691
2024-07-31 07:14:50.203999996,tgi_request_inference_duration_sum,http,10.128.4.201:3000,tgis-bam,fmaas-monitoring,bloom-v3,openshift-user-workload-monitoring/user-workload,tgis-bam,Alan,396381.4157274671
2024-07-31 07:14:55.203999996,tgi_request_inference_duration_sum,http,10.128.4.201:3000,tgis-bam,fmaas-monitoring,bloom-v3,openshift-user-workload-monitoring/user-workload,tgis-bam,Alan,397185.17618273204
2024-07-31 07:15:00.203999996,tgi_request_inference_duration_sum,http,10.128.4.201:3000,tgis-bam,fmaas-monitoring,bloom-v3,openshift-user-workload-monitoring/user-workload,tgis-bam,Alan,397802.58689979505
2024-07-31 07:15:05.203999996,tgi_request_inference_duration_sum,http,10.128.4.201:3000,tgis-bam,fmaas-monitoring,bloom-v3,openshift-user-workload-monitoring/user-workload,tgis-bam,Alan,398831.797105821
2024-07-31 07:15:10.203999996,tgi_request_inference_duration_sum,http,10.128.4.201:3000,tgis-bam,fmaas-monitoring,bloom-v3,openshift-user-workload-monitoring/user-workload,tgis-bam,Alan,399433.28927279
2024-07-31 07:15:15.203999996,tgi_request_inference_duration_sum,http,10.128.4.201:3000,tgis-bam,fmaas-monitoring,bloom-v3,openshift-user-workload-monitoring/user-workload,tgis-bam,Alan,400260.051548417
2024-07-31 07:15:20.203999996,tgi_request_inference_duration_sum,http,10.128.4.201:3000,tgis-bam,fmaas-monitoring,bloom-v3,openshift-user-workload-monitoring/user-workload,tgis-bam,Alan,401126.68542753404
2024-07-31 07:15:25.203999996,tgi_request_inference_duration_sum,http,10.128.4.201:3000,tgis-bam,fmaas-monitoring,bloom-v3,openshift-user-workload-monitoring/user-workload,tgis-bam,Alan,401748.701683611
2024-07-31 07:15:30.203999996,tgi_request_inference_duration_sum,http,10.128.4.201:3000,tgis-bam,fmaas-monitoring,bloom-v3,openshift-user-workload-monitoring/user-workload,tgis-bam,Alan,402445.42814895505
2024-07-31 07:15:35.203999996,tgi_request_inference_duration_sum,http,10.128.4.201:3000,tgis-bam,fmaas-monitoring,bloom-v3,openshift-user-workload-monitoring/user-workload,tgis-bam,Alan,403429.80328782205
2024-07-31 07:15:40.203999996,tgi_request_inference_duration_sum,http,10.128.4.201:3000,tgis-bam,fmaas-monitoring,bloom-v3,openshift-user-workload-monitoring/user-workload,tgis-bam,Alan,404076.2070506611
2024-07-31 07:15:45.203999996,tgi_request_inference_duration_sum,http,10.128.4.201:3000,tgis-bam,fmaas-monitoring,bloom-v3,openshift-user-workload-monitoring/user-workload,tgis-bam,Alan,404877.1342286371
2024-07-31 07:15:50.203999996,tgi_request_inference_duration_sum,http,10.128.4.201:3000,tgis-bam,fmaas-monitoring,bloom-v3,openshift-user-workload-monitoring/user-workload,tgis-bam,Alan,405482.5119575411
2024-07-31 07:15:55.203999996,tgi_request_inference_duration_sum,http,10.128.4.201:3000,tgis-bam,fmaas-monitoring,bloom-v3,openshift-user-workload-monitoring/user-workload,tgis-bam,Alan,406250.97025894007
2024-07-31 07:16:00.203999996,tgi_request_inference_duration_sum,http,10.128.4.201:3000,tgis-bam,fmaas-monitoring,bloom-v3,openshift-user-workload-monitoring/user-workload,tgis-bam,Alan,407086.94422124006
2024-07-31 07:16:05.203999996,tgi_request_inference_duration_sum,http,10.128.4.201:3000,tgis-bam,fmaas-monitoring,bloom-v3,openshift-user-workload-monitoring/user-workload,tgis-bam,Alan,407989.2665567641
2024-07-31 07:16:10.203999996,tgi_request_inference_duration_sum,http,10.128.4.201:3000,tgis-bam,fmaas-monitoring,bloom-v3,openshift-user-workload-monitoring/user-workload,tgis-bam,Alan,408798.1505593111
2024-07-31 07:16:15.203999996,tgi_request_inference_duration_sum,http,10.128.4.201:3000,tgis-bam,fmaas-monitoring,bloom-v3,openshift-user-workload-monitoring/user-workload,tgis-bam,Alan,409533.3702843321
2024-07-31 07:16:20.203999996,tgi_request_inference_duration_sum,http,10.128.4.201:3000,tgis-bam,fmaas-monitoring,bloom-v3,openshift-user-workload-monitoring/user-workload,tgis-bam,Alan,410403.89291813306
2024-07-31 07:16:25.203999996,tgi_request_inference_duration_sum,http,10.128.4.201:3000,tgis-bam,fmaas-monitoring,bloom-v3,openshift-user-workload-monitoring/user-workload,tgis-bam,Alan,411071.3915676441
2024-07-31 07:16:30.203999996,tgi_request_inference_duration_sum,http,10.128.4.201:3000,tgis-bam,fmaas-monitoring,bloom-v3,openshift-user-workload-monitoring/user-workload,tgis-bam,Alan,411949.61849205906
2024-07-31 07:16:35.203999996,tgi_request_inference_duration_sum,http,10.128.4.201:3000,tgis-bam,fmaas-monitoring,bloom-v3,openshift-user-workload-monitoring/user-workload,tgis-bam,Alan,412724.5109931481
2024-07-31 07:16:40.203999996,tgi_request_inference_duration_sum,http,10.128.4.201:3000,tgis-bam,fmaas-monitoring,bloom-v3,openshift-user-workload-monitoring/user-workload,tgis-bam,Alan,413240.63991110306
2024-07-31 07:16:45.216000080,tgi_request_inference_duration_sum,http,10.128.4.201:3000,tgis-bam,fmaas-monitoring,bloom-v3,openshift-user-workload-monitoring/user-workload,tgis-bam,Alan,414187.7204872931
2024-07-31 07:16:50.203999996,tgi_request_inference_duration_sum,http,10.128.4.201:3000,tgis-bam,fmaas-monitoring,bloom-v3,openshift-user-workload-monitoring/user-workload,tgis-bam,Alan,414783.3604674231
2024-07-31 07:16:55.203999996,tgi_request_inference_duration_sum,http,10.128.4.201:3000,tgis-bam,fmaas-monitoring,bloom-v3,openshift-user-workload-monitoring/user-workload,tgis-bam,Alan,415946.6579064091
2024-07-31 07:17:00.203999996,tgi_request_inference_duration_sum,http,10.128.4.201:3000,tgis-bam,fmaas-monitoring,bloom-v3,openshift-user-workload-monitoring/user-workload,tgis-bam,Alan,416606.3492538111
2024-07-31 07:17:05.203999996,tgi_request_inference_duration_sum,http,10.128.4.201:3000,tgis-bam,fmaas-monitoring,bloom-v3,openshift-user-workload-monitoring/user-workload,tgis-bam,Alan,417159.4922813951
2024-07-31 07:17:10.213000059,tgi_request_inference_duration_sum,http,10.128.4.201:3000,tgis-bam,fmaas-monitoring,bloom-v3,openshift-user-workload-monitoring/user-workload,tgis-bam,Alan,418034.97161477315
2024-07-31 07:17:15.203999996,tgi_request_inference_duration_sum,http,10.128.4.201:3000,tgis-bam,fmaas-monitoring,bloom-v3,openshift-user-workload-monitoring/user-workload,tgis-bam,Alan,418719.9840395281
2024-07-31 07:17:20.203999996,tgi_request_inference_duration_sum,http,10.128.4.201:3000,tgis-bam,fmaas-monitoring,bloom-v3,openshift-user-workload-monitoring/user-workload,tgis-bam,Alan,419563.88356502214
2024-07-31 07:17:25.203999996,tgi_request_inference_duration_sum,http,10.128.4.201:3000,tgis-bam,fmaas-monitoring,bloom-v3,openshift-user-workload-monitoring/user-workload,tgis-bam,Alan,420449.77802353713
2024-07-31 07:17:30.203999996,tgi_request_inference_duration_sum,http,10.128.4.201:3000,tgis-bam,fmaas-monitoring,bloom-v3,openshift-user-workload-monitoring/user-workload,tgis-bam,Alan,421042.68966154516
2024-07-31 07:17:35.203999996,tgi_request_inference_duration_sum,http,10.128.4.201:3000,tgis-bam,fmaas-monitoring,bloom-v3,openshift-user-workload-monitoring/user-workload,tgis-bam,Alan,421887.2398539352
2024-07-31 07:17:40.203999996,tgi_request_inference_duration_sum,http,10.128.4.201:3000,tgis-bam,fmaas-monitoring,bloom-v3,openshift-user-workload-monitoring/user-workload,tgis-bam,Alan,422767.9369242052
2024-07-31 07:17:45.203999996,tgi_request_inference_duration_sum,http,10.128.4.201:3000,tgis-bam,fmaas-monitoring,bloom-v3,openshift-user-workload-monitoring/user-workload,tgis-bam,Alan,423483.6918238382
2024-07-31 07:17:50.203999996,tgi_request_inference_duration_sum,http,10.128.4.201:3000,tgis-bam,fmaas-monitoring,bloom-v3,openshift-user-workload-monitoring/user-workload,tgis-bam,Alan,424410.48216918524
2024-07-31 07:17:55.203999996,tgi_request_inference_duration_sum,http,10.128.4.201:3000,tgis-bam,fmaas-monitoring,bloom-v3,openshift-user-workload-monitoring/user-workload,tgis-bam,Alan,425189.43423395726
2024-07-31 07:18:00.203999996,tgi_request_inference_duration_sum,http,10.128.4.201:3000,tgis-bam,fmaas-monitoring,bloom-v3,openshift-user-workload-monitoring/user-workload,tgis-bam,Alan,425724.94631913526
2024-07-31 07:18:05.203999996,tgi_request_inference_duration_sum,http,10.128.4.201:3000,tgis-bam,fmaas-monitoring,bloom-v3,openshift-user-workload-monitoring/user-workload,tgis-bam,Alan,426579.3762712133
2024-07-31 07:18:10.203999996,tgi_request_inference_duration_sum,http,10.128.4.201:3000,tgis-bam,fmaas-monitoring,bloom-v3,openshift-user-workload-monitoring/user-workload,tgis-bam,Alan,427383.3352494453
2024-07-31 07:18:15.203999996,tgi_request_inference_duration_sum,http,10.128.4.201:3000,tgis-bam,fmaas-monitoring,bloom-v3,openshift-user-workload-monitoring/user-workload,tgis-bam,Alan,428230.2990150313
2024-07-31 07:18:20.203999996,tgi_request_inference_duration_sum,http,10.128.4.201:3000,tgis-bam,fmaas-monitoring,bloom-v3,openshift-user-workload-monitoring/user-workload,tgis-bam,Alan,429050.5271915843
2024-07-31 07:18:25.203999996,tgi_request_inference_duration_sum,http,10.128.4.201:3000,tgis-bam,fmaas-monitoring,bloom-v3,openshift-user-workload-monitoring/user-workload,tgis-bam,Alan,429682.9614462213
2024-07-31 07:18:30.203999996,tgi_request_inference_duration_sum,http,10.128.4.201:3000,tgis-bam,fmaas-monitoring,bloom-v3,openshift-user-workload-monitoring/user-workload,tgis-bam,Alan,430685.45647266327
2024-07-31 07:18:35.203999996,tgi_request_inference_duration_sum,http,10.128.4.201:3000,tgis-bam,fmaas-monitoring,bloom-v3,openshift-user-workload-monitoring/user-workload,tgis-bam,Alan,431208.73892449425
2024-07-31 07:18:40.203999996,tgi_request_inference_duration_sum,http,10.128.4.201:3000,tgis-bam,fmaas-monitoring,bloom-v3,openshift-user-workload-monitoring/user-workload,tgis-bam,Alan,432077.4644569862
2024-07-31 07:18:45.203999996,tgi_request_inference_duration_sum,http,10.128.4.201:3000,tgis-bam,fmaas-monitoring,bloom-v3,openshift-user-workload-monitoring/user-workload,tgis-bam,Alan,432757.22671613924
2024-07-31 07:18:50.203999996,tgi_request_inference_duration_sum,http,10.128.4.201:3000,tgis-bam,fmaas-monitoring,bloom-v3,openshift-user-workload-monitoring/user-workload,tgis-bam,Alan,433559.5228751152
2024-07-31 07:18:55.210000038,tgi_request_inference_duration_sum,http,10.128.4.201:3000,tgis-bam,fmaas-monitoring,bloom-v3,openshift-user-workload-monitoring/user-workload,tgis-bam,Alan,434478.8403301172
2024-07-31 07:19:00.203999996,tgi_request_inference_duration_sum,http,10.128.4.201:3000,tgis-bam,fmaas-monitoring,bloom-v3,openshift-user-workload-monitoring/user-workload,tgis-bam,Alan,435184.2530385602
2024-07-31 07:19:05.203999996,tgi_request_inference_duration_sum,http,10.128.4.201:3000,tgis-bam,fmaas-monitoring,bloom-v3,openshift-user-workload-monitoring/user-workload,tgis-bam,Alan,435923.88761765824
2024-07-31 07:19:10.203999996,tgi_request_inference_duration_sum,http,10.128.4.201:3000,tgis-bam,fmaas-monitoring,bloom-v3,openshift-user-workload-monitoring/user-workload,tgis-bam,Alan,436627.68802674225
2024-07-31 07:19:15.203999996,tgi_request_inference_duration_sum,http,10.128.4.201:3000,tgis-bam,fmaas-monitoring,bloom-v3,openshift-user-workload-monitoring/user-workload,tgis-bam,Alan,437411.4767509932
2024-07-31 07:19:20.203999996,tgi_request_inference_duration_sum,http,10.128.4.201:3000,tgis-bam,fmaas-monitoring,bloom-v3,openshift-user-workload-monitoring/user-workload,tgis-bam,Alan,438352.00117738725
2024-07-31 07:19:25.203999996,tgi_request_inference_duration_sum,http,10.128.4.201:3000,tgis-bam,fmaas-monitoring,bloom-v3,openshift-user-workload-monitoring/user-workload,tgis-bam,Alan,439170.06269501126
2024-07-31 07:19:30.203999996,tgi_request_inference_duration_sum,http,10.128.4.201:3000,tgis-bam,fmaas-monitoring,bloom-v3,openshift-user-workload-monitoring/user-workload,tgis-bam,Alan,439893.23544744024
2024-07-31 07:19:35.203999996,tgi_request_inference_duration_sum,http,10.128.4.201:3000,tgis-bam,fmaas-monitoring,bloom-v3,openshift-user-workload-monitoring/user-workload,tgis-bam,Alan,440710.48920095625
2024-07-31 07:19:40.203999996,tgi_request_inference_duration_sum,http,10.128.4.201:3000,tgis-bam,fmaas-monitoring,bloom-v3,openshift-user-workload-monitoring/user-workload,tgis-bam,Alan,441420.4032311953
2024-07-31 07:19:45.203999996,tgi_request_inference_duration_sum,http,10.128.4.201:3000,tgis-bam,fmaas-monitoring,bloom-v3,openshift-user-workload-monitoring/user-workload,tgis-bam,Alan,442220.43374201027
2024-07-31 07:19:50.203999996,tgi_request_inference_duration_sum,http,10.128.4.201:3000,tgis-bam,fmaas-monitoring,bloom-v3,openshift-user-workload-monitoring/user-workload,tgis-bam,Alan,443036.72993183223
2024-07-31 07:19:55.211999893,tgi_request_inference_duration_sum,http,10.128.4.201:3000,tgis-bam,fmaas-monitoring,bloom-v3,openshift-user-workload-monitoring/user-workload,tgis-bam,Alan,443789.5582402182
2024-07-31 07:20:00.203999996,tgi_request_inference_duration_sum,http,10.128.4.201:3000,tgis-bam,fmaas-monitoring,bloom-v3,openshift-user-workload-monitoring/user-workload,tgis-bam,Alan,444477.49329467723
2024-07-31 07:20:05.203999996,tgi_request_inference_duration_sum,http,10.128.4.201:3000,tgis-bam,fmaas-monitoring,bloom-v3,openshift-user-workload-monitoring/user-workload,tgis-bam,Alan,445430.5692291592
2024-07-31 07:20:10.203999996,tgi_request_inference_duration_sum,http,10.128.4.201:3000,tgis-bam,fmaas-monitoring,bloom-v3,openshift-user-workload-monitoring/user-workload,tgis-bam,Alan,446172.0232934722
2024-07-31 07:20:15.203999996,tgi_request_inference_duration_sum,http,10.128.4.201:3000,tgis-bam,fmaas-monitoring,bloom-v3,openshift-user-workload-monitoring/user-workload,tgis-bam,Alan,447009.1616395932
2024-07-31 07:20:20.203999996,tgi_request_inference_duration_sum,http,10.128.4.201:3000,tgis-bam,fmaas-monitoring,bloom-v3,openshift-user-workload-monitoring/user-workload,tgis-bam,Alan,447613.3300793192
2024-07-31 07:20:25.203999996,tgi_request_inference_duration_sum,http,10.128.4.201:3000,tgis-bam,fmaas-monitoring,bloom-v3,openshift-user-workload-monitoring/user-workload,tgis-bam,Alan,448358.0056221182
2024-07-31 07:20:30.203999996,tgi_request_inference_duration_sum,http,10.128.4.201:3000,tgis-bam,fmaas-monitoring,bloom-v3,openshift-user-workload-monitoring/user-workload,tgis-bam,Alan,449098.2456622922
2024-07-31 07:20:35.203999996,tgi_request_inference_duration_sum,http,10.128.4.201:3000,tgis-bam,fmaas-monitoring,bloom-v3,openshift-user-workload-monitoring/user-workload,tgis-bam,Alan,450171.90140770515
2024-07-31 07:20:40.203999996,tgi_request_inference_duration_sum,http,10.128.4.201:3000,tgis-bam,fmaas-monitoring,bloom-v3,openshift-user-workload-monitoring/user-workload,tgis-bam,Alan,450955.39670775016
2024-07-31 07:20:45.203999996,tgi_request_inference_duration_sum,http,10.128.4.201:3000,tgis-bam,fmaas-monitoring,bloom-v3,openshift-user-workload-monitoring/user-workload,tgis-bam,Alan,451808.03977924417
2024-07-31 07:20:50.203999996,tgi_request_inference_duration_sum,http,10.128.4.201:3000,tgis-bam,fmaas-monitoring,bloom-v3,openshift-user-workload-monitoring/user-workload,tgis-bam,Alan,452370.52134344017
2024-07-31 07:20:55.203999996,tgi_request_inference_duration_sum,http,10.128.4.201:3000,tgis-bam,fmaas-monitoring,bloom-v3,openshift-user-workload-monitoring/user-workload,tgis-bam,Alan,453071.24601107114
2024-07-31 07:21:00.203999996,tgi_request_inference_duration_sum,http,10.128.4.201:3000,tgis-bam,fmaas-monitoring,bloom-v3,openshift-user-workload-monitoring/user-workload,tgis-bam,Alan,454015.04171945417
2024-07-31 07:21:05.203999996,tgi_request_inference_duration_sum,http,10.128.4.201:3000,tgis-bam,fmaas-monitoring,bloom-v3,openshift-user-workload-monitoring/user-workload,tgis-bam,Alan,454778.35586736817
2024-07-31 07:21:10.203999996,tgi_request_inference_duration_sum,http,10.128.4.201:3000,tgis-bam,fmaas-monitoring,bloom-v3,openshift-user-workload-monitoring/user-workload,tgis-bam,Alan,455913.71023351914
2024-07-31 07:21:15.203999996,tgi_request_inference_duration_sum,http,10.128.4.201:3000,tgis-bam,fmaas-monitoring,bloom-v3,openshift-user-workload-monitoring/user-workload,tgis-bam,Alan,456264.70322862617
2024-07-31 07:21:20.203999996,tgi_request_inference_duration_sum,http,10.128.4.201:3000,tgis-bam,fmaas-monitoring,bloom-v3,openshift-user-workload-monitoring/user-workload,tgis-bam,Alan,456843.99794297817
2024-07-31 07:21:25.203999996,tgi_request_inference_duration_sum,http,10.128.4.201:3000,tgis-bam,fmaas-monitoring,bloom-v3,openshift-user-workload-monitoring/user-workload,tgis-bam,Alan,457995.93105646817
2024-07-31 07:21:30.203999996,tgi_request_inference_duration_sum,http,10.128.4.201:3000,tgis-bam,fmaas-monitoring,bloom-v3,openshift-user-workload-monitoring/user-workload,tgis-bam,Alan,458577.3918208692
2024-07-31 07:21:35.203999996,tgi_request_inference_duration_sum,http,10.128.4.201:3000,tgis-bam,fmaas-monitoring,bloom-v3,openshift-user-workload-monitoring/user-workload,tgis-bam,Alan,459735.3435239992
2024-07-31 07:21:40.203999996,tgi_request_inference_duration_sum,http,10.128.4.201:3000,tgis-bam,fmaas-monitoring,bloom-v3,openshift-user-workload-monitoring/user-workload,tgis-bam,Alan,460088.85074566724
2024-07-31 07:21:45.203999996,tgi_request_inference_duration_sum,http,10.128.4.201:3000,tgis-bam,fmaas-monitoring,bloom-v3,openshift-user-workload-monitoring/user-workload,tgis-bam,Alan,461087.83834187523
2024-07-31 07:21:50.203999996,tgi_request_inference_duration_sum,http,10.128.4.201:3000,tgis-bam,fmaas-monitoring,bloom-v3,openshift-user-workload-monitoring/user-workload,tgis-bam,Alan,461865.75326424924
2024-07-31 07:21:55.203999996,tgi_request_inference_duration_sum,http,10.128.4.201:3000,tgis-bam,fmaas-monitoring,bloom-v3,openshift-user-workload-monitoring/user-workload,tgis-bam,Alan,462621.0320228303
2024-07-31 07:22:00.203999996,tgi_request_inference_duration_sum,http,10.128.4.201:3000,tgis-bam,fmaas-monitoring,bloom-v3,openshift-user-workload-monitoring/user-workload,tgis-bam,Alan,463539.3502371183
2024-07-31 07:22:05.203999996,tgi_request_inference_duration_sum,http,10.128.4.201:3000,tgis-bam,fmaas-monitoring,bloom-v3,openshift-user-workload-monitoring/user-workload,tgis-bam,Alan,464207.6169389363
2024-07-31 07:22:10.213000059,tgi_request_inference_duration_sum,http,10.128.4.201:3000,tgis-bam,fmaas-monitoring,bloom-v3,openshift-user-workload-monitoring/user-workload,tgis-bam,Alan,465332.6673851323
2024-07-31 07:22:15.203999996,tgi_request_inference_duration_sum,http,10.128.4.201:3000,tgis-bam,fmaas-monitoring,bloom-v3,openshift-user-workload-monitoring/user-workload,tgis-bam,Alan,465823.2054458243
2024-07-31 07:22:20.203999996,tgi_request_inference_duration_sum,http,10.128.4.201:3000,tgis-bam,fmaas-monitoring,bloom-v3,openshift-user-workload-monitoring/user-workload,tgis-bam,Alan,466699.9804142353
2024-07-31 07:22:25.203999996,tgi_request_inference_duration_sum,http,10.128.4.201:3000,tgis-bam,fmaas-monitoring,bloom-v3,openshift-user-workload-monitoring/user-workload,tgis-bam,Alan,467375.5879194593
2024-07-31 07:22:30.203999996,tgi_request_inference_duration_sum,http,10.128.4.201:3000,tgis-bam,fmaas-monitoring,bloom-v3,openshift-user-workload-monitoring/user-workload,tgis-bam,Alan,468018.4264044113
2024-07-31 07:22:35.203999996,tgi_request_inference_duration_sum,http,10.128.4.201:3000,tgis-bam,fmaas-monitoring,bloom-v3,openshift-user-workload-monitoring/user-workload,tgis-bam,Alan,469084.6371274233
2024-07-31 07:22:40.203999996,tgi_request_inference_duration_sum,http,10.128.4.201:3000,tgis-bam,fmaas-monitoring,bloom-v3,openshift-user-workload-monitoring/user-workload,tgis-bam,Alan,469682.7710406053
2024-07-31 07:22:45.203999996,tgi_request_inference_duration_sum,http,10.128.4.201:3000,tgis-bam,fmaas-monitoring,bloom-v3,openshift-user-workload-monitoring/user-workload,tgis-bam,Alan,470437.70760964835
2024-07-31 07:22:50.203999996,tgi_request_inference_duration_sum,http,10.128.4.201:3000,tgis-bam,fmaas-monitoring,bloom-v3,openshift-user-workload-monitoring/user-workload,tgis-bam,Alan,471312.43712903437
2024-07-31 07:22:55.203999996,tgi_request_inference_duration_sum,http,10.128.4.201:3000,tgis-bam,fmaas-monitoring,bloom-v3,openshift-user-workload-monitoring/user-workload,tgis-bam,Alan,471957.37441390037
2024-07-31 07:23:00.203999996,tgi_request_inference_duration_sum,http,10.128.4.201:3000,tgis-bam,fmaas-monitoring,bloom-v3,openshift-user-workload-monitoring/user-workload,tgis-bam,Alan,472648.27777180535
2024-07-31 07:23:05.203999996,tgi_request_inference_duration_sum,http,10.128.4.201:3000,tgis-bam,fmaas-monitoring,bloom-v3,openshift-user-workload-monitoring/user-workload,tgis-bam,Alan,473488.20649239834
2024-07-31 07:23:10.203999996,tgi_request_inference_duration_sum,http,10.128.4.201:3000,tgis-bam,fmaas-monitoring,bloom-v3,openshift-user-workload-monitoring/user-workload,tgis-bam,Alan,474133.68811678933
2024-07-31 07:23:15.203999996,tgi_request_inference_duration_sum,http,10.128.4.201:3000,tgis-bam,fmaas-monitoring,bloom-v3,openshift-user-workload-monitoring/user-workload,tgis-bam,Alan,475114.1601964723
2024-07-31 07:23:20.203999996,tgi_request_inference_duration_sum,http,10.128.4.201:3000,tgis-bam,fmaas-monitoring,bloom-v3,openshift-user-workload-monitoring/user-workload,tgis-bam,Alan,475842.3385793203
2024-07-31 07:23:25.203999996,tgi_request_inference_duration_sum,http,10.128.4.201:3000,tgis-bam,fmaas-monitoring,bloom-v3,openshift-user-workload-monitoring/user-workload,tgis-bam,Alan,476697.3729758903
2024-07-31 07:23:30.203999996,tgi_request_inference_duration_sum,http,10.128.4.201:3000,tgis-bam,fmaas-monitoring,bloom-v3,openshift-user-workload-monitoring/user-workload,tgis-bam,Alan,477407.58390218427
2024-07-31 07:23:35.203999996,tgi_request_inference_duration_sum,http,10.128.4.201:3000,tgis-bam,fmaas-monitoring,bloom-v3,openshift-user-workload-monitoring/user-workload,tgis-bam,Alan,478158.2918995403
2024-07-31 07:23:40.203999996,tgi_request_inference_duration_sum,http,10.128.4.201:3000,tgis-bam,fmaas-monitoring,bloom-v3,openshift-user-workload-monitoring/user-workload,tgis-bam,Alan,478952.6422413373
2024-07-31 07:23:45.203999996,tgi_request_inference_duration_sum,http,10.128.4.201:3000,tgis-bam,fmaas-monitoring,bloom-v3,openshift-user-workload-monitoring/user-workload,tgis-bam,Alan,479717.5513005173
2024-07-31 07:23:50.203999996,tgi_request_inference_duration_sum,http,10.128.4.201:3000,tgis-bam,fmaas-monitoring,bloom-v3,openshift-user-workload-monitoring/user-workload,tgis-bam,Alan,480455.7442765533
2024-07-31 07:23:55.203999996,tgi_request_inference_duration_sum,http,10.128.4.201:3000,tgis-bam,fmaas-monitoring,bloom-v3,openshift-user-workload-monitoring/user-workload,tgis-bam,Alan,481154.95186346327
2024-07-31 07:24:00.203999996,tgi_request_inference_duration_sum,http,10.128.4.201:3000,tgis-bam,fmaas-monitoring,bloom-v3,openshift-user-workload-monitoring/user-workload,tgis-bam,Alan,481959.25759186526
2024-07-31 07:24:05.203999996,tgi_request_inference_duration_sum,http,10.128.4.201:3000,tgis-bam,fmaas-monitoring,bloom-v3,openshift-user-workload-monitoring/user-workload,tgis-bam,Alan,482863.06974763726
2024-07-31 07:24:10.203999996,tgi_request_inference_duration_sum,http,10.128.4.201:3000,tgis-bam,fmaas-monitoring,bloom-v3,openshift-user-workload-monitoring/user-workload,tgis-bam,Alan,483697.95738910424
2024-07-31 07:24:15.203999996,tgi_request_inference_duration_sum,http,10.128.4.201:3000,tgis-bam,fmaas-monitoring,bloom-v3,openshift-user-workload-monitoring/user-workload,tgis-bam,Alan,484502.9554068222
2024-07-31 07:24:20.203999996,tgi_request_inference_duration_sum,http,10.128.4.201:3000,tgis-bam,fmaas-monitoring,bloom-v3,openshift-user-workload-monitoring/user-workload,tgis-bam,Alan,485234.1021597222
2024-07-31 07:24:25.203999996,tgi_request_inference_duration_sum,http,10.128.4.201:3000,tgis-bam,fmaas-monitoring,bloom-v3,openshift-user-workload-monitoring/user-workload,tgis-bam,Alan,486021.9991535932
2024-07-31 07:24:30.203999996,tgi_request_inference_duration_sum,http,10.128.4.201:3000,tgis-bam,fmaas-monitoring,bloom-v3,openshift-user-workload-monitoring/user-workload,tgis-bam,Alan,486800.6437863442
2024-07-31 07:24:35.203999996,tgi_request_inference_duration_sum,http,10.128.4.201:3000,tgis-bam,fmaas-monitoring,bloom-v3,openshift-user-workload-monitoring/user-workload,tgis-bam,Alan,487584.6284449562
2024-07-31 07:24:40.203999996,tgi_request_inference_duration_sum,http,10.128.4.201:3000,tgis-bam,fmaas-monitoring,bloom-v3,openshift-user-workload-monitoring/user-workload,tgis-bam,Alan,488355.0781201342
2024-07-31 07:24:45.203999996,tgi_request_inference_duration_sum,http,10.128.4.201:3000,tgis-bam,fmaas-monitoring,bloom-v3,openshift-user-workload-monitoring/user-workload,tgis-bam,Alan,489139.9296706152
2024-07-31 07:24:50.203999996,tgi_request_inference_duration_sum,http,10.128.4.201:3000,tgis-bam,fmaas-monitoring,bloom-v3,openshift-user-workload-monitoring/user-workload,tgis-bam,Alan,490074.6058319862
2024-07-31 07:24:55.203999996,tgi_request_inference_duration_sum,http,10.128.4.201:3000,tgis-bam,fmaas-monitoring,bloom-v3,openshift-user-workload-monitoring/user-workload,tgis-bam,Alan,490759.7811301772
2024-07-31 07:25:00.203999996,tgi_request_inference_duration_sum,http,10.128.4.201:3000,tgis-bam,fmaas-monitoring,bloom-v3,openshift-user-workload-monitoring/user-workload,tgis-bam,Alan,491494.9990197652
2024-07-31 07:25:05.203999996,tgi_request_inference_duration_sum,http,10.128.4.201:3000,tgis-bam,fmaas-monitoring,bloom-v3,openshift-user-workload-monitoring/user-workload,tgis-bam,Alan,492229.3546877982
2024-07-31 07:25:10.203999996,tgi_request_inference_duration_sum,http,10.128.4.201:3000,tgis-bam,fmaas-monitoring,bloom-v3,openshift-user-workload-monitoring/user-workload,tgis-bam,Alan,493047.2081933462
2024-07-31 07:25:15.203999996,tgi_request_inference_duration_sum,http,10.128.4.201:3000,tgis-bam,fmaas-monitoring,bloom-v3,openshift-user-workload-monitoring/user-workload,tgis-bam,Alan,494049.6425320522
2024-07-31 07:25:20.203999996,tgi_request_inference_duration_sum,http,10.128.4.201:3000,tgis-bam,fmaas-monitoring,bloom-v3,openshift-user-workload-monitoring/user-workload,tgis-bam,Alan,494807.8284197732
2024-07-31 07:25:25.203999996,tgi_request_inference_duration_sum,http,10.128.4.201:3000,tgis-bam,fmaas-monitoring,bloom-v3,openshift-user-workload-monitoring/user-workload,tgis-bam,Alan,495382.4676518982
2024-07-31 07:25:30.203999996,tgi_request_inference_duration_sum,http,10.128.4.201:3000,tgis-bam,fmaas-monitoring,bloom-v3,openshift-user-workload-monitoring/user-workload,tgis-bam,Alan,496169.0623449042
2024-07-31 07:25:35.203999996,tgi_request_inference_duration_sum,http,10.128.4.201:3000,tgis-bam,fmaas-monitoring,bloom-v3,openshift-user-workload-monitoring/user-workload,tgis-bam,Alan,496908.54258875316
2024-07-31 07:25:40.203999996,tgi_request_inference_duration_sum,http,10.128.4.201:3000,tgis-bam,fmaas-monitoring,bloom-v3,openshift-user-workload-monitoring/user-workload,tgis-bam,Alan,497944.1041569732
2024-07-31 07:25:45.203999996,tgi_request_inference_duration_sum,http,10.128.4.201:3000,tgis-bam,fmaas-monitoring,bloom-v3,openshift-user-workload-monitoring/user-workload,tgis-bam,Alan,498480.02335106616
2024-07-31 07:25:50.203999996,tgi_request_inference_duration_sum,http,10.128.4.201:3000,tgis-bam,fmaas-monitoring,bloom-v3,openshift-user-workload-monitoring/user-workload,tgis-bam,Alan,499033.43331109115
2024-07-31 07:25:55.203999996,tgi_request_inference_duration_sum,http,10.128.4.201:3000,tgis-bam,fmaas-monitoring,bloom-v3,openshift-user-workload-monitoring/user-workload,tgis-bam,Alan,499953.03638629214
2024-07-31 07:26:00.203999996,tgi_request_inference_duration_sum,http,10.128.4.201:3000,tgis-bam,fmaas-monitoring,bloom-v3,openshift-user-workload-monitoring/user-workload,tgis-bam,Alan,500798.2851813621
2024-07-31 07:26:05.203999996,tgi_request_inference_duration_sum,http,10.128.4.201:3000,tgis-bam,fmaas-monitoring,bloom-v3,openshift-user-workload-monitoring/user-workload,tgis-bam,Alan,501800.3948382021
2024-07-31 07:26:10.203999996,tgi_request_inference_duration_sum,http,10.128.4.201:3000,tgis-bam,fmaas-monitoring,bloom-v3,openshift-user-workload-monitoring/user-workload,tgis-bam,Alan,502617.5618152541
2024-07-31 07:26:15.203999996,tgi_request_inference_duration_sum,http,10.128.4.201:3000,tgis-bam,fmaas-monitoring,bloom-v3,openshift-user-workload-monitoring/user-workload,tgis-bam,Alan,503065.7227727651
2024-07-31 07:26:20.203999996,tgi_request_inference_duration_sum,http,10.128.4.201:3000,tgis-bam,fmaas-monitoring,bloom-v3,openshift-user-workload-monitoring/user-workload,tgis-bam,Alan,503844.5247206741
2024-07-31 07:26:25.203999996,tgi_request_inference_duration_sum,http,10.128.4.201:3000,tgis-bam,fmaas-monitoring,bloom-v3,openshift-user-workload-monitoring/user-workload,tgis-bam,Alan,504506.4327228831
2024-07-31 07:26:30.203999996,tgi_request_inference_duration_sum,http,10.128.4.201:3000,tgis-bam,fmaas-monitoring,bloom-v3,openshift-user-workload-monitoring/user-workload,tgis-bam,Alan,505710.6209976531
2024-07-31 07:26:35.203999996,tgi_request_inference_duration_sum,http,10.128.4.201:3000,tgis-bam,fmaas-monitoring,bloom-v3,openshift-user-workload-monitoring/user-workload,tgis-bam,Alan,506151.0502786061
2024-07-31 07:26:40.203999996,tgi_request_inference_duration_sum,http,10.128.4.201:3000,tgis-bam,fmaas-monitoring,bloom-v3,openshift-user-workload-monitoring/user-workload,tgis-bam,Alan,506984.4568287191
2024-07-31 07:26:45.203999996,tgi_request_inference_duration_sum,http,10.128.4.201:3000,tgis-bam,fmaas-monitoring,bloom-v3,openshift-user-workload-monitoring/user-workload,tgis-bam,Alan,507813.6804059781
2024-07-31 07:26:50.203999996,tgi_request_inference_duration_sum,http,10.128.4.201:3000,tgis-bam,fmaas-monitoring,bloom-v3,openshift-user-workload-monitoring/user-workload,tgis-bam,Alan,508456.5085023791
2024-07-31 07:26:55.203999996,tgi_request_inference_duration_sum,http,10.128.4.201:3000,tgis-bam,fmaas-monitoring,bloom-v3,openshift-user-workload-monitoring/user-workload,tgis-bam,Alan,509587.5329788101
2024-07-31 07:27:00.203999996,tgi_request_inference_duration_sum,http,10.128.4.201:3000,tgis-bam,fmaas-monitoring,bloom-v3,openshift-user-workload-monitoring/user-workload,tgis-bam,Alan,510100.0787044781
2024-07-31 07:27:05.203999996,tgi_request_inference_duration_sum,http,10.128.4.201:3000,tgis-bam,fmaas-monitoring,bloom-v3,openshift-user-workload-monitoring/user-workload,tgis-bam,Alan,510980.5307557851
2024-07-31 07:27:10.203999996,tgi_request_inference_duration_sum,http,10.128.4.201:3000,tgis-bam,fmaas-monitoring,bloom-v3,openshift-user-workload-monitoring/user-workload,tgis-bam,Alan,511615.72425165214
2024-07-31 07:27:15.203999996,tgi_request_inference_duration_sum,http,10.128.4.201:3000,tgis-bam,fmaas-monitoring,bloom-v3,openshift-user-workload-monitoring/user-workload,tgis-bam,Alan,512299.01094922214
2024-07-31 07:27:20.203999996,tgi_request_inference_duration_sum,http,10.128.4.201:3000,tgis-bam,fmaas-monitoring,bloom-v3,openshift-user-workload-monitoring/user-workload,tgis-bam,Alan,513345.31927697314
2024-07-31 07:27:25.203999996,tgi_request_inference_duration_sum,http,10.128.4.201:3000,tgis-bam,fmaas-monitoring,bloom-v3,openshift-user-workload-monitoring/user-workload,tgis-bam,Alan,513964.05865265615
2024-07-31 07:27:30.203999996,tgi_request_inference_duration_sum,http,10.128.4.201:3000,tgis-bam,fmaas-monitoring,bloom-v3,openshift-user-workload-monitoring/user-workload,tgis-bam,Alan,514495.77451835416
2024-07-31 07:27:35.203999996,tgi_request_inference_duration_sum,http,10.128.4.201:3000,tgis-bam,fmaas-monitoring,bloom-v3,openshift-user-workload-monitoring/user-workload,tgis-bam,Alan,515622.7232634181
2024-07-31 07:27:40.203999996,tgi_request_inference_duration_sum,http,10.128.4.201:3000,tgis-bam,fmaas-monitoring,bloom-v3,openshift-user-workload-monitoring/user-workload,tgis-bam,Alan,516275.43443329213
2024-07-31 07:27:45.203999996,tgi_request_inference_duration_sum,http,10.128.4.201:3000,tgis-bam,fmaas-monitoring,bloom-v3,openshift-user-workload-monitoring/user-workload,tgis-bam,Alan,517267.4179437531
2024-07-31 07:27:50.203999996,tgi_request_inference_duration_sum,http,10.128.4.201:3000,tgis-bam,fmaas-monitoring,bloom-v3,openshift-user-workload-monitoring/user-workload,tgis-bam,Alan,517844.9287801011
2024-07-31 07:27:55.203999996,tgi_request_inference_duration_sum,http,10.128.4.201:3000,tgis-bam,fmaas-monitoring,bloom-v3,openshift-user-workload-monitoring/user-workload,tgis-bam,Alan,518446.9609515431
2024-07-31 07:28:00.203999996,tgi_request_inference_duration_sum,http,10.128.4.201:3000,tgis-bam,fmaas-monitoring,bloom-v3,openshift-user-workload-monitoring/user-workload,tgis-bam,Alan,519535.5758991781
2024-07-31 07:28:05.203999996,tgi_request_inference_duration_sum,http,10.128.4.201:3000,tgis-bam,fmaas-monitoring,bloom-v3,openshift-user-workload-monitoring/user-workload,tgis-bam,Alan,520175.2428133881
2024-07-31 07:28:10.203999996,tgi_request_inference_duration_sum,http,10.128.4.201:3000,tgis-bam,fmaas-monitoring,bloom-v3,openshift-user-workload-monitoring/user-workload,tgis-bam,Alan,520801.62624935515
2024-07-31 07:28:15.203999996,tgi_request_inference_duration_sum,http,10.128.4.201:3000,tgis-bam,fmaas-monitoring,bloom-v3,openshift-user-workload-monitoring/user-workload,tgis-bam,Alan,521664.65414596116
2024-07-31 07:28:20.203999996,tgi_request_inference_duration_sum,http,10.128.4.201:3000,tgis-bam,fmaas-monitoring,bloom-v3,openshift-user-workload-monitoring/user-workload,tgis-bam,Alan,522394.0422868482
2024-07-31 07:28:25.203999996,tgi_request_inference_duration_sum,http,10.128.4.201:3000,tgis-bam,fmaas-monitoring,bloom-v3,openshift-user-workload-monitoring/user-workload,tgis-bam,Alan,523376.20893431216
2024-07-31 07:28:30.203999996,tgi_request_inference_duration_sum,http,10.128.4.201:3000,tgis-bam,fmaas-monitoring,bloom-v3,openshift-user-workload-monitoring/user-workload,tgis-bam,Alan,523983.44397933915
2024-07-31 07:28:35.203999996,tgi_request_inference_duration_sum,http,10.128.4.201:3000,tgis-bam,fmaas-monitoring,bloom-v3,openshift-user-workload-monitoring/user-workload,tgis-bam,Alan,524638.0091406872
2024-07-31 07:28:40.203999996,tgi_request_inference_duration_sum,http,10.128.4.201:3000,tgis-bam,fmaas-monitoring,bloom-v3,openshift-user-workload-monitoring/user-workload,tgis-bam,Alan,525670.9039702872
2024-07-31 07:28:45.203999996,tgi_request_inference_duration_sum,http,10.128.4.201:3000,tgis-bam,fmaas-monitoring,bloom-v3,openshift-user-workload-monitoring/user-workload,tgis-bam,Alan,526315.2426113142
2024-07-31 07:28:50.203999996,tgi_request_inference_duration_sum,http,10.128.4.201:3000,tgis-bam,fmaas-monitoring,bloom-v3,openshift-user-workload-monitoring/user-workload,tgis-bam,Alan,527192.5748651702
2024-07-31 07:28:55.203999996,tgi_request_inference_duration_sum,http,10.128.4.201:3000,tgis-bam,fmaas-monitoring,bloom-v3,openshift-user-workload-monitoring/user-workload,tgis-bam,Alan,527894.7607037582
2024-07-31 07:29:00.203999996,tgi_request_inference_duration_sum,http,10.128.4.201:3000,tgis-bam,fmaas-monitoring,bloom-v3,openshift-user-workload-monitoring/user-workload,tgis-bam,Alan,528727.2562589853
2024-07-31 07:29:05.203999996,tgi_request_inference_duration_sum,http,10.128.4.201:3000,tgis-bam,fmaas-monitoring,bloom-v3,openshift-user-workload-monitoring/user-workload,tgis-bam,Alan,529366.8287503812
2024-07-31 07:29:10.203999996,tgi_request_inference_duration_sum,http,10.128.4.201:3000,tgis-bam,fmaas-monitoring,bloom-v3,openshift-user-workload-monitoring/user-workload,tgis-bam,Alan,530121.1747204711
2024-07-31 07:29:15.203999996,tgi_request_inference_duration_sum,http,10.128.4.201:3000,tgis-bam,fmaas-monitoring,bloom-v3,openshift-user-workload-monitoring/user-workload,tgis-bam,Alan,531088.9755926562
2024-07-31 07:29:20.203999996,tgi_request_inference_duration_sum,http,10.128.4.201:3000,tgis-bam,fmaas-monitoring,bloom-v3,openshift-user-workload-monitoring/user-workload,tgis-bam,Alan,531774.4182488732
2024-07-31 07:29:25.203999996,tgi_request_inference_duration_sum,http,10.128.4.201:3000,tgis-bam,fmaas-monitoring,bloom-v3,openshift-user-workload-monitoring/user-workload,tgis-bam,Alan,532738.1674066582
2024-07-31 07:29:30.203999996,tgi_request_inference_duration_sum,http,10.128.4.201:3000,tgis-bam,fmaas-monitoring,bloom-v3,openshift-user-workload-monitoring/user-workload,tgis-bam,Alan,533448.4565301982
2024-07-31 07:29:35.203999996,tgi_request_inference_duration_sum,http,10.128.4.201:3000,tgis-bam,fmaas-monitoring,bloom-v3,openshift-user-workload-monitoring/user-workload,tgis-bam,Alan,534313.3412805172
2024-07-31 07:29:40.203999996,tgi_request_inference_duration_sum,http,10.128.4.201:3000,tgis-bam,fmaas-monitoring,bloom-v3,openshift-user-workload-monitoring/user-workload,tgis-bam,Alan,535054.6840487232
2024-07-31 07:29:45.203999996,tgi_request_inference_duration_sum,http,10.128.4.201:3000,tgis-bam,fmaas-monitoring,bloom-v3,openshift-user-workload-monitoring/user-workload,tgis-bam,Alan,535835.0607100992
2024-07-31 07:29:50.203999996,tgi_request_inference_duration_sum,http,10.128.4.201:3000,tgis-bam,fmaas-monitoring,bloom-v3,openshift-user-workload-monitoring/user-workload,tgis-bam,Alan,536782.3942436342
2024-07-31 07:29:55.203999996,tgi_request_inference_duration_sum,http,10.128.4.201:3000,tgis-bam,fmaas-monitoring,bloom-v3,openshift-user-workload-monitoring/user-workload,tgis-bam,Alan,537493.7463926832
2024-07-31 07:30:00.203999996,tgi_request_inference_duration_sum,http,10.128.4.201:3000,tgis-bam,fmaas-monitoring,bloom-v3,openshift-user-workload-monitoring/user-workload,tgis-bam,Alan,538147.5643192863
2024-07-31 07:30:05.203999996,tgi_request_inference_duration_sum,http,10.128.4.201:3000,tgis-bam,fmaas-monitoring,bloom-v3,openshift-user-workload-monitoring/user-workload,tgis-bam,Alan,539024.1121705803
2024-07-31 07:30:10.203999996,tgi_request_inference_duration_sum,http,10.128.4.201:3000,tgis-bam,fmaas-monitoring,bloom-v3,openshift-user-workload-monitoring/user-workload,tgis-bam,Alan,539682.2573886424
2024-07-31 07:30:15.203999996,tgi_request_inference_duration_sum,http,10.128.4.201:3000,tgis-bam,fmaas-monitoring,bloom-v3,openshift-user-workload-monitoring/user-workload,tgis-bam,Alan,540701.9771879924
2024-07-31 07:30:20.203999996,tgi_request_inference_duration_sum,http,10.128.4.201:3000,tgis-bam,fmaas-monitoring,bloom-v3,openshift-user-workload-monitoring/user-workload,tgis-bam,Alan,541335.6904009484
2024-07-31 07:30:25.203999996,tgi_request_inference_duration_sum,http,10.128.4.201:3000,tgis-bam,fmaas-monitoring,bloom-v3,openshift-user-workload-monitoring/user-workload,tgis-bam,Alan,542089.2478203984
2024-07-31 07:30:30.203999996,tgi_request_inference_duration_sum,http,10.128.4.201:3000,tgis-bam,fmaas-monitoring,bloom-v3,openshift-user-workload-monitoring/user-workload,tgis-bam,Alan,542892.2273169174
2024-07-31 07:30:35.203999996,tgi_request_inference_duration_sum,http,10.128.4.201:3000,tgis-bam,fmaas-monitoring,bloom-v3,openshift-user-workload-monitoring/user-workload,tgis-bam,Alan,543755.1425019434
2024-07-31 07:30:40.213000059,tgi_request_inference_duration_sum,http,10.128.4.201:3000,tgis-bam,fmaas-monitoring,bloom-v3,openshift-user-workload-monitoring/user-workload,tgis-bam,Alan,544705.5157415904
2024-07-31 07:30:45.203999996,tgi_request_inference_duration_sum,http,10.128.4.201:3000,tgis-bam,fmaas-monitoring,bloom-v3,openshift-user-workload-monitoring/user-workload,tgis-bam,Alan,545401.1820699844
2024-07-31 07:30:50.203999996,tgi_request_inference_duration_sum,http,10.128.4.201:3000,tgis-bam,fmaas-monitoring,bloom-v3,openshift-user-workload-monitoring/user-workload,tgis-bam,Alan,546041.8288872204
2024-07-31 07:30:55.203999996,tgi_request_inference_duration_sum,http,10.128.4.201:3000,tgis-bam,fmaas-monitoring,bloom-v3,openshift-user-workload-monitoring/user-workload,tgis-bam,Alan,546837.9192687393
2024-07-31 07:31:00.203999996,tgi_request_inference_duration_sum,http,10.128.4.201:3000,tgis-bam,fmaas-monitoring,bloom-v3,openshift-user-workload-monitoring/user-workload,tgis-bam,Alan,547593.6280219284
2024-07-31 07:31:05.203999996,tgi_request_inference_duration_sum,http,10.128.4.201:3000,tgis-bam,fmaas-monitoring,bloom-v3,openshift-user-workload-monitoring/user-workload,tgis-bam,Alan,548469.0856006783
2024-07-31 07:31:10.203999996,tgi_request_inference_duration_sum,http,10.128.4.201:3000,tgis-bam,fmaas-monitoring,bloom-v3,openshift-user-workload-monitoring/user-workload,tgis-bam,Alan,549135.3158566894
2024-07-31 07:31:15.203999996,tgi_request_inference_duration_sum,http,10.128.4.201:3000,tgis-bam,fmaas-monitoring,bloom-v3,openshift-user-workload-monitoring/user-workload,tgis-bam,Alan,549823.3718629223
2024-07-31 07:31:20.203999996,tgi_request_inference_duration_sum,http,10.128.4.201:3000,tgis-bam,fmaas-monitoring,bloom-v3,openshift-user-workload-monitoring/user-workload,tgis-bam,Alan,550771.9984321503
2024-07-31 07:31:25.203999996,tgi_request_inference_duration_sum,http,10.128.4.201:3000,tgis-bam,fmaas-monitoring,bloom-v3,openshift-user-workload-monitoring/user-workload,tgis-bam,Alan,551678.1930579384
2024-07-31 07:31:30.203999996,tgi_request_inference_duration_sum,http,10.128.4.201:3000,tgis-bam,fmaas-monitoring,bloom-v3,openshift-user-workload-monitoring/user-workload,tgis-bam,Alan,552403.9420320183
2024-07-31 07:31:35.203999996,tgi_request_inference_duration_sum,http,10.128.4.201:3000,tgis-bam,fmaas-monitoring,bloom-v3,openshift-user-workload-monitoring/user-workload,tgis-bam,Alan,553121.3222385183
2024-07-31 07:31:40.203999996,tgi_request_inference_duration_sum,http,10.128.4.201:3000,tgis-bam,fmaas-monitoring,bloom-v3,openshift-user-workload-monitoring/user-workload,tgis-bam,Alan,553804.1048208253
2024-07-31 07:31:45.203999996,tgi_request_inference_duration_sum,http,10.128.4.201:3000,tgis-bam,fmaas-monitoring,bloom-v3,openshift-user-workload-monitoring/user-workload,tgis-bam,Alan,554725.5370978062
2024-07-31 07:31:50.203999996,tgi_request_inference_duration_sum,http,10.128.4.201:3000,tgis-bam,fmaas-monitoring,bloom-v3,openshift-user-workload-monitoring/user-workload,tgis-bam,Alan,555540.8119526432
2024-07-31 07:31:55.203999996,tgi_request_inference_duration_sum,http,10.128.4.201:3000,tgis-bam,fmaas-monitoring,bloom-v3,openshift-user-workload-monitoring/user-workload,tgis-bam,Alan,556370.5960886133
2024-07-31 07:32:00.203999996,tgi_request_inference_duration_sum,http,10.128.4.201:3000,tgis-bam,fmaas-monitoring,bloom-v3,openshift-user-workload-monitoring/user-workload,tgis-bam,Alan,557029.3775948363
2024-07-31 07:32:05.203999996,tgi_request_inference_duration_sum,http,10.128.4.201:3000,tgis-bam,fmaas-monitoring,bloom-v3,openshift-user-workload-monitoring/user-workload,tgis-bam,Alan,557763.1297779133
2024-07-31 07:32:10.203999996,tgi_request_inference_duration_sum,http,10.128.4.201:3000,tgis-bam,fmaas-monitoring,bloom-v3,openshift-user-workload-monitoring/user-workload,tgis-bam,Alan,558841.4131056283
2024-07-31 07:32:15.203999996,tgi_request_inference_duration_sum,http,10.128.4.201:3000,tgis-bam,fmaas-monitoring,bloom-v3,openshift-user-workload-monitoring/user-workload,tgis-bam,Alan,559362.9517679203
2024-07-31 07:32:20.203999996,tgi_request_inference_duration_sum,http,10.128.4.201:3000,tgis-bam,fmaas-monitoring,bloom-v3,openshift-user-workload-monitoring/user-workload,tgis-bam,Alan,560260.8219334183
2024-07-31 07:32:25.203999996,tgi_request_inference_duration_sum,http,10.128.4.201:3000,tgis-bam,fmaas-monitoring,bloom-v3,openshift-user-workload-monitoring/user-workload,tgis-bam,Alan,560884.3105658683
2024-07-31 07:32:30.203999996,tgi_request_inference_duration_sum,http,10.128.4.201:3000,tgis-bam,fmaas-monitoring,bloom-v3,openshift-user-workload-monitoring/user-workload,tgis-bam,Alan,561572.6131737683
2024-07-31 07:32:35.203999996,tgi_request_inference_duration_sum,http,10.128.4.201:3000,tgis-bam,fmaas-monitoring,bloom-v3,openshift-user-workload-monitoring/user-workload,tgis-bam,Alan,562640.4406610052
2024-07-31 07:32:40.203999996,tgi_request_inference_duration_sum,http,10.128.4.201:3000,tgis-bam,fmaas-monitoring,bloom-v3,openshift-user-workload-monitoring/user-workload,tgis-bam,Alan,563227.8419895392
2024-07-31 07:32:45.203999996,tgi_request_inference_duration_sum,http,10.128.4.201:3000,tgis-bam,fmaas-monitoring,bloom-v3,openshift-user-workload-monitoring/user-workload,tgis-bam,Alan,564022.8617296913
2024-07-31 07:32:50.203999996,tgi_request_inference_duration_sum,http,10.128.4.201:3000,tgis-bam,fmaas-monitoring,bloom-v3,openshift-user-workload-monitoring/user-workload,tgis-bam,Alan,564710.3029880713
2024-07-31 07:32:55.203999996,tgi_request_inference_duration_sum,http,10.128.4.201:3000,tgis-bam,fmaas-monitoring,bloom-v3,openshift-user-workload-monitoring/user-workload,tgis-bam,Alan,565675.1910490993
2024-07-31 07:33:00.203999996,tgi_request_inference_duration_sum,http,10.128.4.201:3000,tgis-bam,fmaas-monitoring,bloom-v3,openshift-user-workload-monitoring/user-workload,tgis-bam,Alan,566638.0942188853
2024-07-31 07:33:05.203999996,tgi_request_inference_duration_sum,http,10.128.4.201:3000,tgis-bam,fmaas-monitoring,bloom-v3,openshift-user-workload-monitoring/user-workload,tgis-bam,Alan,567217.4418402533
2024-07-31 07:33:10.203999996,tgi_request_inference_duration_sum,http,10.128.4.201:3000,tgis-bam,fmaas-monitoring,bloom-v3,openshift-user-workload-monitoring/user-workload,tgis-bam,Alan,567915.6606828592
2024-07-31 07:33:15.203999996,tgi_request_inference_duration_sum,http,10.128.4.201:3000,tgis-bam,fmaas-monitoring,bloom-v3,openshift-user-workload-monitoring/user-workload,tgis-bam,Alan,568548.2889492243
2024-07-31 07:33:20.203999996,tgi_request_inference_duration_sum,http,10.128.4.201:3000,tgis-bam,fmaas-monitoring,bloom-v3,openshift-user-workload-monitoring/user-workload,tgis-bam,Alan,569462.4195826713
2024-07-31 07:33:25.203999996,tgi_request_inference_duration_sum,http,10.128.4.201:3000,tgis-bam,fmaas-monitoring,bloom-v3,openshift-user-workload-monitoring/user-workload,tgis-bam,Alan,570552.6346832633
2024-07-31 07:33:30.203999996,tgi_request_inference_duration_sum,http,10.128.4.201:3000,tgis-bam,fmaas-monitoring,bloom-v3,openshift-user-workload-monitoring/user-workload,tgis-bam,Alan,571088.5265222013
2024-07-31 07:33:35.203999996,tgi_request_inference_duration_sum,http,10.128.4.201:3000,tgis-bam,fmaas-monitoring,bloom-v3,openshift-user-workload-monitoring/user-workload,tgis-bam,Alan,571937.3857977773
2024-07-31 07:33:40.203999996,tgi_request_inference_duration_sum,http,10.128.4.201:3000,tgis-bam,fmaas-monitoring,bloom-v3,openshift-user-workload-monitoring/user-workload,tgis-bam,Alan,572828.8905447833
2024-07-31 07:33:45.203999996,tgi_request_inference_duration_sum,http,10.128.4.201:3000,tgis-bam,fmaas-monitoring,bloom-v3,openshift-user-workload-monitoring/user-workload,tgis-bam,Alan,573496.5263981733
2024-07-31 07:33:50.203999996,tgi_request_inference_duration_sum,http,10.128.4.201:3000,tgis-bam,fmaas-monitoring,bloom-v3,openshift-user-workload-monitoring/user-workload,tgis-bam,Alan,574288.1100588603
2024-07-31 07:33:55.203999996,tgi_request_inference_duration_sum,http,10.128.4.201:3000,tgis-bam,fmaas-monitoring,bloom-v3,openshift-user-workload-monitoring/user-workload,tgis-bam,Alan,575000.5016416704
2024-07-31 07:34:00.203999996,tgi_request_inference_duration_sum,http,10.128.4.201:3000,tgis-bam,fmaas-monitoring,bloom-v3,openshift-user-workload-monitoring/user-workload,tgis-bam,Alan,575615.1034941194
2024-07-31 07:34:05.203999996,tgi_request_inference_duration_sum,http,10.128.4.201:3000,tgis-bam,fmaas-monitoring,bloom-v3,openshift-user-workload-monitoring/user-workload,tgis-bam,Alan,576579.6791784003
2024-07-31 07:34:10.203999996,tgi_request_inference_duration_sum,http,10.128.4.201:3000,tgis-bam,fmaas-monitoring,bloom-v3,openshift-user-workload-monitoring/user-workload,tgis-bam,Alan,577185.9704193723
2024-07-31 07:34:15.203999996,tgi_request_inference_duration_sum,http,10.128.4.201:3000,tgis-bam,fmaas-monitoring,bloom-v3,openshift-user-workload-monitoring/user-workload,tgis-bam,Alan,578025.9007484533
2024-07-31 07:34:20.203999996,tgi_request_inference_duration_sum,http,10.128.4.201:3000,tgis-bam,fmaas-monitoring,bloom-v3,openshift-user-workload-monitoring/user-workload,tgis-bam,Alan,578987.4133771054
2024-07-31 07:34:25.203999996,tgi_request_inference_duration_sum,http,10.128.4.201:3000,tgis-bam,fmaas-monitoring,bloom-v3,openshift-user-workload-monitoring/user-workload,tgis-bam,Alan,579525.6825008054
2024-07-31 07:34:30.203999996,tgi_request_inference_duration_sum,http,10.128.4.201:3000,tgis-bam,fmaas-monitoring,bloom-v3,openshift-user-workload-monitoring/user-workload,tgis-bam,Alan,580376.3486448274
2024-07-31 07:34:35.203999996,tgi_request_inference_duration_sum,http,10.128.4.201:3000,tgis-bam,fmaas-monitoring,bloom-v3,openshift-user-workload-monitoring/user-workload,tgis-bam,Alan,581027.0127870704
2024-07-31 07:34:40.203999996,tgi_request_inference_duration_sum,http,10.128.4.201:3000,tgis-bam,fmaas-monitoring,bloom-v3,openshift-user-workload-monitoring/user-workload,tgis-bam,Alan,581812.1336045293
2024-07-31 07:34:45.203999996,tgi_request_inference_duration_sum,http,10.128.4.201:3000,tgis-bam,fmaas-monitoring,bloom-v3,openshift-user-workload-monitoring/user-workload,tgis-bam,Alan,582627.9286604134
2024-07-31 07:34:50.203999996,tgi_request_inference_duration_sum,http,10.128.4.201:3000,tgis-bam,fmaas-monitoring,bloom-v3,openshift-user-workload-monitoring/user-workload,tgis-bam,Alan,583383.8062557904
2024-07-31 07:34:55.203999996,tgi_request_inference_duration_sum,http,10.128.4.201:3000,tgis-bam,fmaas-monitoring,bloom-v3,openshift-user-workload-monitoring/user-workload,tgis-bam,Alan,584246.5204136304
2024-07-31 07:35:00.203999996,tgi_request_inference_duration_sum,http,10.128.4.201:3000,tgis-bam,fmaas-monitoring,bloom-v3,openshift-user-workload-monitoring/user-workload,tgis-bam,Alan,584937.7618889534
2024-07-31 07:35:05.203999996,tgi_request_inference_duration_sum,http,10.128.4.201:3000,tgis-bam,fmaas-monitoring,bloom-v3,openshift-user-workload-monitoring/user-workload,tgis-bam,Alan,585661.2034491394
2024-07-31 07:35:10.203999996,tgi_request_inference_duration_sum,http,10.128.4.201:3000,tgis-bam,fmaas-monitoring,bloom-v3,openshift-user-workload-monitoring/user-workload,tgis-bam,Alan,586681.9137626104
2024-07-31 07:35:15.203999996,tgi_request_inference_duration_sum,http,10.128.4.201:3000,tgis-bam,fmaas-monitoring,bloom-v3,openshift-user-workload-monitoring/user-workload,tgis-bam,Alan,587519.3760310834
2024-07-31 07:35:20.203999996,tgi_request_inference_duration_sum,http,10.128.4.201:3000,tgis-bam,fmaas-monitoring,bloom-v3,openshift-user-workload-monitoring/user-workload,tgis-bam,Alan,588020.6960780295
2024-07-31 07:35:25.203999996,tgi_request_inference_duration_sum,http,10.128.4.201:3000,tgis-bam,fmaas-monitoring,bloom-v3,openshift-user-workload-monitoring/user-workload,tgis-bam,Alan,588813.7800944764
2024-07-31 07:35:30.203999996,tgi_request_inference_duration_sum,http,10.128.4.201:3000,tgis-bam,fmaas-monitoring,bloom-v3,openshift-user-workload-monitoring/user-workload,tgis-bam,Alan,589432.3519998464
2024-07-31 07:35:35.203999996,tgi_request_inference_duration_sum,http,10.128.4.201:3000,tgis-bam,fmaas-monitoring,bloom-v3,openshift-user-workload-monitoring/user-workload,tgis-bam,Alan,590274.8986598294
2024-07-31 07:35:40.203999996,tgi_request_inference_duration_sum,http,10.128.4.201:3000,tgis-bam,fmaas-monitoring,bloom-v3,openshift-user-workload-monitoring/user-workload,tgis-bam,Alan,591254.0189021574
2024-07-31 07:35:45.203999996,tgi_request_inference_duration_sum,http,10.128.4.201:3000,tgis-bam,fmaas-monitoring,bloom-v3,openshift-user-workload-monitoring/user-workload,tgis-bam,Alan,591934.3367752944
2024-07-31 07:35:50.203999996,tgi_request_inference_duration_sum,http,10.128.4.201:3000,tgis-bam,fmaas-monitoring,bloom-v3,openshift-user-workload-monitoring/user-workload,tgis-bam,Alan,592490.2650026954
2024-07-31 07:35:55.203999996,tgi_request_inference_duration_sum,http,10.128.4.201:3000,tgis-bam,fmaas-monitoring,bloom-v3,openshift-user-workload-monitoring/user-workload,tgis-bam,Alan,593433.8955055504
2024-07-31 07:36:00.203999996,tgi_request_inference_duration_sum,http,10.128.4.201:3000,tgis-bam,fmaas-monitoring,bloom-v3,openshift-user-workload-monitoring/user-workload,tgis-bam,Alan,594226.9587162364
2024-07-31 07:36:05.203999996,tgi_request_inference_duration_sum,http,10.128.4.201:3000,tgis-bam,fmaas-monitoring,bloom-v3,openshift-user-workload-monitoring/user-workload,tgis-bam,Alan,595157.5574981234
2024-07-31 07:36:10.203999996,tgi_request_inference_duration_sum,http,10.128.4.201:3000,tgis-bam,fmaas-monitoring,bloom-v3,openshift-user-workload-monitoring/user-workload,tgis-bam,Alan,595877.4790239005
2024-07-31 07:36:15.203999996,tgi_request_inference_duration_sum,http,10.128.4.201:3000,tgis-bam,fmaas-monitoring,bloom-v3,openshift-user-workload-monitoring/user-workload,tgis-bam,Alan,596547.4807724274
2024-07-31 07:36:20.203999996,tgi_request_inference_duration_sum,http,10.128.4.201:3000,tgis-bam,fmaas-monitoring,bloom-v3,openshift-user-workload-monitoring/user-workload,tgis-bam,Alan,597336.1359619374
2024-07-31 07:36:25.203999996,tgi_request_inference_duration_sum,http,10.128.4.201:3000,tgis-bam,fmaas-monitoring,bloom-v3,openshift-user-workload-monitoring/user-workload,tgis-bam,Alan,598385.2875704844
2024-07-31 07:36:30.203999996,tgi_request_inference_duration_sum,http,10.128.4.201:3000,tgis-bam,fmaas-monitoring,bloom-v3,openshift-user-workload-monitoring/user-workload,tgis-bam,Alan,598995.1804237814
2024-07-31 07:36:35.203999996,tgi_request_inference_duration_sum,http,10.128.4.201:3000,tgis-bam,fmaas-monitoring,bloom-v3,openshift-user-workload-monitoring/user-workload,tgis-bam,Alan,599734.1718166734
2024-07-31 07:36:40.203999996,tgi_request_inference_duration_sum,http,10.128.4.201:3000,tgis-bam,fmaas-monitoring,bloom-v3,openshift-user-workload-monitoring/user-workload,tgis-bam,Alan,600585.1089483004
2024-07-31 07:36:45.203999996,tgi_request_inference_duration_sum,http,10.128.4.201:3000,tgis-bam,fmaas-monitoring,bloom-v3,openshift-user-workload-monitoring/user-workload,tgis-bam,Alan,601267.1311995233
2024-07-31 07:36:50.203999996,tgi_request_inference_duration_sum,http,10.128.4.201:3000,tgis-bam,fmaas-monitoring,bloom-v3,openshift-user-workload-monitoring/user-workload,tgis-bam,Alan,602173.7124882283
2024-07-31 07:36:55.203999996,tgi_request_inference_duration_sum,http,10.128.4.201:3000,tgis-bam,fmaas-monitoring,bloom-v3,openshift-user-workload-monitoring/user-workload,tgis-bam,Alan,603000.7663394944
2024-07-31 07:37:00.207000017,tgi_request_inference_duration_sum,http,10.128.4.201:3000,tgis-bam,fmaas-monitoring,bloom-v3,openshift-user-workload-monitoring/user-workload,tgis-bam,Alan,603764.3819871714
2024-07-31 07:37:05.203999996,tgi_request_inference_duration_sum,http,10.128.4.201:3000,tgis-bam,fmaas-monitoring,bloom-v3,openshift-user-workload-monitoring/user-workload,tgis-bam,Alan,604372.5569057784
2024-07-31 07:37:10.203999996,tgi_request_inference_duration_sum,http,10.128.4.201:3000,tgis-bam,fmaas-monitoring,bloom-v3,openshift-user-workload-monitoring/user-workload,tgis-bam,Alan,605059.3983370983
2024-07-31 07:37:15.203999996,tgi_request_inference_duration_sum,http,10.128.4.201:3000,tgis-bam,fmaas-monitoring,bloom-v3,openshift-user-workload-monitoring/user-workload,tgis-bam,Alan,605821.4849499943
2024-07-31 07:37:20.203999996,tgi_request_inference_duration_sum,http,10.128.4.201:3000,tgis-bam,fmaas-monitoring,bloom-v3,openshift-user-workload-monitoring/user-workload,tgis-bam,Alan,606749.8127716902
2024-07-31 07:37:25.203999996,tgi_request_inference_duration_sum,http,10.128.4.201:3000,tgis-bam,fmaas-monitoring,bloom-v3,openshift-user-workload-monitoring/user-workload,tgis-bam,Alan,607489.1559788203
2024-07-31 07:37:30.203999996,tgi_request_inference_duration_sum,http,10.128.4.201:3000,tgis-bam,fmaas-monitoring,bloom-v3,openshift-user-workload-monitoring/user-workload,tgis-bam,Alan,608208.8934831732
2024-07-31 07:37:35.203999996,tgi_request_inference_duration_sum,http,10.128.4.201:3000,tgis-bam,fmaas-monitoring,bloom-v3,openshift-user-workload-monitoring/user-workload,tgis-bam,Alan,608936.6947008362
2024-07-31 07:37:40.203999996,tgi_request_inference_duration_sum,http,10.128.4.201:3000,tgis-bam,fmaas-monitoring,bloom-v3,openshift-user-workload-monitoring/user-workload,tgis-bam,Alan,609820.6298077313
2024-07-31 07:37:45.203999996,tgi_request_inference_duration_sum,http,10.128.4.201:3000,tgis-bam,fmaas-monitoring,bloom-v3,openshift-user-workload-monitoring/user-workload,tgis-bam,Alan,610715.9402580302
2024-07-31 07:37:50.203999996,tgi_request_inference_duration_sum,http,10.128.4.201:3000,tgis-bam,fmaas-monitoring,bloom-v3,openshift-user-workload-monitoring/user-workload,tgis-bam,Alan,611539.8489603542
2024-07-31 07:37:55.203999996,tgi_request_inference_duration_sum,http,10.128.4.201:3000,tgis-bam,fmaas-monitoring,bloom-v3,openshift-user-workload-monitoring/user-workload,tgis-bam,Alan,612234.0822216183
2024-07-31 07:38:00.203999996,tgi_request_inference_duration_sum,http,10.128.4.201:3000,tgis-bam,fmaas-monitoring,bloom-v3,openshift-user-workload-monitoring/user-workload,tgis-bam,Alan,612784.0161358803
2024-07-31 07:38:05.203999996,tgi_request_inference_duration_sum,http,10.128.4.201:3000,tgis-bam,fmaas-monitoring,bloom-v3,openshift-user-workload-monitoring/user-workload,tgis-bam,Alan,613751.1294534013
2024-07-31 07:38:10.203999996,tgi_request_inference_duration_sum,http,10.128.4.201:3000,tgis-bam,fmaas-monitoring,bloom-v3,openshift-user-workload-monitoring/user-workload,tgis-bam,Alan,614720.6254750363
2024-07-31 07:38:15.203999996,tgi_request_inference_duration_sum,http,10.128.4.201:3000,tgis-bam,fmaas-monitoring,bloom-v3,openshift-user-workload-monitoring/user-workload,tgis-bam,Alan,615376.4404057104
2024-07-31 07:38:20.203999996,tgi_request_inference_duration_sum,http,10.128.4.201:3000,tgis-bam,fmaas-monitoring,bloom-v3,openshift-user-workload-monitoring/user-workload,tgis-bam,Alan,616063.3019947804
2024-07-31 07:38:25.203999996,tgi_request_inference_duration_sum,http,10.128.4.201:3000,tgis-bam,fmaas-monitoring,bloom-v3,openshift-user-workload-monitoring/user-workload,tgis-bam,Alan,616771.5321471164
2024-07-31 07:38:30.203999996,tgi_request_inference_duration_sum,http,10.128.4.201:3000,tgis-bam,fmaas-monitoring,bloom-v3,openshift-user-workload-monitoring/user-workload,tgis-bam,Alan,617715.3661234283
2024-07-31 07:38:35.203999996,tgi_request_inference_duration_sum,http,10.128.4.201:3000,tgis-bam,fmaas-monitoring,bloom-v3,openshift-user-workload-monitoring/user-workload,tgis-bam,Alan,618338.7217422533
2024-07-31 07:38:40.203999996,tgi_request_inference_duration_sum,http,10.128.4.201:3000,tgis-bam,fmaas-monitoring,bloom-v3,openshift-user-workload-monitoring/user-workload,tgis-bam,Alan,619352.1306653722
2024-07-31 07:38:45.203999996,tgi_request_inference_duration_sum,http,10.128.4.201:3000,tgis-bam,fmaas-monitoring,bloom-v3,openshift-user-workload-monitoring/user-workload,tgis-bam,Alan,620041.2252831622
2024-07-31 07:38:50.203999996,tgi_request_inference_duration_sum,http,10.128.4.201:3000,tgis-bam,fmaas-monitoring,bloom-v3,openshift-user-workload-monitoring/user-workload,tgis-bam,Alan,620731.0355208683
2024-07-31 07:38:55.220999956,tgi_request_inference_duration_sum,http,10.128.4.201:3000,tgis-bam,fmaas-monitoring,bloom-v3,openshift-user-workload-monitoring/user-workload,tgis-bam,Alan,621600.2950986032
2024-07-31 07:39:00.203999996,tgi_request_inference_duration_sum,http,10.128.4.201:3000,tgis-bam,fmaas-monitoring,bloom-v3,openshift-user-workload-monitoring/user-workload,tgis-bam,Alan,622463.2334188912
2024-07-31 07:39:05.203999996,tgi_request_inference_duration_sum,http,10.128.4.201:3000,tgis-bam,fmaas-monitoring,bloom-v3,openshift-user-workload-monitoring/user-workload,tgis-bam,Alan,623108.5734478892
2024-07-31 07:39:10.203999996,tgi_request_inference_duration_sum,http,10.128.4.201:3000,tgis-bam,fmaas-monitoring,bloom-v3,openshift-user-workload-monitoring/user-workload,tgis-bam,Alan,623731.2470695691
2024-07-31 07:39:15.203999996,tgi_request_inference_duration_sum,http,10.128.4.201:3000,tgis-bam,fmaas-monitoring,bloom-v3,openshift-user-workload-monitoring/user-workload,tgis-bam,Alan,624737.7967574811
2024-07-31 07:39:20.203999996,tgi_request_inference_duration_sum,http,10.128.4.201:3000,tgis-bam,fmaas-monitoring,bloom-v3,openshift-user-workload-monitoring/user-workload,tgis-bam,Alan,625441.602206673
2024-07-31 07:39:25.203999996,tgi_request_inference_duration_sum,http,10.128.4.201:3000,tgis-bam,fmaas-monitoring,bloom-v3,openshift-user-workload-monitoring/user-workload,tgis-bam,Alan,626406.416845244
2024-07-31 07:39:30.203999996,tgi_request_inference_duration_sum,http,10.128.4.201:3000,tgis-bam,fmaas-monitoring,bloom-v3,openshift-user-workload-monitoring/user-workload,tgis-bam,Alan,626980.789863837
2024-07-31 07:39:35.203999996,tgi_request_inference_duration_sum,http,10.128.4.201:3000,tgis-bam,fmaas-monitoring,bloom-v3,openshift-user-workload-monitoring/user-workload,tgis-bam,Alan,627656.428995639
2024-07-31 07:39:40.203999996,tgi_request_inference_duration_sum,http,10.128.4.201:3000,tgis-bam,fmaas-monitoring,bloom-v3,openshift-user-workload-monitoring/user-workload,tgis-bam,Alan,628611.584233833
2024-07-31 07:39:45.203999996,tgi_request_inference_duration_sum,http,10.128.4.201:3000,tgis-bam,fmaas-monitoring,bloom-v3,openshift-user-workload-monitoring/user-workload,tgis-bam,Alan,629389.4903374971
2024-07-31 07:39:50.203999996,tgi_request_inference_duration_sum,http,10.128.4.201:3000,tgis-bam,fmaas-monitoring,bloom-v3,openshift-user-workload-monitoring/user-workload,tgis-bam,Alan,630204.5069255021
2024-07-31 07:39:55.203999996,tgi_request_inference_duration_sum,http,10.128.4.201:3000,tgis-bam,fmaas-monitoring,bloom-v3,openshift-user-workload-monitoring/user-workload,tgis-bam,Alan,630788.934997022
2024-07-31 07:40:00.203999996,tgi_request_inference_duration_sum,http,10.128.4.201:3000,tgis-bam,fmaas-monitoring,bloom-v3,openshift-user-workload-monitoring/user-workload,tgis-bam,Alan,631537.801624155
2024-07-31 07:40:05.203999996,tgi_request_inference_duration_sum,http,10.128.4.201:3000,tgis-bam,fmaas-monitoring,bloom-v3,openshift-user-workload-monitoring/user-workload,tgis-bam,Alan,632524.90648839
2024-07-31 07:40:10.203999996,tgi_request_inference_duration_sum,http,10.128.4.201:3000,tgis-bam,fmaas-monitoring,bloom-v3,openshift-user-workload-monitoring/user-workload,tgis-bam,Alan,633206.9584570611
2024-07-31 07:40:15.203999996,tgi_request_inference_duration_sum,http,10.128.4.201:3000,tgis-bam,fmaas-monitoring,bloom-v3,openshift-user-workload-monitoring/user-workload,tgis-bam,Alan,634264.881541049
2024-07-31 07:40:20.203999996,tgi_request_inference_duration_sum,http,10.128.4.201:3000,tgis-bam,fmaas-monitoring,bloom-v3,openshift-user-workload-monitoring/user-workload,tgis-bam,Alan,634677.6667155
2024-07-31 07:40:25.203999996,tgi_request_inference_duration_sum,http,10.128.4.201:3000,tgis-bam,fmaas-monitoring,bloom-v3,openshift-user-workload-monitoring/user-workload,tgis-bam,Alan,635348.192941353
2024-07-31 07:40:30.203999996,tgi_request_inference_duration_sum,http,10.128.4.201:3000,tgis-bam,fmaas-monitoring,bloom-v3,openshift-user-workload-monitoring/user-workload,tgis-bam,Alan,636446.3048791819
2024-07-31 07:40:35.203999996,tgi_request_inference_duration_sum,http,10.128.4.201:3000,tgis-bam,fmaas-monitoring,bloom-v3,openshift-user-workload-monitoring/user-workload,tgis-bam,Alan,637032.24787525
2024-07-31 07:40:40.203999996,tgi_request_inference_duration_sum,http,10.128.4.201:3000,tgis-bam,fmaas-monitoring,bloom-v3,openshift-user-workload-monitoring/user-workload,tgis-bam,Alan,637861.103331608
2024-07-31 07:40:45.203999996,tgi_request_inference_duration_sum,http,10.128.4.201:3000,tgis-bam,fmaas-monitoring,bloom-v3,openshift-user-workload-monitoring/user-workload,tgis-bam,Alan,638900.097493277
2024-07-31 07:40:50.203999996,tgi_request_inference_duration_sum,http,10.128.4.201:3000,tgis-bam,fmaas-monitoring,bloom-v3,openshift-user-workload-monitoring/user-workload,tgis-bam,Alan,639495.8725774221
2024-07-31 07:40:55.213000059,tgi_request_inference_duration_sum,http,10.128.4.201:3000,tgis-bam,fmaas-monitoring,bloom-v3,openshift-user-workload-monitoring/user-workload,tgis-bam,Alan,640325.0553995351
2024-07-31 07:41:00.203999996,tgi_request_inference_duration_sum,http,10.128.4.201:3000,tgis-bam,fmaas-monitoring,bloom-v3,openshift-user-workload-monitoring/user-workload,tgis-bam,Alan,640951.6650836382
2024-07-31 07:41:05.203999996,tgi_request_inference_duration_sum,http,10.128.4.201:3000,tgis-bam,fmaas-monitoring,bloom-v3,openshift-user-workload-monitoring/user-workload,tgis-bam,Alan,641694.4530152482
2024-07-31 07:41:10.203999996,tgi_request_inference_duration_sum,http,10.128.4.201:3000,tgis-bam,fmaas-monitoring,bloom-v3,openshift-user-workload-monitoring/user-workload,tgis-bam,Alan,642778.9964981052
2024-07-31 07:41:15.203999996,tgi_request_inference_duration_sum,http,10.128.4.201:3000,tgis-bam,fmaas-monitoring,bloom-v3,openshift-user-workload-monitoring/user-workload,tgis-bam,Alan,643385.0618696333
2024-07-31 07:41:20.203999996,tgi_request_inference_duration_sum,http,10.128.4.201:3000,tgis-bam,fmaas-monitoring,bloom-v3,openshift-user-workload-monitoring/user-workload,tgis-bam,Alan,644118.5987583373
2024-07-31 07:41:25.203999996,tgi_request_inference_duration_sum,http,10.128.4.201:3000,tgis-bam,fmaas-monitoring,bloom-v3,openshift-user-workload-monitoring/user-workload,tgis-bam,Alan,644790.1283315683
2024-07-31 07:41:30.203999996,tgi_request_inference_duration_sum,http,10.128.4.201:3000,tgis-bam,fmaas-monitoring,bloom-v3,openshift-user-workload-monitoring/user-workload,tgis-bam,Alan,645558.5998223413
2024-07-31 07:41:35.203999996,tgi_request_inference_duration_sum,http,10.128.4.201:3000,tgis-bam,fmaas-monitoring,bloom-v3,openshift-user-workload-monitoring/user-workload,tgis-bam,Alan,646499.8855466864
2024-07-31 07:41:40.203999996,tgi_request_inference_duration_sum,http,10.128.4.201:3000,tgis-bam,fmaas-monitoring,bloom-v3,openshift-user-workload-monitoring/user-workload,tgis-bam,Alan,647185.5621494973
2024-07-31 07:41:45.203999996,tgi_request_inference_duration_sum,http,10.128.4.201:3000,tgis-bam,fmaas-monitoring,bloom-v3,openshift-user-workload-monitoring/user-workload,tgis-bam,Alan,648000.2550821634
2024-07-31 07:41:50.203999996,tgi_request_inference_duration_sum,http,10.128.4.201:3000,tgis-bam,fmaas-monitoring,bloom-v3,openshift-user-workload-monitoring/user-workload,tgis-bam,Alan,648675.0760791245
2024-07-31 07:41:55.203999996,tgi_request_inference_duration_sum,http,10.128.4.201:3000,tgis-bam,fmaas-monitoring,bloom-v3,openshift-user-workload-monitoring/user-workload,tgis-bam,Alan,649424.6017254984
