timestamp,__name__,endpoint,instance,job,namespace,pod,prometheus,service,value
2024-05-20 10:34:29.285000086,tgi_batch_next_tokens_sum,http,10.128.2.18:3000,tgis-bam,fmaas-monitoring,llama3-mig3g-40gb,openshift-user-workload-monitoring/user-workload,tgis-bam,591156.0
2024-05-20 10:34:34.285000086,tgi_batch_next_tokens_sum,http,10.128.2.18:3000,tgis-bam,fmaas-monitoring,llama3-mig3g-40gb,openshift-user-workload-monitoring/user-workload,tgis-bam,591207.0
2024-05-20 10:34:39.285000086,tgi_batch_next_tokens_sum,http,10.128.2.18:3000,tgis-bam,fmaas-monitoring,llama3-mig3g-40gb,openshift-user-workload-monitoring/user-workload,tgis-bam,591252.0
2024-05-20 10:34:44.290999889,tgi_batch_next_tokens_sum,http,10.128.2.18:3000,tgis-bam,fmaas-monitoring,llama3-mig3g-40gb,openshift-user-workload-monitoring/user-workload,tgis-bam,591323.0
2024-05-20 10:34:49.285000086,tgi_batch_next_tokens_sum,http,10.128.2.18:3000,tgis-bam,fmaas-monitoring,llama3-mig3g-40gb,openshift-user-workload-monitoring/user-workload,tgis-bam,591374.0
2024-05-20 10:34:54.285000086,tgi_batch_next_tokens_sum,http,10.128.2.18:3000,tgis-bam,fmaas-monitoring,llama3-mig3g-40gb,openshift-user-workload-monitoring/user-workload,tgis-bam,591585.0
2024-05-20 10:34:59.285000086,tgi_batch_next_tokens_sum,http,10.128.2.18:3000,tgis-bam,fmaas-monitoring,llama3-mig3g-40gb,openshift-user-workload-monitoring/user-workload,tgis-bam,591691.0
2024-05-20 10:35:04.285000086,tgi_batch_next_tokens_sum,http,10.128.2.18:3000,tgis-bam,fmaas-monitoring,llama3-mig3g-40gb,openshift-user-workload-monitoring/user-workload,tgis-bam,591880.0
2024-05-20 10:35:09.285000086,tgi_batch_next_tokens_sum,http,10.128.2.18:3000,tgis-bam,fmaas-monitoring,llama3-mig3g-40gb,openshift-user-workload-monitoring/user-workload,tgis-bam,592030.0
2024-05-20 10:35:14.315999985,tgi_batch_next_tokens_sum,http,10.128.2.18:3000,tgis-bam,fmaas-monitoring,llama3-mig3g-40gb,openshift-user-workload-monitoring/user-workload,tgis-bam,592136.0
2024-05-20 10:35:19.285000086,tgi_batch_next_tokens_sum,http,10.128.2.18:3000,tgis-bam,fmaas-monitoring,llama3-mig3g-40gb,openshift-user-workload-monitoring/user-workload,tgis-bam,592209.0
2024-05-20 10:35:24.285000086,tgi_batch_next_tokens_sum,http,10.128.2.18:3000,tgis-bam,fmaas-monitoring,llama3-mig3g-40gb,openshift-user-workload-monitoring/user-workload,tgis-bam,592265.0
2024-05-20 10:35:29.285000086,tgi_batch_next_tokens_sum,http,10.128.2.18:3000,tgis-bam,fmaas-monitoring,llama3-mig3g-40gb,openshift-user-workload-monitoring/user-workload,tgis-bam,592265.0
2024-05-20 10:35:34.285000086,tgi_batch_next_tokens_sum,http,10.128.2.18:3000,tgis-bam,fmaas-monitoring,llama3-mig3g-40gb,openshift-user-workload-monitoring/user-workload,tgis-bam,592368.0
2024-05-20 10:35:39.285000086,tgi_batch_next_tokens_sum,http,10.128.2.18:3000,tgis-bam,fmaas-monitoring,llama3-mig3g-40gb,openshift-user-workload-monitoring/user-workload,tgis-bam,592404.0
2024-05-20 10:35:44.285000086,tgi_batch_next_tokens_sum,http,10.128.2.18:3000,tgis-bam,fmaas-monitoring,llama3-mig3g-40gb,openshift-user-workload-monitoring/user-workload,tgis-bam,592462.0
2024-05-20 10:35:49.285000086,tgi_batch_next_tokens_sum,http,10.128.2.18:3000,tgis-bam,fmaas-monitoring,llama3-mig3g-40gb,openshift-user-workload-monitoring/user-workload,tgis-bam,592524.0
2024-05-20 10:35:54.292000055,tgi_batch_next_tokens_sum,http,10.128.2.18:3000,tgis-bam,fmaas-monitoring,llama3-mig3g-40gb,openshift-user-workload-monitoring/user-workload,tgis-bam,592639.0
2024-05-20 10:35:59.285000086,tgi_batch_next_tokens_sum,http,10.128.2.18:3000,tgis-bam,fmaas-monitoring,llama3-mig3g-40gb,openshift-user-workload-monitoring/user-workload,tgis-bam,592742.0
2024-05-20 10:36:04.285000086,tgi_batch_next_tokens_sum,http,10.128.2.18:3000,tgis-bam,fmaas-monitoring,llama3-mig3g-40gb,openshift-user-workload-monitoring/user-workload,tgis-bam,592749.0
2024-05-20 10:36:09.296000004,tgi_batch_next_tokens_sum,http,10.128.2.18:3000,tgis-bam,fmaas-monitoring,llama3-mig3g-40gb,openshift-user-workload-monitoring/user-workload,tgis-bam,592839.0
2024-05-20 10:36:14.285000086,tgi_batch_next_tokens_sum,http,10.128.2.18:3000,tgis-bam,fmaas-monitoring,llama3-mig3g-40gb,openshift-user-workload-monitoring/user-workload,tgis-bam,592904.0
2024-05-20 10:36:19.285000086,tgi_batch_next_tokens_sum,http,10.128.2.18:3000,tgis-bam,fmaas-monitoring,llama3-mig3g-40gb,openshift-user-workload-monitoring/user-workload,tgis-bam,593150.0
2024-05-20 10:36:24.285000086,tgi_batch_next_tokens_sum,http,10.128.2.18:3000,tgis-bam,fmaas-monitoring,llama3-mig3g-40gb,openshift-user-workload-monitoring/user-workload,tgis-bam,593157.0
2024-05-20 10:36:29.285000086,tgi_batch_next_tokens_sum,http,10.128.2.18:3000,tgis-bam,fmaas-monitoring,llama3-mig3g-40gb,openshift-user-workload-monitoring/user-workload,tgis-bam,593208.0
2024-05-20 10:36:34.285000086,tgi_batch_next_tokens_sum,http,10.128.2.18:3000,tgis-bam,fmaas-monitoring,llama3-mig3g-40gb,openshift-user-workload-monitoring/user-workload,tgis-bam,593215.0
2024-05-20 10:36:39.285000086,tgi_batch_next_tokens_sum,http,10.128.2.18:3000,tgis-bam,fmaas-monitoring,llama3-mig3g-40gb,openshift-user-workload-monitoring/user-workload,tgis-bam,593390.0
2024-05-20 10:36:44.285000086,tgi_batch_next_tokens_sum,http,10.128.2.18:3000,tgis-bam,fmaas-monitoring,llama3-mig3g-40gb,openshift-user-workload-monitoring/user-workload,tgis-bam,593397.0
2024-05-20 10:36:49.285000086,tgi_batch_next_tokens_sum,http,10.128.2.18:3000,tgis-bam,fmaas-monitoring,llama3-mig3g-40gb,openshift-user-workload-monitoring/user-workload,tgis-bam,593573.0
2024-05-20 10:36:54.286999941,tgi_batch_next_tokens_sum,http,10.128.2.18:3000,tgis-bam,fmaas-monitoring,llama3-mig3g-40gb,openshift-user-workload-monitoring/user-workload,tgis-bam,593645.0
2024-05-20 10:36:59.285000086,tgi_batch_next_tokens_sum,http,10.128.2.18:3000,tgis-bam,fmaas-monitoring,llama3-mig3g-40gb,openshift-user-workload-monitoring/user-workload,tgis-bam,593650.0
2024-05-20 10:37:04.285000086,tgi_batch_next_tokens_sum,http,10.128.2.18:3000,tgis-bam,fmaas-monitoring,llama3-mig3g-40gb,openshift-user-workload-monitoring/user-workload,tgis-bam,593668.0
2024-05-20 10:37:09.285000086,tgi_batch_next_tokens_sum,http,10.128.2.18:3000,tgis-bam,fmaas-monitoring,llama3-mig3g-40gb,openshift-user-workload-monitoring/user-workload,tgis-bam,593796.0
2024-05-20 10:37:14.285000086,tgi_batch_next_tokens_sum,http,10.128.2.18:3000,tgis-bam,fmaas-monitoring,llama3-mig3g-40gb,openshift-user-workload-monitoring/user-workload,tgis-bam,593816.0
2024-05-20 10:37:19.285000086,tgi_batch_next_tokens_sum,http,10.128.2.18:3000,tgis-bam,fmaas-monitoring,llama3-mig3g-40gb,openshift-user-workload-monitoring/user-workload,tgis-bam,593868.0
2024-05-20 10:37:24.285000086,tgi_batch_next_tokens_sum,http,10.128.2.18:3000,tgis-bam,fmaas-monitoring,llama3-mig3g-40gb,openshift-user-workload-monitoring/user-workload,tgis-bam,593879.0
2024-05-20 10:37:29.285000086,tgi_batch_next_tokens_sum,http,10.128.2.18:3000,tgis-bam,fmaas-monitoring,llama3-mig3g-40gb,openshift-user-workload-monitoring/user-workload,tgis-bam,593905.0
2024-05-20 10:37:34.301000118,tgi_batch_next_tokens_sum,http,10.128.2.18:3000,tgis-bam,fmaas-monitoring,llama3-mig3g-40gb,openshift-user-workload-monitoring/user-workload,tgis-bam,593953.0
2024-05-20 10:37:39.285000086,tgi_batch_next_tokens_sum,http,10.128.2.18:3000,tgis-bam,fmaas-monitoring,llama3-mig3g-40gb,openshift-user-workload-monitoring/user-workload,tgis-bam,593968.0
2024-05-20 10:37:44.285000086,tgi_batch_next_tokens_sum,http,10.128.2.18:3000,tgis-bam,fmaas-monitoring,llama3-mig3g-40gb,openshift-user-workload-monitoring/user-workload,tgis-bam,594000.0
2024-05-20 10:37:49.285000086,tgi_batch_next_tokens_sum,http,10.128.2.18:3000,tgis-bam,fmaas-monitoring,llama3-mig3g-40gb,openshift-user-workload-monitoring/user-workload,tgis-bam,594139.0
2024-05-20 10:37:54.285000086,tgi_batch_next_tokens_sum,http,10.128.2.18:3000,tgis-bam,fmaas-monitoring,llama3-mig3g-40gb,openshift-user-workload-monitoring/user-workload,tgis-bam,594197.0
2024-05-20 10:37:59.285000086,tgi_batch_next_tokens_sum,http,10.128.2.18:3000,tgis-bam,fmaas-monitoring,llama3-mig3g-40gb,openshift-user-workload-monitoring/user-workload,tgis-bam,594253.0
2024-05-20 10:38:04.285000086,tgi_batch_next_tokens_sum,http,10.128.2.18:3000,tgis-bam,fmaas-monitoring,llama3-mig3g-40gb,openshift-user-workload-monitoring/user-workload,tgis-bam,594266.0
2024-05-20 10:38:09.285000086,tgi_batch_next_tokens_sum,http,10.128.2.18:3000,tgis-bam,fmaas-monitoring,llama3-mig3g-40gb,openshift-user-workload-monitoring/user-workload,tgis-bam,594292.0
2024-05-20 10:38:14.285000086,tgi_batch_next_tokens_sum,http,10.128.2.18:3000,tgis-bam,fmaas-monitoring,llama3-mig3g-40gb,openshift-user-workload-monitoring/user-workload,tgis-bam,594311.0
2024-05-20 10:38:19.285000086,tgi_batch_next_tokens_sum,http,10.128.2.18:3000,tgis-bam,fmaas-monitoring,llama3-mig3g-40gb,openshift-user-workload-monitoring/user-workload,tgis-bam,594311.0
2024-05-20 10:38:24.285000086,tgi_batch_next_tokens_sum,http,10.128.2.18:3000,tgis-bam,fmaas-monitoring,llama3-mig3g-40gb,openshift-user-workload-monitoring/user-workload,tgis-bam,594328.0
2024-05-20 10:38:29.285000086,tgi_batch_next_tokens_sum,http,10.128.2.18:3000,tgis-bam,fmaas-monitoring,llama3-mig3g-40gb,openshift-user-workload-monitoring/user-workload,tgis-bam,594421.0
2024-05-20 10:38:34.285000086,tgi_batch_next_tokens_sum,http,10.128.2.18:3000,tgis-bam,fmaas-monitoring,llama3-mig3g-40gb,openshift-user-workload-monitoring/user-workload,tgis-bam,594433.0
2024-05-20 10:38:39.285000086,tgi_batch_next_tokens_sum,http,10.128.2.18:3000,tgis-bam,fmaas-monitoring,llama3-mig3g-40gb,openshift-user-workload-monitoring/user-workload,tgis-bam,594538.0
2024-05-20 10:38:44.285000086,tgi_batch_next_tokens_sum,http,10.128.2.18:3000,tgis-bam,fmaas-monitoring,llama3-mig3g-40gb,openshift-user-workload-monitoring/user-workload,tgis-bam,594563.0
2024-05-20 10:38:49.285000086,tgi_batch_next_tokens_sum,http,10.128.2.18:3000,tgis-bam,fmaas-monitoring,llama3-mig3g-40gb,openshift-user-workload-monitoring/user-workload,tgis-bam,594593.0
2024-05-20 10:38:54.285000086,tgi_batch_next_tokens_sum,http,10.128.2.18:3000,tgis-bam,fmaas-monitoring,llama3-mig3g-40gb,openshift-user-workload-monitoring/user-workload,tgis-bam,594606.0
2024-05-20 10:38:59.285000086,tgi_batch_next_tokens_sum,http,10.128.2.18:3000,tgis-bam,fmaas-monitoring,llama3-mig3g-40gb,openshift-user-workload-monitoring/user-workload,tgis-bam,594638.0
2024-05-20 10:39:04.285000086,tgi_batch_next_tokens_sum,http,10.128.2.18:3000,tgis-bam,fmaas-monitoring,llama3-mig3g-40gb,openshift-user-workload-monitoring/user-workload,tgis-bam,594668.0
2024-05-20 10:39:09.285000086,tgi_batch_next_tokens_sum,http,10.128.2.18:3000,tgis-bam,fmaas-monitoring,llama3-mig3g-40gb,openshift-user-workload-monitoring/user-workload,tgis-bam,594668.0
2024-05-20 10:39:14.322000027,tgi_batch_next_tokens_sum,http,10.128.2.18:3000,tgis-bam,fmaas-monitoring,llama3-mig3g-40gb,openshift-user-workload-monitoring/user-workload,tgis-bam,594685.0
2024-05-20 10:39:19.285000086,tgi_batch_next_tokens_sum,http,10.128.2.18:3000,tgis-bam,fmaas-monitoring,llama3-mig3g-40gb,openshift-user-workload-monitoring/user-workload,tgis-bam,594709.0
2024-05-20 10:39:24.285000086,tgi_batch_next_tokens_sum,http,10.128.2.18:3000,tgis-bam,fmaas-monitoring,llama3-mig3g-40gb,openshift-user-workload-monitoring/user-workload,tgis-bam,594751.0
2024-05-20 10:39:29.285000086,tgi_batch_next_tokens_sum,http,10.128.2.18:3000,tgis-bam,fmaas-monitoring,llama3-mig3g-40gb,openshift-user-workload-monitoring/user-workload,tgis-bam,594809.0
2024-05-20 10:39:34.285000086,tgi_batch_next_tokens_sum,http,10.128.2.18:3000,tgis-bam,fmaas-monitoring,llama3-mig3g-40gb,openshift-user-workload-monitoring/user-workload,tgis-bam,595047.0
2024-05-20 10:39:39.285000086,tgi_batch_next_tokens_sum,http,10.128.2.18:3000,tgis-bam,fmaas-monitoring,llama3-mig3g-40gb,openshift-user-workload-monitoring/user-workload,tgis-bam,595086.0
2024-05-20 10:39:44.285000086,tgi_batch_next_tokens_sum,http,10.128.2.18:3000,tgis-bam,fmaas-monitoring,llama3-mig3g-40gb,openshift-user-workload-monitoring/user-workload,tgis-bam,595095.0
2024-05-20 10:39:49.285000086,tgi_batch_next_tokens_sum,http,10.128.2.18:3000,tgis-bam,fmaas-monitoring,llama3-mig3g-40gb,openshift-user-workload-monitoring/user-workload,tgis-bam,595095.0
2024-05-20 10:39:54.285000086,tgi_batch_next_tokens_sum,http,10.128.2.18:3000,tgis-bam,fmaas-monitoring,llama3-mig3g-40gb,openshift-user-workload-monitoring/user-workload,tgis-bam,595108.0
2024-05-20 10:39:59.285000086,tgi_batch_next_tokens_sum,http,10.128.2.18:3000,tgis-bam,fmaas-monitoring,llama3-mig3g-40gb,openshift-user-workload-monitoring/user-workload,tgis-bam,595156.0
2024-05-20 10:40:04.285000086,tgi_batch_next_tokens_sum,http,10.128.2.18:3000,tgis-bam,fmaas-monitoring,llama3-mig3g-40gb,openshift-user-workload-monitoring/user-workload,tgis-bam,595202.0
2024-05-20 10:40:09.285000086,tgi_batch_next_tokens_sum,http,10.128.2.18:3000,tgis-bam,fmaas-monitoring,llama3-mig3g-40gb,openshift-user-workload-monitoring/user-workload,tgis-bam,595243.0
2024-05-20 10:40:14.285000086,tgi_batch_next_tokens_sum,http,10.128.2.18:3000,tgis-bam,fmaas-monitoring,llama3-mig3g-40gb,openshift-user-workload-monitoring/user-workload,tgis-bam,595243.0
2024-05-20 10:40:19.285000086,tgi_batch_next_tokens_sum,http,10.128.2.18:3000,tgis-bam,fmaas-monitoring,llama3-mig3g-40gb,openshift-user-workload-monitoring/user-workload,tgis-bam,595247.0
2024-05-20 10:40:24.285000086,tgi_batch_next_tokens_sum,http,10.128.2.18:3000,tgis-bam,fmaas-monitoring,llama3-mig3g-40gb,openshift-user-workload-monitoring/user-workload,tgis-bam,595301.0
2024-05-20 10:40:29.321000099,tgi_batch_next_tokens_sum,http,10.128.2.18:3000,tgis-bam,fmaas-monitoring,llama3-mig3g-40gb,openshift-user-workload-monitoring/user-workload,tgis-bam,595301.0
2024-05-20 10:40:34.285000086,tgi_batch_next_tokens_sum,http,10.128.2.18:3000,tgis-bam,fmaas-monitoring,llama3-mig3g-40gb,openshift-user-workload-monitoring/user-workload,tgis-bam,595327.0
2024-05-20 10:40:39.285000086,tgi_batch_next_tokens_sum,http,10.128.2.18:3000,tgis-bam,fmaas-monitoring,llama3-mig3g-40gb,openshift-user-workload-monitoring/user-workload,tgis-bam,595388.0
2024-05-20 10:40:44.285000086,tgi_batch_next_tokens_sum,http,10.128.2.18:3000,tgis-bam,fmaas-monitoring,llama3-mig3g-40gb,openshift-user-workload-monitoring/user-workload,tgis-bam,595404.0
2024-05-20 10:40:49.285000086,tgi_batch_next_tokens_sum,http,10.128.2.18:3000,tgis-bam,fmaas-monitoring,llama3-mig3g-40gb,openshift-user-workload-monitoring/user-workload,tgis-bam,595468.0
2024-05-20 10:40:54.285000086,tgi_batch_next_tokens_sum,http,10.128.2.18:3000,tgis-bam,fmaas-monitoring,llama3-mig3g-40gb,openshift-user-workload-monitoring/user-workload,tgis-bam,595502.0
2024-05-20 10:40:59.285000086,tgi_batch_next_tokens_sum,http,10.128.2.18:3000,tgis-bam,fmaas-monitoring,llama3-mig3g-40gb,openshift-user-workload-monitoring/user-workload,tgis-bam,595608.0
2024-05-20 10:41:04.285000086,tgi_batch_next_tokens_sum,http,10.128.2.18:3000,tgis-bam,fmaas-monitoring,llama3-mig3g-40gb,openshift-user-workload-monitoring/user-workload,tgis-bam,595623.0
2024-05-20 10:41:09.285000086,tgi_batch_next_tokens_sum,http,10.128.2.18:3000,tgis-bam,fmaas-monitoring,llama3-mig3g-40gb,openshift-user-workload-monitoring/user-workload,tgis-bam,595635.0
2024-05-20 10:41:14.285000086,tgi_batch_next_tokens_sum,http,10.128.2.18:3000,tgis-bam,fmaas-monitoring,llama3-mig3g-40gb,openshift-user-workload-monitoring/user-workload,tgis-bam,595683.0
2024-05-20 10:41:19.285000086,tgi_batch_next_tokens_sum,http,10.128.2.18:3000,tgis-bam,fmaas-monitoring,llama3-mig3g-40gb,openshift-user-workload-monitoring/user-workload,tgis-bam,595737.0
2024-05-20 10:41:24.285000086,tgi_batch_next_tokens_sum,http,10.128.2.18:3000,tgis-bam,fmaas-monitoring,llama3-mig3g-40gb,openshift-user-workload-monitoring/user-workload,tgis-bam,595769.0
2024-05-20 10:41:29.305999994,tgi_batch_next_tokens_sum,http,10.128.2.18:3000,tgis-bam,fmaas-monitoring,llama3-mig3g-40gb,openshift-user-workload-monitoring/user-workload,tgis-bam,595785.0
2024-05-20 10:41:34.285000086,tgi_batch_next_tokens_sum,http,10.128.2.18:3000,tgis-bam,fmaas-monitoring,llama3-mig3g-40gb,openshift-user-workload-monitoring/user-workload,tgis-bam,595801.0
2024-05-20 10:41:39.285000086,tgi_batch_next_tokens_sum,http,10.128.2.18:3000,tgis-bam,fmaas-monitoring,llama3-mig3g-40gb,openshift-user-workload-monitoring/user-workload,tgis-bam,595839.0
2024-05-20 10:41:44.285000086,tgi_batch_next_tokens_sum,http,10.128.2.18:3000,tgis-bam,fmaas-monitoring,llama3-mig3g-40gb,openshift-user-workload-monitoring/user-workload,tgis-bam,596010.0
2024-05-20 10:41:49.285000086,tgi_batch_next_tokens_sum,http,10.128.2.18:3000,tgis-bam,fmaas-monitoring,llama3-mig3g-40gb,openshift-user-workload-monitoring/user-workload,tgis-bam,596103.0
2024-05-20 10:41:54.285000086,tgi_batch_next_tokens_sum,http,10.128.2.18:3000,tgis-bam,fmaas-monitoring,llama3-mig3g-40gb,openshift-user-workload-monitoring/user-workload,tgis-bam,596103.0
2024-05-20 10:41:59.285000086,tgi_batch_next_tokens_sum,http,10.128.2.18:3000,tgis-bam,fmaas-monitoring,llama3-mig3g-40gb,openshift-user-workload-monitoring/user-workload,tgis-bam,596190.0
2024-05-20 10:42:04.285000086,tgi_batch_next_tokens_sum,http,10.128.2.18:3000,tgis-bam,fmaas-monitoring,llama3-mig3g-40gb,openshift-user-workload-monitoring/user-workload,tgis-bam,596297.0
2024-05-20 10:42:09.285000086,tgi_batch_next_tokens_sum,http,10.128.2.18:3000,tgis-bam,fmaas-monitoring,llama3-mig3g-40gb,openshift-user-workload-monitoring/user-workload,tgis-bam,596297.0
2024-05-20 10:42:14.285000086,tgi_batch_next_tokens_sum,http,10.128.2.18:3000,tgis-bam,fmaas-monitoring,llama3-mig3g-40gb,openshift-user-workload-monitoring/user-workload,tgis-bam,596451.0
2024-05-20 10:42:19.285000086,tgi_batch_next_tokens_sum,http,10.128.2.18:3000,tgis-bam,fmaas-monitoring,llama3-mig3g-40gb,openshift-user-workload-monitoring/user-workload,tgis-bam,596464.0
2024-05-20 10:42:24.285000086,tgi_batch_next_tokens_sum,http,10.128.2.18:3000,tgis-bam,fmaas-monitoring,llama3-mig3g-40gb,openshift-user-workload-monitoring/user-workload,tgis-bam,596491.0
2024-05-20 10:42:29.285000086,tgi_batch_next_tokens_sum,http,10.128.2.18:3000,tgis-bam,fmaas-monitoring,llama3-mig3g-40gb,openshift-user-workload-monitoring/user-workload,tgis-bam,596507.0
2024-05-20 10:42:34.285000086,tgi_batch_next_tokens_sum,http,10.128.2.18:3000,tgis-bam,fmaas-monitoring,llama3-mig3g-40gb,openshift-user-workload-monitoring/user-workload,tgis-bam,596611.0
2024-05-20 10:42:39.285000086,tgi_batch_next_tokens_sum,http,10.128.2.18:3000,tgis-bam,fmaas-monitoring,llama3-mig3g-40gb,openshift-user-workload-monitoring/user-workload,tgis-bam,596656.0
2024-05-20 10:42:44.285000086,tgi_batch_next_tokens_sum,http,10.128.2.18:3000,tgis-bam,fmaas-monitoring,llama3-mig3g-40gb,openshift-user-workload-monitoring/user-workload,tgis-bam,596773.0
2024-05-20 10:42:49.285000086,tgi_batch_next_tokens_sum,http,10.128.2.18:3000,tgis-bam,fmaas-monitoring,llama3-mig3g-40gb,openshift-user-workload-monitoring/user-workload,tgis-bam,596918.0
2024-05-20 10:42:54.285000086,tgi_batch_next_tokens_sum,http,10.128.2.18:3000,tgis-bam,fmaas-monitoring,llama3-mig3g-40gb,openshift-user-workload-monitoring/user-workload,tgis-bam,596968.0
2024-05-20 10:42:59.285000086,tgi_batch_next_tokens_sum,http,10.128.2.18:3000,tgis-bam,fmaas-monitoring,llama3-mig3g-40gb,openshift-user-workload-monitoring/user-workload,tgis-bam,597056.0
2024-05-20 10:43:04.285000086,tgi_batch_next_tokens_sum,http,10.128.2.18:3000,tgis-bam,fmaas-monitoring,llama3-mig3g-40gb,openshift-user-workload-monitoring/user-workload,tgis-bam,597168.0
2024-05-20 10:43:09.285000086,tgi_batch_next_tokens_sum,http,10.128.2.18:3000,tgis-bam,fmaas-monitoring,llama3-mig3g-40gb,openshift-user-workload-monitoring/user-workload,tgis-bam,597198.0
2024-05-20 10:43:14.285000086,tgi_batch_next_tokens_sum,http,10.128.2.18:3000,tgis-bam,fmaas-monitoring,llama3-mig3g-40gb,openshift-user-workload-monitoring/user-workload,tgis-bam,597198.0
2024-05-20 10:43:19.285000086,tgi_batch_next_tokens_sum,http,10.128.2.18:3000,tgis-bam,fmaas-monitoring,llama3-mig3g-40gb,openshift-user-workload-monitoring/user-workload,tgis-bam,597294.0
2024-05-20 10:43:24.285000086,tgi_batch_next_tokens_sum,http,10.128.2.18:3000,tgis-bam,fmaas-monitoring,llama3-mig3g-40gb,openshift-user-workload-monitoring/user-workload,tgis-bam,597316.0
2024-05-20 10:43:29.285000086,tgi_batch_next_tokens_sum,http,10.128.2.18:3000,tgis-bam,fmaas-monitoring,llama3-mig3g-40gb,openshift-user-workload-monitoring/user-workload,tgis-bam,597337.0
2024-05-20 10:43:34.285000086,tgi_batch_next_tokens_sum,http,10.128.2.18:3000,tgis-bam,fmaas-monitoring,llama3-mig3g-40gb,openshift-user-workload-monitoring/user-workload,tgis-bam,597358.0
2024-05-20 10:43:39.285000086,tgi_batch_next_tokens_sum,http,10.128.2.18:3000,tgis-bam,fmaas-monitoring,llama3-mig3g-40gb,openshift-user-workload-monitoring/user-workload,tgis-bam,597554.0
2024-05-20 10:43:44.285000086,tgi_batch_next_tokens_sum,http,10.128.2.18:3000,tgis-bam,fmaas-monitoring,llama3-mig3g-40gb,openshift-user-workload-monitoring/user-workload,tgis-bam,597592.0
2024-05-20 10:43:49.359999895,tgi_batch_next_tokens_sum,http,10.128.2.18:3000,tgis-bam,fmaas-monitoring,llama3-mig3g-40gb,openshift-user-workload-monitoring/user-workload,tgis-bam,597624.0
2024-05-20 10:43:54.285000086,tgi_batch_next_tokens_sum,http,10.128.2.18:3000,tgis-bam,fmaas-monitoring,llama3-mig3g-40gb,openshift-user-workload-monitoring/user-workload,tgis-bam,597705.0
2024-05-20 10:43:59.285000086,tgi_batch_next_tokens_sum,http,10.128.2.18:3000,tgis-bam,fmaas-monitoring,llama3-mig3g-40gb,openshift-user-workload-monitoring/user-workload,tgis-bam,597959.0
2024-05-20 10:44:04.296000004,tgi_batch_next_tokens_sum,http,10.128.2.18:3000,tgis-bam,fmaas-monitoring,llama3-mig3g-40gb,openshift-user-workload-monitoring/user-workload,tgis-bam,598106.0
2024-05-20 10:44:09.285000086,tgi_batch_next_tokens_sum,http,10.128.2.18:3000,tgis-bam,fmaas-monitoring,llama3-mig3g-40gb,openshift-user-workload-monitoring/user-workload,tgis-bam,598222.0
2024-05-20 10:44:14.285000086,tgi_batch_next_tokens_sum,http,10.128.2.18:3000,tgis-bam,fmaas-monitoring,llama3-mig3g-40gb,openshift-user-workload-monitoring/user-workload,tgis-bam,598288.0
2024-05-20 10:44:19.285000086,tgi_batch_next_tokens_sum,http,10.128.2.18:3000,tgis-bam,fmaas-monitoring,llama3-mig3g-40gb,openshift-user-workload-monitoring/user-workload,tgis-bam,598288.0
2024-05-20 10:44:24.285000086,tgi_batch_next_tokens_sum,http,10.128.2.18:3000,tgis-bam,fmaas-monitoring,llama3-mig3g-40gb,openshift-user-workload-monitoring/user-workload,tgis-bam,598300.0
2024-05-20 10:44:29.303999901,tgi_batch_next_tokens_sum,http,10.128.2.18:3000,tgis-bam,fmaas-monitoring,llama3-mig3g-40gb,openshift-user-workload-monitoring/user-workload,tgis-bam,598309.0
2024-05-20 10:44:34.285000086,tgi_batch_next_tokens_sum,http,10.128.2.18:3000,tgis-bam,fmaas-monitoring,llama3-mig3g-40gb,openshift-user-workload-monitoring/user-workload,tgis-bam,598358.0
2024-05-20 10:44:39.285000086,tgi_batch_next_tokens_sum,http,10.128.2.18:3000,tgis-bam,fmaas-monitoring,llama3-mig3g-40gb,openshift-user-workload-monitoring/user-workload,tgis-bam,598426.0
2024-05-20 10:44:44.285000086,tgi_batch_next_tokens_sum,http,10.128.2.18:3000,tgis-bam,fmaas-monitoring,llama3-mig3g-40gb,openshift-user-workload-monitoring/user-workload,tgis-bam,598506.0
2024-05-20 10:44:49.285000086,tgi_batch_next_tokens_sum,http,10.128.2.18:3000,tgis-bam,fmaas-monitoring,llama3-mig3g-40gb,openshift-user-workload-monitoring/user-workload,tgis-bam,598656.0
2024-05-20 10:44:54.285000086,tgi_batch_next_tokens_sum,http,10.128.2.18:3000,tgis-bam,fmaas-monitoring,llama3-mig3g-40gb,openshift-user-workload-monitoring/user-workload,tgis-bam,598698.0
2024-05-20 10:44:59.285000086,tgi_batch_next_tokens_sum,http,10.128.2.18:3000,tgis-bam,fmaas-monitoring,llama3-mig3g-40gb,openshift-user-workload-monitoring/user-workload,tgis-bam,598760.0
2024-05-20 10:45:04.285000086,tgi_batch_next_tokens_sum,http,10.128.2.18:3000,tgis-bam,fmaas-monitoring,llama3-mig3g-40gb,openshift-user-workload-monitoring/user-workload,tgis-bam,598917.0
2024-05-20 10:45:09.285000086,tgi_batch_next_tokens_sum,http,10.128.2.18:3000,tgis-bam,fmaas-monitoring,llama3-mig3g-40gb,openshift-user-workload-monitoring/user-workload,tgis-bam,599077.0
2024-05-20 10:45:14.285000086,tgi_batch_next_tokens_sum,http,10.128.2.18:3000,tgis-bam,fmaas-monitoring,llama3-mig3g-40gb,openshift-user-workload-monitoring/user-workload,tgis-bam,599104.0
2024-05-20 10:45:19.285000086,tgi_batch_next_tokens_sum,http,10.128.2.18:3000,tgis-bam,fmaas-monitoring,llama3-mig3g-40gb,openshift-user-workload-monitoring/user-workload,tgis-bam,599138.0
2024-05-20 10:45:24.285000086,tgi_batch_next_tokens_sum,http,10.128.2.18:3000,tgis-bam,fmaas-monitoring,llama3-mig3g-40gb,openshift-user-workload-monitoring/user-workload,tgis-bam,599170.0
2024-05-20 10:45:29.285000086,tgi_batch_next_tokens_sum,http,10.128.2.18:3000,tgis-bam,fmaas-monitoring,llama3-mig3g-40gb,openshift-user-workload-monitoring/user-workload,tgis-bam,599192.0
2024-05-20 10:45:34.285000086,tgi_batch_next_tokens_sum,http,10.128.2.18:3000,tgis-bam,fmaas-monitoring,llama3-mig3g-40gb,openshift-user-workload-monitoring/user-workload,tgis-bam,599248.0
2024-05-20 10:45:39.285000086,tgi_batch_next_tokens_sum,http,10.128.2.18:3000,tgis-bam,fmaas-monitoring,llama3-mig3g-40gb,openshift-user-workload-monitoring/user-workload,tgis-bam,599371.0
2024-05-20 10:45:44.285000086,tgi_batch_next_tokens_sum,http,10.128.2.18:3000,tgis-bam,fmaas-monitoring,llama3-mig3g-40gb,openshift-user-workload-monitoring/user-workload,tgis-bam,599445.0
2024-05-20 10:45:49.285000086,tgi_batch_next_tokens_sum,http,10.128.2.18:3000,tgis-bam,fmaas-monitoring,llama3-mig3g-40gb,openshift-user-workload-monitoring/user-workload,tgis-bam,599706.0
2024-05-20 10:45:54.285000086,tgi_batch_next_tokens_sum,http,10.128.2.18:3000,tgis-bam,fmaas-monitoring,llama3-mig3g-40gb,openshift-user-workload-monitoring/user-workload,tgis-bam,599965.0
2024-05-20 10:45:59.285000086,tgi_batch_next_tokens_sum,http,10.128.2.18:3000,tgis-bam,fmaas-monitoring,llama3-mig3g-40gb,openshift-user-workload-monitoring/user-workload,tgis-bam,599995.0
2024-05-20 10:46:04.285000086,tgi_batch_next_tokens_sum,http,10.128.2.18:3000,tgis-bam,fmaas-monitoring,llama3-mig3g-40gb,openshift-user-workload-monitoring/user-workload,tgis-bam,600076.0
2024-05-20 10:46:09.285000086,tgi_batch_next_tokens_sum,http,10.128.2.18:3000,tgis-bam,fmaas-monitoring,llama3-mig3g-40gb,openshift-user-workload-monitoring/user-workload,tgis-bam,600076.0
2024-05-20 10:46:14.285000086,tgi_batch_next_tokens_sum,http,10.128.2.18:3000,tgis-bam,fmaas-monitoring,llama3-mig3g-40gb,openshift-user-workload-monitoring/user-workload,tgis-bam,600076.0
2024-05-20 10:46:19.285000086,tgi_batch_next_tokens_sum,http,10.128.2.18:3000,tgis-bam,fmaas-monitoring,llama3-mig3g-40gb,openshift-user-workload-monitoring/user-workload,tgis-bam,600110.0
2024-05-20 10:46:24.285000086,tgi_batch_next_tokens_sum,http,10.128.2.18:3000,tgis-bam,fmaas-monitoring,llama3-mig3g-40gb,openshift-user-workload-monitoring/user-workload,tgis-bam,600147.0
2024-05-20 10:46:29.285000086,tgi_batch_next_tokens_sum,http,10.128.2.18:3000,tgis-bam,fmaas-monitoring,llama3-mig3g-40gb,openshift-user-workload-monitoring/user-workload,tgis-bam,600185.0
2024-05-20 10:46:34.285000086,tgi_batch_next_tokens_sum,http,10.128.2.18:3000,tgis-bam,fmaas-monitoring,llama3-mig3g-40gb,openshift-user-workload-monitoring/user-workload,tgis-bam,600200.0
2024-05-20 10:46:39.285000086,tgi_batch_next_tokens_sum,http,10.128.2.18:3000,tgis-bam,fmaas-monitoring,llama3-mig3g-40gb,openshift-user-workload-monitoring/user-workload,tgis-bam,600256.0
2024-05-20 10:46:44.285000086,tgi_batch_next_tokens_sum,http,10.128.2.18:3000,tgis-bam,fmaas-monitoring,llama3-mig3g-40gb,openshift-user-workload-monitoring/user-workload,tgis-bam,600480.0
2024-05-20 10:46:49.285000086,tgi_batch_next_tokens_sum,http,10.128.2.18:3000,tgis-bam,fmaas-monitoring,llama3-mig3g-40gb,openshift-user-workload-monitoring/user-workload,tgis-bam,600692.0
2024-05-20 10:46:54.285000086,tgi_batch_next_tokens_sum,http,10.128.2.18:3000,tgis-bam,fmaas-monitoring,llama3-mig3g-40gb,openshift-user-workload-monitoring/user-workload,tgis-bam,600808.0
2024-05-20 10:46:59.285000086,tgi_batch_next_tokens_sum,http,10.128.2.18:3000,tgis-bam,fmaas-monitoring,llama3-mig3g-40gb,openshift-user-workload-monitoring/user-workload,tgis-bam,600838.0
2024-05-20 10:47:04.285000086,tgi_batch_next_tokens_sum,http,10.128.2.18:3000,tgis-bam,fmaas-monitoring,llama3-mig3g-40gb,openshift-user-workload-monitoring/user-workload,tgis-bam,601055.0
2024-05-20 10:47:09.285000086,tgi_batch_next_tokens_sum,http,10.128.2.18:3000,tgis-bam,fmaas-monitoring,llama3-mig3g-40gb,openshift-user-workload-monitoring/user-workload,tgis-bam,601074.0
2024-05-20 10:47:14.285000086,tgi_batch_next_tokens_sum,http,10.128.2.18:3000,tgis-bam,fmaas-monitoring,llama3-mig3g-40gb,openshift-user-workload-monitoring/user-workload,tgis-bam,601175.0
2024-05-20 10:47:19.285000086,tgi_batch_next_tokens_sum,http,10.128.2.18:3000,tgis-bam,fmaas-monitoring,llama3-mig3g-40gb,openshift-user-workload-monitoring/user-workload,tgis-bam,601204.0
2024-05-20 10:47:24.285000086,tgi_batch_next_tokens_sum,http,10.128.2.18:3000,tgis-bam,fmaas-monitoring,llama3-mig3g-40gb,openshift-user-workload-monitoring/user-workload,tgis-bam,601204.0
2024-05-20 10:47:29.285000086,tgi_batch_next_tokens_sum,http,10.128.2.18:3000,tgis-bam,fmaas-monitoring,llama3-mig3g-40gb,openshift-user-workload-monitoring/user-workload,tgis-bam,601286.0
2024-05-20 10:47:34.285000086,tgi_batch_next_tokens_sum,http,10.128.2.18:3000,tgis-bam,fmaas-monitoring,llama3-mig3g-40gb,openshift-user-workload-monitoring/user-workload,tgis-bam,601317.0
2024-05-20 10:47:39.285000086,tgi_batch_next_tokens_sum,http,10.128.2.18:3000,tgis-bam,fmaas-monitoring,llama3-mig3g-40gb,openshift-user-workload-monitoring/user-workload,tgis-bam,601462.0
2024-05-20 10:47:44.285000086,tgi_batch_next_tokens_sum,http,10.128.2.18:3000,tgis-bam,fmaas-monitoring,llama3-mig3g-40gb,openshift-user-workload-monitoring/user-workload,tgis-bam,601534.0
2024-05-20 10:47:49.285000086,tgi_batch_next_tokens_sum,http,10.128.2.18:3000,tgis-bam,fmaas-monitoring,llama3-mig3g-40gb,openshift-user-workload-monitoring/user-workload,tgis-bam,601587.0
2024-05-20 10:47:54.285000086,tgi_batch_next_tokens_sum,http,10.128.2.18:3000,tgis-bam,fmaas-monitoring,llama3-mig3g-40gb,openshift-user-workload-monitoring/user-workload,tgis-bam,601626.0
2024-05-20 10:47:59.285000086,tgi_batch_next_tokens_sum,http,10.128.2.18:3000,tgis-bam,fmaas-monitoring,llama3-mig3g-40gb,openshift-user-workload-monitoring/user-workload,tgis-bam,601756.0
2024-05-20 10:48:04.285000086,tgi_batch_next_tokens_sum,http,10.128.2.18:3000,tgis-bam,fmaas-monitoring,llama3-mig3g-40gb,openshift-user-workload-monitoring/user-workload,tgis-bam,601867.0
2024-05-20 10:48:09.285000086,tgi_batch_next_tokens_sum,http,10.128.2.18:3000,tgis-bam,fmaas-monitoring,llama3-mig3g-40gb,openshift-user-workload-monitoring/user-workload,tgis-bam,602049.0
2024-05-20 10:48:14.285000086,tgi_batch_next_tokens_sum,http,10.128.2.18:3000,tgis-bam,fmaas-monitoring,llama3-mig3g-40gb,openshift-user-workload-monitoring/user-workload,tgis-bam,602201.0
2024-05-20 10:48:19.285000086,tgi_batch_next_tokens_sum,http,10.128.2.18:3000,tgis-bam,fmaas-monitoring,llama3-mig3g-40gb,openshift-user-workload-monitoring/user-workload,tgis-bam,602290.0
2024-05-20 10:48:24.285000086,tgi_batch_next_tokens_sum,http,10.128.2.18:3000,tgis-bam,fmaas-monitoring,llama3-mig3g-40gb,openshift-user-workload-monitoring/user-workload,tgis-bam,602321.0
2024-05-20 10:48:29.285000086,tgi_batch_next_tokens_sum,http,10.128.2.18:3000,tgis-bam,fmaas-monitoring,llama3-mig3g-40gb,openshift-user-workload-monitoring/user-workload,tgis-bam,602321.0
2024-05-20 10:48:34.285000086,tgi_batch_next_tokens_sum,http,10.128.2.18:3000,tgis-bam,fmaas-monitoring,llama3-mig3g-40gb,openshift-user-workload-monitoring/user-workload,tgis-bam,602427.0
2024-05-20 10:48:39.286999941,tgi_batch_next_tokens_sum,http,10.128.2.18:3000,tgis-bam,fmaas-monitoring,llama3-mig3g-40gb,openshift-user-workload-monitoring/user-workload,tgis-bam,602595.0
2024-05-20 10:48:44.285000086,tgi_batch_next_tokens_sum,http,10.128.2.18:3000,tgis-bam,fmaas-monitoring,llama3-mig3g-40gb,openshift-user-workload-monitoring/user-workload,tgis-bam,602747.0
2024-05-20 10:48:49.285000086,tgi_batch_next_tokens_sum,http,10.128.2.18:3000,tgis-bam,fmaas-monitoring,llama3-mig3g-40gb,openshift-user-workload-monitoring/user-workload,tgis-bam,602845.0
2024-05-20 10:48:54.285000086,tgi_batch_next_tokens_sum,http,10.128.2.18:3000,tgis-bam,fmaas-monitoring,llama3-mig3g-40gb,openshift-user-workload-monitoring/user-workload,tgis-bam,602959.0
2024-05-20 10:48:59.285000086,tgi_batch_next_tokens_sum,http,10.128.2.18:3000,tgis-bam,fmaas-monitoring,llama3-mig3g-40gb,openshift-user-workload-monitoring/user-workload,tgis-bam,603029.0
2024-05-20 10:49:04.285000086,tgi_batch_next_tokens_sum,http,10.128.2.18:3000,tgis-bam,fmaas-monitoring,llama3-mig3g-40gb,openshift-user-workload-monitoring/user-workload,tgis-bam,603307.0
2024-05-20 10:49:09.285000086,tgi_batch_next_tokens_sum,http,10.128.2.18:3000,tgis-bam,fmaas-monitoring,llama3-mig3g-40gb,openshift-user-workload-monitoring/user-workload,tgis-bam,603333.0
2024-05-20 10:49:14.285000086,tgi_batch_next_tokens_sum,http,10.128.2.18:3000,tgis-bam,fmaas-monitoring,llama3-mig3g-40gb,openshift-user-workload-monitoring/user-workload,tgis-bam,603410.0
2024-05-20 10:49:19.285000086,tgi_batch_next_tokens_sum,http,10.128.2.18:3000,tgis-bam,fmaas-monitoring,llama3-mig3g-40gb,openshift-user-workload-monitoring/user-workload,tgis-bam,603450.0
2024-05-20 10:49:24.285000086,tgi_batch_next_tokens_sum,http,10.128.2.18:3000,tgis-bam,fmaas-monitoring,llama3-mig3g-40gb,openshift-user-workload-monitoring/user-workload,tgis-bam,603488.0
2024-05-20 10:49:29.285000086,tgi_batch_next_tokens_sum,http,10.128.2.18:3000,tgis-bam,fmaas-monitoring,llama3-mig3g-40gb,openshift-user-workload-monitoring/user-workload,tgis-bam,603500.0
2024-05-20 10:49:34.285000086,tgi_batch_next_tokens_sum,http,10.128.2.18:3000,tgis-bam,fmaas-monitoring,llama3-mig3g-40gb,openshift-user-workload-monitoring/user-workload,tgis-bam,603539.0
2024-05-20 10:49:39.285000086,tgi_batch_next_tokens_sum,http,10.128.2.18:3000,tgis-bam,fmaas-monitoring,llama3-mig3g-40gb,openshift-user-workload-monitoring/user-workload,tgis-bam,603702.0
2024-05-20 10:49:44.285000086,tgi_batch_next_tokens_sum,http,10.128.2.18:3000,tgis-bam,fmaas-monitoring,llama3-mig3g-40gb,openshift-user-workload-monitoring/user-workload,tgis-bam,603816.0
2024-05-20 10:49:49.285000086,tgi_batch_next_tokens_sum,http,10.128.2.18:3000,tgis-bam,fmaas-monitoring,llama3-mig3g-40gb,openshift-user-workload-monitoring/user-workload,tgis-bam,604003.0
2024-05-20 10:49:54.285000086,tgi_batch_next_tokens_sum,http,10.128.2.18:3000,tgis-bam,fmaas-monitoring,llama3-mig3g-40gb,openshift-user-workload-monitoring/user-workload,tgis-bam,604079.0
2024-05-20 10:49:59.285000086,tgi_batch_next_tokens_sum,http,10.128.2.18:3000,tgis-bam,fmaas-monitoring,llama3-mig3g-40gb,openshift-user-workload-monitoring/user-workload,tgis-bam,604095.0
2024-05-20 10:50:04.285000086,tgi_batch_next_tokens_sum,http,10.128.2.18:3000,tgis-bam,fmaas-monitoring,llama3-mig3g-40gb,openshift-user-workload-monitoring/user-workload,tgis-bam,604152.0
2024-05-20 10:50:09.285000086,tgi_batch_next_tokens_sum,http,10.128.2.18:3000,tgis-bam,fmaas-monitoring,llama3-mig3g-40gb,openshift-user-workload-monitoring/user-workload,tgis-bam,604214.0
2024-05-20 10:50:14.285000086,tgi_batch_next_tokens_sum,http,10.128.2.18:3000,tgis-bam,fmaas-monitoring,llama3-mig3g-40gb,openshift-user-workload-monitoring/user-workload,tgis-bam,604378.0
2024-05-20 10:50:19.332000017,tgi_batch_next_tokens_sum,http,10.128.2.18:3000,tgis-bam,fmaas-monitoring,llama3-mig3g-40gb,openshift-user-workload-monitoring/user-workload,tgis-bam,604427.0
2024-05-20 10:50:24.285000086,tgi_batch_next_tokens_sum,http,10.128.2.18:3000,tgis-bam,fmaas-monitoring,llama3-mig3g-40gb,openshift-user-workload-monitoring/user-workload,tgis-bam,604437.0
2024-05-20 10:50:29.285000086,tgi_batch_next_tokens_sum,http,10.128.2.18:3000,tgis-bam,fmaas-monitoring,llama3-mig3g-40gb,openshift-user-workload-monitoring/user-workload,tgis-bam,604484.0
2024-05-20 10:50:34.285000086,tgi_batch_next_tokens_sum,http,10.128.2.18:3000,tgis-bam,fmaas-monitoring,llama3-mig3g-40gb,openshift-user-workload-monitoring/user-workload,tgis-bam,604551.0
2024-05-20 10:50:39.285000086,tgi_batch_next_tokens_sum,http,10.128.2.18:3000,tgis-bam,fmaas-monitoring,llama3-mig3g-40gb,openshift-user-workload-monitoring/user-workload,tgis-bam,604731.0
2024-05-20 10:50:44.285000086,tgi_batch_next_tokens_sum,http,10.128.2.18:3000,tgis-bam,fmaas-monitoring,llama3-mig3g-40gb,openshift-user-workload-monitoring/user-workload,tgis-bam,604901.0
2024-05-20 10:50:49.285000086,tgi_batch_next_tokens_sum,http,10.128.2.18:3000,tgis-bam,fmaas-monitoring,llama3-mig3g-40gb,openshift-user-workload-monitoring/user-workload,tgis-bam,605083.0
2024-05-20 10:50:54.285000086,tgi_batch_next_tokens_sum,http,10.128.2.18:3000,tgis-bam,fmaas-monitoring,llama3-mig3g-40gb,openshift-user-workload-monitoring/user-workload,tgis-bam,605275.0
2024-05-20 10:50:59.328999996,tgi_batch_next_tokens_sum,http,10.128.2.18:3000,tgis-bam,fmaas-monitoring,llama3-mig3g-40gb,openshift-user-workload-monitoring/user-workload,tgis-bam,605396.0
2024-05-20 10:51:04.285000086,tgi_batch_next_tokens_sum,http,10.128.2.18:3000,tgis-bam,fmaas-monitoring,llama3-mig3g-40gb,openshift-user-workload-monitoring/user-workload,tgis-bam,605471.0
2024-05-20 10:51:09.285000086,tgi_batch_next_tokens_sum,http,10.128.2.18:3000,tgis-bam,fmaas-monitoring,llama3-mig3g-40gb,openshift-user-workload-monitoring/user-workload,tgis-bam,605516.0
2024-05-20 10:51:14.285000086,tgi_batch_next_tokens_sum,http,10.128.2.18:3000,tgis-bam,fmaas-monitoring,llama3-mig3g-40gb,openshift-user-workload-monitoring/user-workload,tgis-bam,605560.0
2024-05-20 10:51:19.285000086,tgi_batch_next_tokens_sum,http,10.128.2.18:3000,tgis-bam,fmaas-monitoring,llama3-mig3g-40gb,openshift-user-workload-monitoring/user-workload,tgis-bam,605560.0
2024-05-20 10:51:24.285000086,tgi_batch_next_tokens_sum,http,10.128.2.18:3000,tgis-bam,fmaas-monitoring,llama3-mig3g-40gb,openshift-user-workload-monitoring/user-workload,tgis-bam,605576.0
2024-05-20 10:51:29.285000086,tgi_batch_next_tokens_sum,http,10.128.2.18:3000,tgis-bam,fmaas-monitoring,llama3-mig3g-40gb,openshift-user-workload-monitoring/user-workload,tgis-bam,605623.0
2024-05-20 10:51:34.285000086,tgi_batch_next_tokens_sum,http,10.128.2.18:3000,tgis-bam,fmaas-monitoring,llama3-mig3g-40gb,openshift-user-workload-monitoring/user-workload,tgis-bam,605703.0
2024-05-20 10:51:39.285000086,tgi_batch_next_tokens_sum,http,10.128.2.18:3000,tgis-bam,fmaas-monitoring,llama3-mig3g-40gb,openshift-user-workload-monitoring/user-workload,tgis-bam,605775.0
2024-05-20 10:51:44.285000086,tgi_batch_next_tokens_sum,http,10.128.2.18:3000,tgis-bam,fmaas-monitoring,llama3-mig3g-40gb,openshift-user-workload-monitoring/user-workload,tgis-bam,605861.0
2024-05-20 10:51:49.285000086,tgi_batch_next_tokens_sum,http,10.128.2.18:3000,tgis-bam,fmaas-monitoring,llama3-mig3g-40gb,openshift-user-workload-monitoring/user-workload,tgis-bam,605923.0
2024-05-20 10:51:54.285000086,tgi_batch_next_tokens_sum,http,10.128.2.18:3000,tgis-bam,fmaas-monitoring,llama3-mig3g-40gb,openshift-user-workload-monitoring/user-workload,tgis-bam,606167.0
2024-05-20 10:51:59.285000086,tgi_batch_next_tokens_sum,http,10.128.2.18:3000,tgis-bam,fmaas-monitoring,llama3-mig3g-40gb,openshift-user-workload-monitoring/user-workload,tgis-bam,606212.0
2024-05-20 10:52:04.285000086,tgi_batch_next_tokens_sum,http,10.128.2.18:3000,tgis-bam,fmaas-monitoring,llama3-mig3g-40gb,openshift-user-workload-monitoring/user-workload,tgis-bam,606289.0
2024-05-20 10:52:09.285000086,tgi_batch_next_tokens_sum,http,10.128.2.18:3000,tgis-bam,fmaas-monitoring,llama3-mig3g-40gb,openshift-user-workload-monitoring/user-workload,tgis-bam,606432.0
2024-05-20 10:52:14.285000086,tgi_batch_next_tokens_sum,http,10.128.2.18:3000,tgis-bam,fmaas-monitoring,llama3-mig3g-40gb,openshift-user-workload-monitoring/user-workload,tgis-bam,606544.0
2024-05-20 10:52:19.285000086,tgi_batch_next_tokens_sum,http,10.128.2.18:3000,tgis-bam,fmaas-monitoring,llama3-mig3g-40gb,openshift-user-workload-monitoring/user-workload,tgis-bam,606758.0
2024-05-20 10:52:24.285000086,tgi_batch_next_tokens_sum,http,10.128.2.18:3000,tgis-bam,fmaas-monitoring,llama3-mig3g-40gb,openshift-user-workload-monitoring/user-workload,tgis-bam,606779.0
2024-05-20 10:52:29.285000086,tgi_batch_next_tokens_sum,http,10.128.2.18:3000,tgis-bam,fmaas-monitoring,llama3-mig3g-40gb,openshift-user-workload-monitoring/user-workload,tgis-bam,606779.0
2024-05-20 10:52:34.285000086,tgi_batch_next_tokens_sum,http,10.128.2.18:3000,tgis-bam,fmaas-monitoring,llama3-mig3g-40gb,openshift-user-workload-monitoring/user-workload,tgis-bam,606889.0
2024-05-20 10:52:39.285000086,tgi_batch_next_tokens_sum,http,10.128.2.18:3000,tgis-bam,fmaas-monitoring,llama3-mig3g-40gb,openshift-user-workload-monitoring/user-workload,tgis-bam,606922.0
2024-05-20 10:52:44.285000086,tgi_batch_next_tokens_sum,http,10.128.2.18:3000,tgis-bam,fmaas-monitoring,llama3-mig3g-40gb,openshift-user-workload-monitoring/user-workload,tgis-bam,606984.0
2024-05-20 10:52:49.285000086,tgi_batch_next_tokens_sum,http,10.128.2.18:3000,tgis-bam,fmaas-monitoring,llama3-mig3g-40gb,openshift-user-workload-monitoring/user-workload,tgis-bam,607052.0
2024-05-20 10:52:54.285000086,tgi_batch_next_tokens_sum,http,10.128.2.18:3000,tgis-bam,fmaas-monitoring,llama3-mig3g-40gb,openshift-user-workload-monitoring/user-workload,tgis-bam,607144.0
2024-05-20 10:52:59.285000086,tgi_batch_next_tokens_sum,http,10.128.2.18:3000,tgis-bam,fmaas-monitoring,llama3-mig3g-40gb,openshift-user-workload-monitoring/user-workload,tgis-bam,607227.0
2024-05-20 10:53:04.285000086,tgi_batch_next_tokens_sum,http,10.128.2.18:3000,tgis-bam,fmaas-monitoring,llama3-mig3g-40gb,openshift-user-workload-monitoring/user-workload,tgis-bam,607258.0
2024-05-20 10:53:09.285000086,tgi_batch_next_tokens_sum,http,10.128.2.18:3000,tgis-bam,fmaas-monitoring,llama3-mig3g-40gb,openshift-user-workload-monitoring/user-workload,tgis-bam,607380.0
2024-05-20 10:53:14.285000086,tgi_batch_next_tokens_sum,http,10.128.2.18:3000,tgis-bam,fmaas-monitoring,llama3-mig3g-40gb,openshift-user-workload-monitoring/user-workload,tgis-bam,607396.0
2024-05-20 10:53:19.285000086,tgi_batch_next_tokens_sum,http,10.128.2.18:3000,tgis-bam,fmaas-monitoring,llama3-mig3g-40gb,openshift-user-workload-monitoring/user-workload,tgis-bam,607396.0
2024-05-20 10:53:24.285000086,tgi_batch_next_tokens_sum,http,10.128.2.18:3000,tgis-bam,fmaas-monitoring,llama3-mig3g-40gb,openshift-user-workload-monitoring/user-workload,tgis-bam,607418.0
2024-05-20 10:53:29.285000086,tgi_batch_next_tokens_sum,http,10.128.2.18:3000,tgis-bam,fmaas-monitoring,llama3-mig3g-40gb,openshift-user-workload-monitoring/user-workload,tgis-bam,607434.0
2024-05-20 10:53:34.285000086,tgi_batch_next_tokens_sum,http,10.128.2.18:3000,tgis-bam,fmaas-monitoring,llama3-mig3g-40gb,openshift-user-workload-monitoring/user-workload,tgis-bam,607464.0
2024-05-20 10:53:39.285000086,tgi_batch_next_tokens_sum,http,10.128.2.18:3000,tgis-bam,fmaas-monitoring,llama3-mig3g-40gb,openshift-user-workload-monitoring/user-workload,tgis-bam,607574.0
2024-05-20 10:53:44.285000086,tgi_batch_next_tokens_sum,http,10.128.2.18:3000,tgis-bam,fmaas-monitoring,llama3-mig3g-40gb,openshift-user-workload-monitoring/user-workload,tgis-bam,607818.0
2024-05-20 10:53:49.285000086,tgi_batch_next_tokens_sum,http,10.128.2.18:3000,tgis-bam,fmaas-monitoring,llama3-mig3g-40gb,openshift-user-workload-monitoring/user-workload,tgis-bam,607853.0
2024-05-20 10:53:54.285000086,tgi_batch_next_tokens_sum,http,10.128.2.18:3000,tgis-bam,fmaas-monitoring,llama3-mig3g-40gb,openshift-user-workload-monitoring/user-workload,tgis-bam,607923.0
2024-05-20 10:53:59.285000086,tgi_batch_next_tokens_sum,http,10.128.2.18:3000,tgis-bam,fmaas-monitoring,llama3-mig3g-40gb,openshift-user-workload-monitoring/user-workload,tgis-bam,607983.0
2024-05-20 10:54:04.285000086,tgi_batch_next_tokens_sum,http,10.128.2.18:3000,tgis-bam,fmaas-monitoring,llama3-mig3g-40gb,openshift-user-workload-monitoring/user-workload,tgis-bam,608144.0
2024-05-20 10:54:09.285000086,tgi_batch_next_tokens_sum,http,10.128.2.18:3000,tgis-bam,fmaas-monitoring,llama3-mig3g-40gb,openshift-user-workload-monitoring/user-workload,tgis-bam,608199.0
2024-05-20 10:54:14.285000086,tgi_batch_next_tokens_sum,http,10.128.2.18:3000,tgis-bam,fmaas-monitoring,llama3-mig3g-40gb,openshift-user-workload-monitoring/user-workload,tgis-bam,608244.0
2024-05-20 10:54:19.285000086,tgi_batch_next_tokens_sum,http,10.128.2.18:3000,tgis-bam,fmaas-monitoring,llama3-mig3g-40gb,openshift-user-workload-monitoring/user-workload,tgis-bam,608244.0
2024-05-20 10:54:24.285000086,tgi_batch_next_tokens_sum,http,10.128.2.18:3000,tgis-bam,fmaas-monitoring,llama3-mig3g-40gb,openshift-user-workload-monitoring/user-workload,tgis-bam,608263.0
2024-05-20 10:54:29.285000086,tgi_batch_next_tokens_sum,http,10.128.2.18:3000,tgis-bam,fmaas-monitoring,llama3-mig3g-40gb,openshift-user-workload-monitoring/user-workload,tgis-bam,608292.0
2024-05-20 10:54:34.285000086,tgi_batch_next_tokens_sum,http,10.128.2.18:3000,tgis-bam,fmaas-monitoring,llama3-mig3g-40gb,openshift-user-workload-monitoring/user-workload,tgis-bam,608383.0
2024-05-20 10:54:39.285000086,tgi_batch_next_tokens_sum,http,10.128.2.18:3000,tgis-bam,fmaas-monitoring,llama3-mig3g-40gb,openshift-user-workload-monitoring/user-workload,tgis-bam,608458.0
2024-05-20 10:54:44.285000086,tgi_batch_next_tokens_sum,http,10.128.2.18:3000,tgis-bam,fmaas-monitoring,llama3-mig3g-40gb,openshift-user-workload-monitoring/user-workload,tgis-bam,608544.0
2024-05-20 10:54:49.285000086,tgi_batch_next_tokens_sum,http,10.128.2.18:3000,tgis-bam,fmaas-monitoring,llama3-mig3g-40gb,openshift-user-workload-monitoring/user-workload,tgis-bam,608620.0
2024-05-20 10:54:54.285000086,tgi_batch_next_tokens_sum,http,10.128.2.18:3000,tgis-bam,fmaas-monitoring,llama3-mig3g-40gb,openshift-user-workload-monitoring/user-workload,tgis-bam,608631.0
2024-05-20 10:54:59.299000025,tgi_batch_next_tokens_sum,http,10.128.2.18:3000,tgis-bam,fmaas-monitoring,llama3-mig3g-40gb,openshift-user-workload-monitoring/user-workload,tgis-bam,608748.0
2024-05-20 10:55:04.285000086,tgi_batch_next_tokens_sum,http,10.128.2.18:3000,tgis-bam,fmaas-monitoring,llama3-mig3g-40gb,openshift-user-workload-monitoring/user-workload,tgis-bam,608926.0
2024-05-20 10:55:09.285000086,tgi_batch_next_tokens_sum,http,10.128.2.18:3000,tgis-bam,fmaas-monitoring,llama3-mig3g-40gb,openshift-user-workload-monitoring/user-workload,tgis-bam,608964.0
2024-05-20 10:55:14.299999952,tgi_batch_next_tokens_sum,http,10.128.2.18:3000,tgis-bam,fmaas-monitoring,llama3-mig3g-40gb,openshift-user-workload-monitoring/user-workload,tgis-bam,608994.0
2024-05-20 10:55:19.285000086,tgi_batch_next_tokens_sum,http,10.128.2.18:3000,tgis-bam,fmaas-monitoring,llama3-mig3g-40gb,openshift-user-workload-monitoring/user-workload,tgis-bam,608994.0
2024-05-20 10:55:24.285000086,tgi_batch_next_tokens_sum,http,10.128.2.18:3000,tgis-bam,fmaas-monitoring,llama3-mig3g-40gb,openshift-user-workload-monitoring/user-workload,tgis-bam,608994.0
2024-05-20 10:55:29.285000086,tgi_batch_next_tokens_sum,http,10.128.2.18:3000,tgis-bam,fmaas-monitoring,llama3-mig3g-40gb,openshift-user-workload-monitoring/user-workload,tgis-bam,608994.0
2024-05-20 10:55:34.285000086,tgi_batch_next_tokens_sum,http,10.128.2.18:3000,tgis-bam,fmaas-monitoring,llama3-mig3g-40gb,openshift-user-workload-monitoring/user-workload,tgis-bam,609053.0
2024-05-20 10:55:39.325000048,tgi_batch_next_tokens_sum,http,10.128.2.18:3000,tgis-bam,fmaas-monitoring,llama3-mig3g-40gb,openshift-user-workload-monitoring/user-workload,tgis-bam,609266.0
2024-05-20 10:55:44.285000086,tgi_batch_next_tokens_sum,http,10.128.2.18:3000,tgis-bam,fmaas-monitoring,llama3-mig3g-40gb,openshift-user-workload-monitoring/user-workload,tgis-bam,609342.0
2024-05-20 10:55:49.285000086,tgi_batch_next_tokens_sum,http,10.128.2.18:3000,tgis-bam,fmaas-monitoring,llama3-mig3g-40gb,openshift-user-workload-monitoring/user-workload,tgis-bam,609483.0
2024-05-20 10:55:54.289000034,tgi_batch_next_tokens_sum,http,10.128.2.18:3000,tgis-bam,fmaas-monitoring,llama3-mig3g-40gb,openshift-user-workload-monitoring/user-workload,tgis-bam,609599.0
2024-05-20 10:55:59.285000086,tgi_batch_next_tokens_sum,http,10.128.2.18:3000,tgis-bam,fmaas-monitoring,llama3-mig3g-40gb,openshift-user-workload-monitoring/user-workload,tgis-bam,609637.0
2024-05-20 10:56:04.285000086,tgi_batch_next_tokens_sum,http,10.128.2.18:3000,tgis-bam,fmaas-monitoring,llama3-mig3g-40gb,openshift-user-workload-monitoring/user-workload,tgis-bam,609701.0
2024-05-20 10:56:09.285000086,tgi_batch_next_tokens_sum,http,10.128.2.18:3000,tgis-bam,fmaas-monitoring,llama3-mig3g-40gb,openshift-user-workload-monitoring/user-workload,tgis-bam,609789.0
2024-05-20 10:56:14.298000097,tgi_batch_next_tokens_sum,http,10.128.2.18:3000,tgis-bam,fmaas-monitoring,llama3-mig3g-40gb,openshift-user-workload-monitoring/user-workload,tgis-bam,609851.0
2024-05-20 10:56:19.285000086,tgi_batch_next_tokens_sum,http,10.128.2.18:3000,tgis-bam,fmaas-monitoring,llama3-mig3g-40gb,openshift-user-workload-monitoring/user-workload,tgis-bam,609942.0
2024-05-20 10:56:24.285000086,tgi_batch_next_tokens_sum,http,10.128.2.18:3000,tgis-bam,fmaas-monitoring,llama3-mig3g-40gb,openshift-user-workload-monitoring/user-workload,tgis-bam,609963.0
2024-05-20 10:56:29.285000086,tgi_batch_next_tokens_sum,http,10.128.2.18:3000,tgis-bam,fmaas-monitoring,llama3-mig3g-40gb,openshift-user-workload-monitoring/user-workload,tgis-bam,609978.0
2024-05-20 10:56:34.285000086,tgi_batch_next_tokens_sum,http,10.128.2.18:3000,tgis-bam,fmaas-monitoring,llama3-mig3g-40gb,openshift-user-workload-monitoring/user-workload,tgis-bam,610041.0
2024-05-20 10:56:39.285000086,tgi_batch_next_tokens_sum,http,10.128.2.18:3000,tgis-bam,fmaas-monitoring,llama3-mig3g-40gb,openshift-user-workload-monitoring/user-workload,tgis-bam,610134.0
2024-05-20 10:56:44.285000086,tgi_batch_next_tokens_sum,http,10.128.2.18:3000,tgis-bam,fmaas-monitoring,llama3-mig3g-40gb,openshift-user-workload-monitoring/user-workload,tgis-bam,610297.0
2024-05-20 10:56:49.285000086,tgi_batch_next_tokens_sum,http,10.128.2.18:3000,tgis-bam,fmaas-monitoring,llama3-mig3g-40gb,openshift-user-workload-monitoring/user-workload,tgis-bam,610323.0
2024-05-20 10:56:54.285000086,tgi_batch_next_tokens_sum,http,10.128.2.18:3000,tgis-bam,fmaas-monitoring,llama3-mig3g-40gb,openshift-user-workload-monitoring/user-workload,tgis-bam,610381.0
2024-05-20 10:56:59.285000086,tgi_batch_next_tokens_sum,http,10.128.2.18:3000,tgis-bam,fmaas-monitoring,llama3-mig3g-40gb,openshift-user-workload-monitoring/user-workload,tgis-bam,610615.0
2024-05-20 10:57:04.285000086,tgi_batch_next_tokens_sum,http,10.128.2.18:3000,tgis-bam,fmaas-monitoring,llama3-mig3g-40gb,openshift-user-workload-monitoring/user-workload,tgis-bam,610680.0
2024-05-20 10:57:09.289999962,tgi_batch_next_tokens_sum,http,10.128.2.18:3000,tgis-bam,fmaas-monitoring,llama3-mig3g-40gb,openshift-user-workload-monitoring/user-workload,tgis-bam,610753.0
2024-05-20 10:57:14.285000086,tgi_batch_next_tokens_sum,http,10.128.2.18:3000,tgis-bam,fmaas-monitoring,llama3-mig3g-40gb,openshift-user-workload-monitoring/user-workload,tgis-bam,610783.0
2024-05-20 10:57:19.285000086,tgi_batch_next_tokens_sum,http,10.128.2.18:3000,tgis-bam,fmaas-monitoring,llama3-mig3g-40gb,openshift-user-workload-monitoring/user-workload,tgis-bam,610799.0
2024-05-20 10:57:24.285000086,tgi_batch_next_tokens_sum,http,10.128.2.18:3000,tgis-bam,fmaas-monitoring,llama3-mig3g-40gb,openshift-user-workload-monitoring/user-workload,tgis-bam,610803.0
2024-05-20 10:57:29.285000086,tgi_batch_next_tokens_sum,http,10.128.2.18:3000,tgis-bam,fmaas-monitoring,llama3-mig3g-40gb,openshift-user-workload-monitoring/user-workload,tgis-bam,610854.0
2024-05-20 10:57:34.285000086,tgi_batch_next_tokens_sum,http,10.128.2.18:3000,tgis-bam,fmaas-monitoring,llama3-mig3g-40gb,openshift-user-workload-monitoring/user-workload,tgis-bam,610988.0
2024-05-20 10:57:39.285000086,tgi_batch_next_tokens_sum,http,10.128.2.18:3000,tgis-bam,fmaas-monitoring,llama3-mig3g-40gb,openshift-user-workload-monitoring/user-workload,tgis-bam,611151.0
2024-05-20 10:57:44.285000086,tgi_batch_next_tokens_sum,http,10.128.2.18:3000,tgis-bam,fmaas-monitoring,llama3-mig3g-40gb,openshift-user-workload-monitoring/user-workload,tgis-bam,611224.0
2024-05-20 10:57:49.285000086,tgi_batch_next_tokens_sum,http,10.128.2.18:3000,tgis-bam,fmaas-monitoring,llama3-mig3g-40gb,openshift-user-workload-monitoring/user-workload,tgis-bam,611252.0
2024-05-20 10:57:54.296999931,tgi_batch_next_tokens_sum,http,10.128.2.18:3000,tgis-bam,fmaas-monitoring,llama3-mig3g-40gb,openshift-user-workload-monitoring/user-workload,tgis-bam,611394.0
2024-05-20 10:57:59.285000086,tgi_batch_next_tokens_sum,http,10.128.2.18:3000,tgis-bam,fmaas-monitoring,llama3-mig3g-40gb,openshift-user-workload-monitoring/user-workload,tgis-bam,611494.0
2024-05-20 10:58:04.285000086,tgi_batch_next_tokens_sum,http,10.128.2.18:3000,tgis-bam,fmaas-monitoring,llama3-mig3g-40gb,openshift-user-workload-monitoring/user-workload,tgis-bam,611619.0
2024-05-20 10:58:09.285000086,tgi_batch_next_tokens_sum,http,10.128.2.18:3000,tgis-bam,fmaas-monitoring,llama3-mig3g-40gb,openshift-user-workload-monitoring/user-workload,tgis-bam,611767.0
2024-05-20 10:58:14.285000086,tgi_batch_next_tokens_sum,http,10.128.2.18:3000,tgis-bam,fmaas-monitoring,llama3-mig3g-40gb,openshift-user-workload-monitoring/user-workload,tgis-bam,611767.0
2024-05-20 10:58:19.285000086,tgi_batch_next_tokens_sum,http,10.128.2.18:3000,tgis-bam,fmaas-monitoring,llama3-mig3g-40gb,openshift-user-workload-monitoring/user-workload,tgis-bam,611767.0
2024-05-20 10:58:24.285000086,tgi_batch_next_tokens_sum,http,10.128.2.18:3000,tgis-bam,fmaas-monitoring,llama3-mig3g-40gb,openshift-user-workload-monitoring/user-workload,tgis-bam,611793.0
2024-05-20 10:58:29.285000086,tgi_batch_next_tokens_sum,http,10.128.2.18:3000,tgis-bam,fmaas-monitoring,llama3-mig3g-40gb,openshift-user-workload-monitoring/user-workload,tgis-bam,611825.0
2024-05-20 10:58:34.289999962,tgi_batch_next_tokens_sum,http,10.128.2.18:3000,tgis-bam,fmaas-monitoring,llama3-mig3g-40gb,openshift-user-workload-monitoring/user-workload,tgis-bam,611825.0
2024-05-20 10:58:39.285000086,tgi_batch_next_tokens_sum,http,10.128.2.18:3000,tgis-bam,fmaas-monitoring,llama3-mig3g-40gb,openshift-user-workload-monitoring/user-workload,tgis-bam,612024.0
2024-05-20 10:58:44.285000086,tgi_batch_next_tokens_sum,http,10.128.2.18:3000,tgis-bam,fmaas-monitoring,llama3-mig3g-40gb,openshift-user-workload-monitoring/user-workload,tgis-bam,612309.0
2024-05-20 10:58:49.285000086,tgi_batch_next_tokens_sum,http,10.128.2.18:3000,tgis-bam,fmaas-monitoring,llama3-mig3g-40gb,openshift-user-workload-monitoring/user-workload,tgis-bam,612624.0
2024-05-20 10:58:54.285000086,tgi_batch_next_tokens_sum,http,10.128.2.18:3000,tgis-bam,fmaas-monitoring,llama3-mig3g-40gb,openshift-user-workload-monitoring/user-workload,tgis-bam,612828.0
2024-05-20 10:58:59.285000086,tgi_batch_next_tokens_sum,http,10.128.2.18:3000,tgis-bam,fmaas-monitoring,llama3-mig3g-40gb,openshift-user-workload-monitoring/user-workload,tgis-bam,612839.0
2024-05-20 10:59:04.285000086,tgi_batch_next_tokens_sum,http,10.128.2.18:3000,tgis-bam,fmaas-monitoring,llama3-mig3g-40gb,openshift-user-workload-monitoring/user-workload,tgis-bam,612935.0
2024-05-20 10:59:09.285000086,tgi_batch_next_tokens_sum,http,10.128.2.18:3000,tgis-bam,fmaas-monitoring,llama3-mig3g-40gb,openshift-user-workload-monitoring/user-workload,tgis-bam,612945.0
2024-05-20 10:59:14.285000086,tgi_batch_next_tokens_sum,http,10.128.2.18:3000,tgis-bam,fmaas-monitoring,llama3-mig3g-40gb,openshift-user-workload-monitoring/user-workload,tgis-bam,612945.0
2024-05-20 10:59:19.285000086,tgi_batch_next_tokens_sum,http,10.128.2.18:3000,tgis-bam,fmaas-monitoring,llama3-mig3g-40gb,openshift-user-workload-monitoring/user-workload,tgis-bam,612981.0
2024-05-20 10:59:24.285000086,tgi_batch_next_tokens_sum,http,10.128.2.18:3000,tgis-bam,fmaas-monitoring,llama3-mig3g-40gb,openshift-user-workload-monitoring/user-workload,tgis-bam,612995.0
2024-05-20 10:59:29.285000086,tgi_batch_next_tokens_sum,http,10.128.2.18:3000,tgis-bam,fmaas-monitoring,llama3-mig3g-40gb,openshift-user-workload-monitoring/user-workload,tgis-bam,613033.0
2024-05-20 10:59:34.285000086,tgi_batch_next_tokens_sum,http,10.128.2.18:3000,tgis-bam,fmaas-monitoring,llama3-mig3g-40gb,openshift-user-workload-monitoring/user-workload,tgis-bam,613082.0
2024-05-20 10:59:39.285000086,tgi_batch_next_tokens_sum,http,10.128.2.18:3000,tgis-bam,fmaas-monitoring,llama3-mig3g-40gb,openshift-user-workload-monitoring/user-workload,tgis-bam,613200.0
2024-05-20 10:59:44.285000086,tgi_batch_next_tokens_sum,http,10.128.2.18:3000,tgis-bam,fmaas-monitoring,llama3-mig3g-40gb,openshift-user-workload-monitoring/user-workload,tgis-bam,613218.0
2024-05-20 10:59:49.285000086,tgi_batch_next_tokens_sum,http,10.128.2.18:3000,tgis-bam,fmaas-monitoring,llama3-mig3g-40gb,openshift-user-workload-monitoring/user-workload,tgis-bam,613482.0
2024-05-20 10:59:54.285000086,tgi_batch_next_tokens_sum,http,10.128.2.18:3000,tgis-bam,fmaas-monitoring,llama3-mig3g-40gb,openshift-user-workload-monitoring/user-workload,tgis-bam,613542.0
2024-05-20 10:59:59.285000086,tgi_batch_next_tokens_sum,http,10.128.2.18:3000,tgis-bam,fmaas-monitoring,llama3-mig3g-40gb,openshift-user-workload-monitoring/user-workload,tgis-bam,613764.0
2024-05-20 11:00:04.285000086,tgi_batch_next_tokens_sum,http,10.128.2.18:3000,tgis-bam,fmaas-monitoring,llama3-mig3g-40gb,openshift-user-workload-monitoring/user-workload,tgis-bam,613944.0
2024-05-20 11:00:09.285000086,tgi_batch_next_tokens_sum,http,10.128.2.18:3000,tgis-bam,fmaas-monitoring,llama3-mig3g-40gb,openshift-user-workload-monitoring/user-workload,tgis-bam,613944.0
2024-05-20 11:00:14.285000086,tgi_batch_next_tokens_sum,http,10.128.2.18:3000,tgis-bam,fmaas-monitoring,llama3-mig3g-40gb,openshift-user-workload-monitoring/user-workload,tgis-bam,614021.0
2024-05-20 11:00:19.285000086,tgi_batch_next_tokens_sum,http,10.128.2.18:3000,tgis-bam,fmaas-monitoring,llama3-mig3g-40gb,openshift-user-workload-monitoring/user-workload,tgis-bam,614042.0
2024-05-20 11:00:24.285000086,tgi_batch_next_tokens_sum,http,10.128.2.18:3000,tgis-bam,fmaas-monitoring,llama3-mig3g-40gb,openshift-user-workload-monitoring/user-workload,tgis-bam,614042.0
2024-05-20 11:00:29.285000086,tgi_batch_next_tokens_sum,http,10.128.2.18:3000,tgis-bam,fmaas-monitoring,llama3-mig3g-40gb,openshift-user-workload-monitoring/user-workload,tgis-bam,614069.0
2024-05-20 11:00:34.305000067,tgi_batch_next_tokens_sum,http,10.128.2.18:3000,tgis-bam,fmaas-monitoring,llama3-mig3g-40gb,openshift-user-workload-monitoring/user-workload,tgis-bam,614162.0
2024-05-20 11:00:39.285000086,tgi_batch_next_tokens_sum,http,10.128.2.18:3000,tgis-bam,fmaas-monitoring,llama3-mig3g-40gb,openshift-user-workload-monitoring/user-workload,tgis-bam,614257.0
2024-05-20 11:00:44.285000086,tgi_batch_next_tokens_sum,http,10.128.2.18:3000,tgis-bam,fmaas-monitoring,llama3-mig3g-40gb,openshift-user-workload-monitoring/user-workload,tgis-bam,614313.0
2024-05-20 11:00:49.285000086,tgi_batch_next_tokens_sum,http,10.128.2.18:3000,tgis-bam,fmaas-monitoring,llama3-mig3g-40gb,openshift-user-workload-monitoring/user-workload,tgis-bam,614419.0
2024-05-20 11:00:54.285000086,tgi_batch_next_tokens_sum,http,10.128.2.18:3000,tgis-bam,fmaas-monitoring,llama3-mig3g-40gb,openshift-user-workload-monitoring/user-workload,tgis-bam,614537.0
2024-05-20 11:00:59.285000086,tgi_batch_next_tokens_sum,http,10.128.2.18:3000,tgis-bam,fmaas-monitoring,llama3-mig3g-40gb,openshift-user-workload-monitoring/user-workload,tgis-bam,614617.0
2024-05-20 11:01:04.285000086,tgi_batch_next_tokens_sum,http,10.128.2.18:3000,tgis-bam,fmaas-monitoring,llama3-mig3g-40gb,openshift-user-workload-monitoring/user-workload,tgis-bam,614659.0
2024-05-20 11:01:09.285000086,tgi_batch_next_tokens_sum,http,10.128.2.18:3000,tgis-bam,fmaas-monitoring,llama3-mig3g-40gb,openshift-user-workload-monitoring/user-workload,tgis-bam,614699.0
2024-05-20 11:01:14.285000086,tgi_batch_next_tokens_sum,http,10.128.2.18:3000,tgis-bam,fmaas-monitoring,llama3-mig3g-40gb,openshift-user-workload-monitoring/user-workload,tgis-bam,614729.0
2024-05-20 11:01:19.285000086,tgi_batch_next_tokens_sum,http,10.128.2.18:3000,tgis-bam,fmaas-monitoring,llama3-mig3g-40gb,openshift-user-workload-monitoring/user-workload,tgis-bam,614743.0
2024-05-20 11:01:24.285000086,tgi_batch_next_tokens_sum,http,10.128.2.18:3000,tgis-bam,fmaas-monitoring,llama3-mig3g-40gb,openshift-user-workload-monitoring/user-workload,tgis-bam,614772.0
2024-05-20 11:01:29.285000086,tgi_batch_next_tokens_sum,http,10.128.2.18:3000,tgis-bam,fmaas-monitoring,llama3-mig3g-40gb,openshift-user-workload-monitoring/user-workload,tgis-bam,614830.0
2024-05-20 11:01:34.289000034,tgi_batch_next_tokens_sum,http,10.128.2.18:3000,tgis-bam,fmaas-monitoring,llama3-mig3g-40gb,openshift-user-workload-monitoring/user-workload,tgis-bam,614866.0
2024-05-20 11:01:39.285000086,tgi_batch_next_tokens_sum,http,10.128.2.18:3000,tgis-bam,fmaas-monitoring,llama3-mig3g-40gb,openshift-user-workload-monitoring/user-workload,tgis-bam,615007.0
2024-05-20 11:01:44.285000086,tgi_batch_next_tokens_sum,http,10.128.2.18:3000,tgis-bam,fmaas-monitoring,llama3-mig3g-40gb,openshift-user-workload-monitoring/user-workload,tgis-bam,615327.0
2024-05-20 11:01:49.285000086,tgi_batch_next_tokens_sum,http,10.128.2.18:3000,tgis-bam,fmaas-monitoring,llama3-mig3g-40gb,openshift-user-workload-monitoring/user-workload,tgis-bam,615451.0
2024-05-20 11:01:54.285000086,tgi_batch_next_tokens_sum,http,10.128.2.18:3000,tgis-bam,fmaas-monitoring,llama3-mig3g-40gb,openshift-user-workload-monitoring/user-workload,tgis-bam,615628.0
2024-05-20 11:01:59.285000086,tgi_batch_next_tokens_sum,http,10.128.2.18:3000,tgis-bam,fmaas-monitoring,llama3-mig3g-40gb,openshift-user-workload-monitoring/user-workload,tgis-bam,615680.0
2024-05-20 11:02:04.285000086,tgi_batch_next_tokens_sum,http,10.128.2.18:3000,tgis-bam,fmaas-monitoring,llama3-mig3g-40gb,openshift-user-workload-monitoring/user-workload,tgis-bam,615695.0
2024-05-20 11:02:09.285000086,tgi_batch_next_tokens_sum,http,10.128.2.18:3000,tgis-bam,fmaas-monitoring,llama3-mig3g-40gb,openshift-user-workload-monitoring/user-workload,tgis-bam,615743.0
2024-05-20 11:02:14.285000086,tgi_batch_next_tokens_sum,http,10.128.2.18:3000,tgis-bam,fmaas-monitoring,llama3-mig3g-40gb,openshift-user-workload-monitoring/user-workload,tgis-bam,615788.0
2024-05-20 11:02:19.285000086,tgi_batch_next_tokens_sum,http,10.128.2.18:3000,tgis-bam,fmaas-monitoring,llama3-mig3g-40gb,openshift-user-workload-monitoring/user-workload,tgis-bam,615793.0
2024-05-20 11:02:24.285000086,tgi_batch_next_tokens_sum,http,10.128.2.18:3000,tgis-bam,fmaas-monitoring,llama3-mig3g-40gb,openshift-user-workload-monitoring/user-workload,tgis-bam,615809.0
2024-05-20 11:02:29.285000086,tgi_batch_next_tokens_sum,http,10.128.2.18:3000,tgis-bam,fmaas-monitoring,llama3-mig3g-40gb,openshift-user-workload-monitoring/user-workload,tgis-bam,615826.0
2024-05-20 11:02:34.285000086,tgi_batch_next_tokens_sum,http,10.128.2.18:3000,tgis-bam,fmaas-monitoring,llama3-mig3g-40gb,openshift-user-workload-monitoring/user-workload,tgis-bam,615859.0
2024-05-20 11:02:39.285000086,tgi_batch_next_tokens_sum,http,10.128.2.18:3000,tgis-bam,fmaas-monitoring,llama3-mig3g-40gb,openshift-user-workload-monitoring/user-workload,tgis-bam,615976.0
2024-05-20 11:02:44.285000086,tgi_batch_next_tokens_sum,http,10.128.2.18:3000,tgis-bam,fmaas-monitoring,llama3-mig3g-40gb,openshift-user-workload-monitoring/user-workload,tgis-bam,616178.0
2024-05-20 11:02:49.285000086,tgi_batch_next_tokens_sum,http,10.128.2.18:3000,tgis-bam,fmaas-monitoring,llama3-mig3g-40gb,openshift-user-workload-monitoring/user-workload,tgis-bam,616328.0
2024-05-20 11:02:54.285000086,tgi_batch_next_tokens_sum,http,10.128.2.18:3000,tgis-bam,fmaas-monitoring,llama3-mig3g-40gb,openshift-user-workload-monitoring/user-workload,tgis-bam,616387.0
2024-05-20 11:02:59.285000086,tgi_batch_next_tokens_sum,http,10.128.2.18:3000,tgis-bam,fmaas-monitoring,llama3-mig3g-40gb,openshift-user-workload-monitoring/user-workload,tgis-bam,616484.0
2024-05-20 11:03:04.285000086,tgi_batch_next_tokens_sum,http,10.128.2.18:3000,tgis-bam,fmaas-monitoring,llama3-mig3g-40gb,openshift-user-workload-monitoring/user-workload,tgis-bam,616565.0
2024-05-20 11:03:09.285000086,tgi_batch_next_tokens_sum,http,10.128.2.18:3000,tgis-bam,fmaas-monitoring,llama3-mig3g-40gb,openshift-user-workload-monitoring/user-workload,tgis-bam,616634.0
2024-05-20 11:03:14.285000086,tgi_batch_next_tokens_sum,http,10.128.2.18:3000,tgis-bam,fmaas-monitoring,llama3-mig3g-40gb,openshift-user-workload-monitoring/user-workload,tgis-bam,616811.0
2024-05-20 11:03:19.285000086,tgi_batch_next_tokens_sum,http,10.128.2.18:3000,tgis-bam,fmaas-monitoring,llama3-mig3g-40gb,openshift-user-workload-monitoring/user-workload,tgis-bam,616975.0
2024-05-20 11:03:24.285000086,tgi_batch_next_tokens_sum,http,10.128.2.18:3000,tgis-bam,fmaas-monitoring,llama3-mig3g-40gb,openshift-user-workload-monitoring/user-workload,tgis-bam,616975.0
2024-05-20 11:03:29.285000086,tgi_batch_next_tokens_sum,http,10.128.2.18:3000,tgis-bam,fmaas-monitoring,llama3-mig3g-40gb,openshift-user-workload-monitoring/user-workload,tgis-bam,616975.0
2024-05-20 11:03:34.285000086,tgi_batch_next_tokens_sum,http,10.128.2.18:3000,tgis-bam,fmaas-monitoring,llama3-mig3g-40gb,openshift-user-workload-monitoring/user-workload,tgis-bam,617042.0
2024-05-20 11:03:39.285000086,tgi_batch_next_tokens_sum,http,10.128.2.18:3000,tgis-bam,fmaas-monitoring,llama3-mig3g-40gb,openshift-user-workload-monitoring/user-workload,tgis-bam,617160.0
2024-05-20 11:03:44.285000086,tgi_batch_next_tokens_sum,http,10.128.2.18:3000,tgis-bam,fmaas-monitoring,llama3-mig3g-40gb,openshift-user-workload-monitoring/user-workload,tgis-bam,617192.0
2024-05-20 11:03:49.326999903,tgi_batch_next_tokens_sum,http,10.128.2.18:3000,tgis-bam,fmaas-monitoring,llama3-mig3g-40gb,openshift-user-workload-monitoring/user-workload,tgis-bam,617287.0
2024-05-20 11:03:54.285000086,tgi_batch_next_tokens_sum,http,10.128.2.18:3000,tgis-bam,fmaas-monitoring,llama3-mig3g-40gb,openshift-user-workload-monitoring/user-workload,tgis-bam,617373.0
2024-05-20 11:03:59.285000086,tgi_batch_next_tokens_sum,http,10.128.2.18:3000,tgis-bam,fmaas-monitoring,llama3-mig3g-40gb,openshift-user-workload-monitoring/user-workload,tgis-bam,617510.0
2024-05-20 11:04:04.285000086,tgi_batch_next_tokens_sum,http,10.128.2.18:3000,tgis-bam,fmaas-monitoring,llama3-mig3g-40gb,openshift-user-workload-monitoring/user-workload,tgis-bam,617701.0
2024-05-20 11:04:09.285000086,tgi_batch_next_tokens_sum,http,10.128.2.18:3000,tgis-bam,fmaas-monitoring,llama3-mig3g-40gb,openshift-user-workload-monitoring/user-workload,tgis-bam,617773.0
2024-05-20 11:04:14.285000086,tgi_batch_next_tokens_sum,http,10.128.2.18:3000,tgis-bam,fmaas-monitoring,llama3-mig3g-40gb,openshift-user-workload-monitoring/user-workload,tgis-bam,617804.0
2024-05-20 11:04:19.285000086,tgi_batch_next_tokens_sum,http,10.128.2.18:3000,tgis-bam,fmaas-monitoring,llama3-mig3g-40gb,openshift-user-workload-monitoring/user-workload,tgis-bam,617843.0
2024-05-20 11:04:24.285000086,tgi_batch_next_tokens_sum,http,10.128.2.18:3000,tgis-bam,fmaas-monitoring,llama3-mig3g-40gb,openshift-user-workload-monitoring/user-workload,tgis-bam,617861.0
2024-05-20 11:04:29.285000086,tgi_batch_next_tokens_sum,http,10.128.2.18:3000,tgis-bam,fmaas-monitoring,llama3-mig3g-40gb,openshift-user-workload-monitoring/user-workload,tgis-bam,617892.0
2024-05-20 11:04:34.285000086,tgi_batch_next_tokens_sum,http,10.128.2.18:3000,tgis-bam,fmaas-monitoring,llama3-mig3g-40gb,openshift-user-workload-monitoring/user-workload,tgis-bam,617936.0
2024-05-20 11:04:39.302000046,tgi_batch_next_tokens_sum,http,10.128.2.18:3000,tgis-bam,fmaas-monitoring,llama3-mig3g-40gb,openshift-user-workload-monitoring/user-workload,tgis-bam,618236.0
2024-05-20 11:04:44.285000086,tgi_batch_next_tokens_sum,http,10.128.2.18:3000,tgis-bam,fmaas-monitoring,llama3-mig3g-40gb,openshift-user-workload-monitoring/user-workload,tgis-bam,618340.0
2024-05-20 11:04:49.316999912,tgi_batch_next_tokens_sum,http,10.128.2.18:3000,tgis-bam,fmaas-monitoring,llama3-mig3g-40gb,openshift-user-workload-monitoring/user-workload,tgis-bam,618407.0
2024-05-20 11:04:54.285000086,tgi_batch_next_tokens_sum,http,10.128.2.18:3000,tgis-bam,fmaas-monitoring,llama3-mig3g-40gb,openshift-user-workload-monitoring/user-workload,tgis-bam,618433.0
2024-05-20 11:04:59.285000086,tgi_batch_next_tokens_sum,http,10.128.2.18:3000,tgis-bam,fmaas-monitoring,llama3-mig3g-40gb,openshift-user-workload-monitoring/user-workload,tgis-bam,618461.0
2024-05-20 11:05:04.285000086,tgi_batch_next_tokens_sum,http,10.128.2.18:3000,tgis-bam,fmaas-monitoring,llama3-mig3g-40gb,openshift-user-workload-monitoring/user-workload,tgis-bam,618488.0
2024-05-20 11:05:09.285000086,tgi_batch_next_tokens_sum,http,10.128.2.18:3000,tgis-bam,fmaas-monitoring,llama3-mig3g-40gb,openshift-user-workload-monitoring/user-workload,tgis-bam,618591.0
2024-05-20 11:05:14.285000086,tgi_batch_next_tokens_sum,http,10.128.2.18:3000,tgis-bam,fmaas-monitoring,llama3-mig3g-40gb,openshift-user-workload-monitoring/user-workload,tgis-bam,618713.0
2024-05-20 11:05:19.285000086,tgi_batch_next_tokens_sum,http,10.128.2.18:3000,tgis-bam,fmaas-monitoring,llama3-mig3g-40gb,openshift-user-workload-monitoring/user-workload,tgis-bam,618793.0
2024-05-20 11:05:24.285000086,tgi_batch_next_tokens_sum,http,10.128.2.18:3000,tgis-bam,fmaas-monitoring,llama3-mig3g-40gb,openshift-user-workload-monitoring/user-workload,tgis-bam,618837.0
2024-05-20 11:05:29.285000086,tgi_batch_next_tokens_sum,http,10.128.2.18:3000,tgis-bam,fmaas-monitoring,llama3-mig3g-40gb,openshift-user-workload-monitoring/user-workload,tgis-bam,618962.0
2024-05-20 11:05:34.285000086,tgi_batch_next_tokens_sum,http,10.128.2.18:3000,tgis-bam,fmaas-monitoring,llama3-mig3g-40gb,openshift-user-workload-monitoring/user-workload,tgis-bam,618971.0
2024-05-20 11:05:39.285000086,tgi_batch_next_tokens_sum,http,10.128.2.18:3000,tgis-bam,fmaas-monitoring,llama3-mig3g-40gb,openshift-user-workload-monitoring/user-workload,tgis-bam,619067.0
2024-05-20 11:05:44.285000086,tgi_batch_next_tokens_sum,http,10.128.2.18:3000,tgis-bam,fmaas-monitoring,llama3-mig3g-40gb,openshift-user-workload-monitoring/user-workload,tgis-bam,619401.0
2024-05-20 11:05:49.285000086,tgi_batch_next_tokens_sum,http,10.128.2.18:3000,tgis-bam,fmaas-monitoring,llama3-mig3g-40gb,openshift-user-workload-monitoring/user-workload,tgis-bam,619573.0
2024-05-20 11:05:54.285000086,tgi_batch_next_tokens_sum,http,10.128.2.18:3000,tgis-bam,fmaas-monitoring,llama3-mig3g-40gb,openshift-user-workload-monitoring/user-workload,tgis-bam,619849.0
2024-05-20 11:05:59.285000086,tgi_batch_next_tokens_sum,http,10.128.2.18:3000,tgis-bam,fmaas-monitoring,llama3-mig3g-40gb,openshift-user-workload-monitoring/user-workload,tgis-bam,619894.0
2024-05-20 11:06:04.285000086,tgi_batch_next_tokens_sum,http,10.128.2.18:3000,tgis-bam,fmaas-monitoring,llama3-mig3g-40gb,openshift-user-workload-monitoring/user-workload,tgis-bam,619906.0
2024-05-20 11:06:09.285000086,tgi_batch_next_tokens_sum,http,10.128.2.18:3000,tgis-bam,fmaas-monitoring,llama3-mig3g-40gb,openshift-user-workload-monitoring/user-workload,tgis-bam,619939.0
2024-05-20 11:06:14.285000086,tgi_batch_next_tokens_sum,http,10.128.2.18:3000,tgis-bam,fmaas-monitoring,llama3-mig3g-40gb,openshift-user-workload-monitoring/user-workload,tgis-bam,619969.0
2024-05-20 11:06:19.285000086,tgi_batch_next_tokens_sum,http,10.128.2.18:3000,tgis-bam,fmaas-monitoring,llama3-mig3g-40gb,openshift-user-workload-monitoring/user-workload,tgis-bam,619969.0
2024-05-20 11:06:24.285000086,tgi_batch_next_tokens_sum,http,10.128.2.18:3000,tgis-bam,fmaas-monitoring,llama3-mig3g-40gb,openshift-user-workload-monitoring/user-workload,tgis-bam,619982.0
2024-05-20 11:06:29.285000086,tgi_batch_next_tokens_sum,http,10.128.2.18:3000,tgis-bam,fmaas-monitoring,llama3-mig3g-40gb,openshift-user-workload-monitoring/user-workload,tgis-bam,619989.0
2024-05-20 11:06:34.285000086,tgi_batch_next_tokens_sum,http,10.128.2.18:3000,tgis-bam,fmaas-monitoring,llama3-mig3g-40gb,openshift-user-workload-monitoring/user-workload,tgis-bam,620025.0
2024-05-20 11:06:39.285000086,tgi_batch_next_tokens_sum,http,10.128.2.18:3000,tgis-bam,fmaas-monitoring,llama3-mig3g-40gb,openshift-user-workload-monitoring/user-workload,tgis-bam,620213.0
2024-05-20 11:06:44.285000086,tgi_batch_next_tokens_sum,http,10.128.2.18:3000,tgis-bam,fmaas-monitoring,llama3-mig3g-40gb,openshift-user-workload-monitoring/user-workload,tgis-bam,620332.0
2024-05-20 11:06:49.359999895,tgi_batch_next_tokens_sum,http,10.128.2.18:3000,tgis-bam,fmaas-monitoring,llama3-mig3g-40gb,openshift-user-workload-monitoring/user-workload,tgis-bam,620423.0
2024-05-20 11:06:54.285000086,tgi_batch_next_tokens_sum,http,10.128.2.18:3000,tgis-bam,fmaas-monitoring,llama3-mig3g-40gb,openshift-user-workload-monitoring/user-workload,tgis-bam,620600.0
2024-05-20 11:06:59.285000086,tgi_batch_next_tokens_sum,http,10.128.2.18:3000,tgis-bam,fmaas-monitoring,llama3-mig3g-40gb,openshift-user-workload-monitoring/user-workload,tgis-bam,620755.0
2024-05-20 11:07:04.285000086,tgi_batch_next_tokens_sum,http,10.128.2.18:3000,tgis-bam,fmaas-monitoring,llama3-mig3g-40gb,openshift-user-workload-monitoring/user-workload,tgis-bam,620840.0
2024-05-20 11:07:09.285000086,tgi_batch_next_tokens_sum,http,10.128.2.18:3000,tgis-bam,fmaas-monitoring,llama3-mig3g-40gb,openshift-user-workload-monitoring/user-workload,tgis-bam,620894.0
2024-05-20 11:07:14.285000086,tgi_batch_next_tokens_sum,http,10.128.2.18:3000,tgis-bam,fmaas-monitoring,llama3-mig3g-40gb,openshift-user-workload-monitoring/user-workload,tgis-bam,620942.0
2024-05-20 11:07:19.285000086,tgi_batch_next_tokens_sum,http,10.128.2.18:3000,tgis-bam,fmaas-monitoring,llama3-mig3g-40gb,openshift-user-workload-monitoring/user-workload,tgis-bam,621009.0
2024-05-20 11:07:24.285000086,tgi_batch_next_tokens_sum,http,10.128.2.18:3000,tgis-bam,fmaas-monitoring,llama3-mig3g-40gb,openshift-user-workload-monitoring/user-workload,tgis-bam,621009.0
2024-05-20 11:07:29.285000086,tgi_batch_next_tokens_sum,http,10.128.2.18:3000,tgis-bam,fmaas-monitoring,llama3-mig3g-40gb,openshift-user-workload-monitoring/user-workload,tgis-bam,621029.0
2024-05-20 11:07:34.285000086,tgi_batch_next_tokens_sum,http,10.128.2.18:3000,tgis-bam,fmaas-monitoring,llama3-mig3g-40gb,openshift-user-workload-monitoring/user-workload,tgis-bam,621042.0
2024-05-20 11:07:39.285000086,tgi_batch_next_tokens_sum,http,10.128.2.18:3000,tgis-bam,fmaas-monitoring,llama3-mig3g-40gb,openshift-user-workload-monitoring/user-workload,tgis-bam,621227.0
2024-05-20 11:07:44.285000086,tgi_batch_next_tokens_sum,http,10.128.2.18:3000,tgis-bam,fmaas-monitoring,llama3-mig3g-40gb,openshift-user-workload-monitoring/user-workload,tgis-bam,621268.0
2024-05-20 11:07:49.285000086,tgi_batch_next_tokens_sum,http,10.128.2.18:3000,tgis-bam,fmaas-monitoring,llama3-mig3g-40gb,openshift-user-workload-monitoring/user-workload,tgis-bam,621372.0
2024-05-20 11:07:54.285000086,tgi_batch_next_tokens_sum,http,10.128.2.18:3000,tgis-bam,fmaas-monitoring,llama3-mig3g-40gb,openshift-user-workload-monitoring/user-workload,tgis-bam,621435.0
2024-05-20 11:07:59.285000086,tgi_batch_next_tokens_sum,http,10.128.2.18:3000,tgis-bam,fmaas-monitoring,llama3-mig3g-40gb,openshift-user-workload-monitoring/user-workload,tgis-bam,621612.0
2024-05-20 11:08:04.285000086,tgi_batch_next_tokens_sum,http,10.128.2.18:3000,tgis-bam,fmaas-monitoring,llama3-mig3g-40gb,openshift-user-workload-monitoring/user-workload,tgis-bam,621632.0
2024-05-20 11:08:09.285000086,tgi_batch_next_tokens_sum,http,10.128.2.18:3000,tgis-bam,fmaas-monitoring,llama3-mig3g-40gb,openshift-user-workload-monitoring/user-workload,tgis-bam,621733.0
2024-05-20 11:08:14.285000086,tgi_batch_next_tokens_sum,http,10.128.2.18:3000,tgis-bam,fmaas-monitoring,llama3-mig3g-40gb,openshift-user-workload-monitoring/user-workload,tgis-bam,621814.0
2024-05-20 11:08:19.285000086,tgi_batch_next_tokens_sum,http,10.128.2.18:3000,tgis-bam,fmaas-monitoring,llama3-mig3g-40gb,openshift-user-workload-monitoring/user-workload,tgis-bam,621841.0
2024-05-20 11:08:24.352999926,tgi_batch_next_tokens_sum,http,10.128.2.18:3000,tgis-bam,fmaas-monitoring,llama3-mig3g-40gb,openshift-user-workload-monitoring/user-workload,tgis-bam,621855.0
2024-05-20 11:08:29.285000086,tgi_batch_next_tokens_sum,http,10.128.2.18:3000,tgis-bam,fmaas-monitoring,llama3-mig3g-40gb,openshift-user-workload-monitoring/user-workload,tgis-bam,621866.0
2024-05-20 11:08:34.285000086,tgi_batch_next_tokens_sum,http,10.128.2.18:3000,tgis-bam,fmaas-monitoring,llama3-mig3g-40gb,openshift-user-workload-monitoring/user-workload,tgis-bam,621920.0
2024-05-20 11:08:39.285000086,tgi_batch_next_tokens_sum,http,10.128.2.18:3000,tgis-bam,fmaas-monitoring,llama3-mig3g-40gb,openshift-user-workload-monitoring/user-workload,tgis-bam,621987.0
2024-05-20 11:08:44.285000086,tgi_batch_next_tokens_sum,http,10.128.2.18:3000,tgis-bam,fmaas-monitoring,llama3-mig3g-40gb,openshift-user-workload-monitoring/user-workload,tgis-bam,622207.0
2024-05-20 11:08:49.285000086,tgi_batch_next_tokens_sum,http,10.128.2.18:3000,tgis-bam,fmaas-monitoring,llama3-mig3g-40gb,openshift-user-workload-monitoring/user-workload,tgis-bam,622320.0
2024-05-20 11:08:54.285000086,tgi_batch_next_tokens_sum,http,10.128.2.18:3000,tgis-bam,fmaas-monitoring,llama3-mig3g-40gb,openshift-user-workload-monitoring/user-workload,tgis-bam,622444.0
2024-05-20 11:08:59.285000086,tgi_batch_next_tokens_sum,http,10.128.2.18:3000,tgis-bam,fmaas-monitoring,llama3-mig3g-40gb,openshift-user-workload-monitoring/user-workload,tgis-bam,622485.0
2024-05-20 11:09:04.296000004,tgi_batch_next_tokens_sum,http,10.128.2.18:3000,tgis-bam,fmaas-monitoring,llama3-mig3g-40gb,openshift-user-workload-monitoring/user-workload,tgis-bam,622551.0
2024-05-20 11:09:09.285000086,tgi_batch_next_tokens_sum,http,10.128.2.18:3000,tgis-bam,fmaas-monitoring,llama3-mig3g-40gb,openshift-user-workload-monitoring/user-workload,tgis-bam,622583.0
2024-05-20 11:09:14.285000086,tgi_batch_next_tokens_sum,http,10.128.2.18:3000,tgis-bam,fmaas-monitoring,llama3-mig3g-40gb,openshift-user-workload-monitoring/user-workload,tgis-bam,622651.0
2024-05-20 11:09:19.285000086,tgi_batch_next_tokens_sum,http,10.128.2.18:3000,tgis-bam,fmaas-monitoring,llama3-mig3g-40gb,openshift-user-workload-monitoring/user-workload,tgis-bam,622664.0
2024-05-20 11:09:24.285000086,tgi_batch_next_tokens_sum,http,10.128.2.18:3000,tgis-bam,fmaas-monitoring,llama3-mig3g-40gb,openshift-user-workload-monitoring/user-workload,tgis-bam,622664.0
2024-05-20 11:09:29.285000086,tgi_batch_next_tokens_sum,http,10.128.2.18:3000,tgis-bam,fmaas-monitoring,llama3-mig3g-40gb,openshift-user-workload-monitoring/user-workload,tgis-bam,622674.0
2024-05-20 11:09:34.285000086,tgi_batch_next_tokens_sum,http,10.128.2.18:3000,tgis-bam,fmaas-monitoring,llama3-mig3g-40gb,openshift-user-workload-monitoring/user-workload,tgis-bam,622674.0
2024-05-20 11:09:39.285000086,tgi_batch_next_tokens_sum,http,10.128.2.18:3000,tgis-bam,fmaas-monitoring,llama3-mig3g-40gb,openshift-user-workload-monitoring/user-workload,tgis-bam,622715.0
2024-05-20 11:09:44.285000086,tgi_batch_next_tokens_sum,http,10.128.2.18:3000,tgis-bam,fmaas-monitoring,llama3-mig3g-40gb,openshift-user-workload-monitoring/user-workload,tgis-bam,622789.0
2024-05-20 11:09:49.285000086,tgi_batch_next_tokens_sum,http,10.128.2.18:3000,tgis-bam,fmaas-monitoring,llama3-mig3g-40gb,openshift-user-workload-monitoring/user-workload,tgis-bam,622835.0
2024-05-20 11:09:54.285000086,tgi_batch_next_tokens_sum,http,10.128.2.18:3000,tgis-bam,fmaas-monitoring,llama3-mig3g-40gb,openshift-user-workload-monitoring/user-workload,tgis-bam,622997.0
2024-05-20 11:09:59.285000086,tgi_batch_next_tokens_sum,http,10.128.2.18:3000,tgis-bam,fmaas-monitoring,llama3-mig3g-40gb,openshift-user-workload-monitoring/user-workload,tgis-bam,623114.0
2024-05-20 11:10:04.285000086,tgi_batch_next_tokens_sum,http,10.128.2.18:3000,tgis-bam,fmaas-monitoring,llama3-mig3g-40gb,openshift-user-workload-monitoring/user-workload,tgis-bam,623423.0
2024-05-20 11:10:09.285000086,tgi_batch_next_tokens_sum,http,10.128.2.18:3000,tgis-bam,fmaas-monitoring,llama3-mig3g-40gb,openshift-user-workload-monitoring/user-workload,tgis-bam,623476.0
2024-05-20 11:10:14.285000086,tgi_batch_next_tokens_sum,http,10.128.2.18:3000,tgis-bam,fmaas-monitoring,llama3-mig3g-40gb,openshift-user-workload-monitoring/user-workload,tgis-bam,623489.0
2024-05-20 11:10:19.285000086,tgi_batch_next_tokens_sum,http,10.128.2.18:3000,tgis-bam,fmaas-monitoring,llama3-mig3g-40gb,openshift-user-workload-monitoring/user-workload,tgis-bam,623519.0
2024-05-20 11:10:24.285000086,tgi_batch_next_tokens_sum,http,10.128.2.18:3000,tgis-bam,fmaas-monitoring,llama3-mig3g-40gb,openshift-user-workload-monitoring/user-workload,tgis-bam,623595.0
2024-05-20 11:10:29.285000086,tgi_batch_next_tokens_sum,http,10.128.2.18:3000,tgis-bam,fmaas-monitoring,llama3-mig3g-40gb,openshift-user-workload-monitoring/user-workload,tgis-bam,623595.0
2024-05-20 11:10:34.285000086,tgi_batch_next_tokens_sum,http,10.128.2.18:3000,tgis-bam,fmaas-monitoring,llama3-mig3g-40gb,openshift-user-workload-monitoring/user-workload,tgis-bam,623646.0
2024-05-20 11:10:39.285000086,tgi_batch_next_tokens_sum,http,10.128.2.18:3000,tgis-bam,fmaas-monitoring,llama3-mig3g-40gb,openshift-user-workload-monitoring/user-workload,tgis-bam,623796.0
2024-05-20 11:10:44.285000086,tgi_batch_next_tokens_sum,http,10.128.2.18:3000,tgis-bam,fmaas-monitoring,llama3-mig3g-40gb,openshift-user-workload-monitoring/user-workload,tgis-bam,623809.0
2024-05-20 11:10:49.285000086,tgi_batch_next_tokens_sum,http,10.128.2.18:3000,tgis-bam,fmaas-monitoring,llama3-mig3g-40gb,openshift-user-workload-monitoring/user-workload,tgis-bam,624021.0
2024-05-20 11:10:54.285000086,tgi_batch_next_tokens_sum,http,10.128.2.18:3000,tgis-bam,fmaas-monitoring,llama3-mig3g-40gb,openshift-user-workload-monitoring/user-workload,tgis-bam,624097.0
2024-05-20 11:10:59.285000086,tgi_batch_next_tokens_sum,http,10.128.2.18:3000,tgis-bam,fmaas-monitoring,llama3-mig3g-40gb,openshift-user-workload-monitoring/user-workload,tgis-bam,624205.0
2024-05-20 11:11:04.298000097,tgi_batch_next_tokens_sum,http,10.128.2.18:3000,tgis-bam,fmaas-monitoring,llama3-mig3g-40gb,openshift-user-workload-monitoring/user-workload,tgis-bam,624244.0
2024-05-20 11:11:09.285000086,tgi_batch_next_tokens_sum,http,10.128.2.18:3000,tgis-bam,fmaas-monitoring,llama3-mig3g-40gb,openshift-user-workload-monitoring/user-workload,tgis-bam,624290.0
2024-05-20 11:11:14.285000086,tgi_batch_next_tokens_sum,http,10.128.2.18:3000,tgis-bam,fmaas-monitoring,llama3-mig3g-40gb,openshift-user-workload-monitoring/user-workload,tgis-bam,624362.0
2024-05-20 11:11:19.285000086,tgi_batch_next_tokens_sum,http,10.128.2.18:3000,tgis-bam,fmaas-monitoring,llama3-mig3g-40gb,openshift-user-workload-monitoring/user-workload,tgis-bam,624409.0
2024-05-20 11:11:24.285000086,tgi_batch_next_tokens_sum,http,10.128.2.18:3000,tgis-bam,fmaas-monitoring,llama3-mig3g-40gb,openshift-user-workload-monitoring/user-workload,tgis-bam,624428.0
2024-05-20 11:11:29.285000086,tgi_batch_next_tokens_sum,http,10.128.2.18:3000,tgis-bam,fmaas-monitoring,llama3-mig3g-40gb,openshift-user-workload-monitoring/user-workload,tgis-bam,624455.0
2024-05-20 11:11:34.285000086,tgi_batch_next_tokens_sum,http,10.128.2.18:3000,tgis-bam,fmaas-monitoring,llama3-mig3g-40gb,openshift-user-workload-monitoring/user-workload,tgis-bam,624608.0
2024-05-20 11:11:39.285000086,tgi_batch_next_tokens_sum,http,10.128.2.18:3000,tgis-bam,fmaas-monitoring,llama3-mig3g-40gb,openshift-user-workload-monitoring/user-workload,tgis-bam,624639.0
2024-05-20 11:11:44.285000086,tgi_batch_next_tokens_sum,http,10.128.2.18:3000,tgis-bam,fmaas-monitoring,llama3-mig3g-40gb,openshift-user-workload-monitoring/user-workload,tgis-bam,624975.0
2024-05-20 11:11:49.285000086,tgi_batch_next_tokens_sum,http,10.128.2.18:3000,tgis-bam,fmaas-monitoring,llama3-mig3g-40gb,openshift-user-workload-monitoring/user-workload,tgis-bam,625076.0
2024-05-20 11:11:54.285000086,tgi_batch_next_tokens_sum,http,10.128.2.18:3000,tgis-bam,fmaas-monitoring,llama3-mig3g-40gb,openshift-user-workload-monitoring/user-workload,tgis-bam,625209.0
2024-05-20 11:11:59.285000086,tgi_batch_next_tokens_sum,http,10.128.2.18:3000,tgis-bam,fmaas-monitoring,llama3-mig3g-40gb,openshift-user-workload-monitoring/user-workload,tgis-bam,625268.0
2024-05-20 11:12:04.285000086,tgi_batch_next_tokens_sum,http,10.128.2.18:3000,tgis-bam,fmaas-monitoring,llama3-mig3g-40gb,openshift-user-workload-monitoring/user-workload,tgis-bam,625346.0
2024-05-20 11:12:09.305000067,tgi_batch_next_tokens_sum,http,10.128.2.18:3000,tgis-bam,fmaas-monitoring,llama3-mig3g-40gb,openshift-user-workload-monitoring/user-workload,tgis-bam,625365.0
2024-05-20 11:12:14.285000086,tgi_batch_next_tokens_sum,http,10.128.2.18:3000,tgis-bam,fmaas-monitoring,llama3-mig3g-40gb,openshift-user-workload-monitoring/user-workload,tgis-bam,625375.0
2024-05-20 11:12:19.285000086,tgi_batch_next_tokens_sum,http,10.128.2.18:3000,tgis-bam,fmaas-monitoring,llama3-mig3g-40gb,openshift-user-workload-monitoring/user-workload,tgis-bam,625428.0
2024-05-20 11:12:24.285000086,tgi_batch_next_tokens_sum,http,10.128.2.18:3000,tgis-bam,fmaas-monitoring,llama3-mig3g-40gb,openshift-user-workload-monitoring/user-workload,tgis-bam,625469.0
2024-05-20 11:12:29.285000086,tgi_batch_next_tokens_sum,http,10.128.2.18:3000,tgis-bam,fmaas-monitoring,llama3-mig3g-40gb,openshift-user-workload-monitoring/user-workload,tgis-bam,625492.0
2024-05-20 11:12:34.285000086,tgi_batch_next_tokens_sum,http,10.128.2.18:3000,tgis-bam,fmaas-monitoring,llama3-mig3g-40gb,openshift-user-workload-monitoring/user-workload,tgis-bam,625548.0
2024-05-20 11:12:39.285000086,tgi_batch_next_tokens_sum,http,10.128.2.18:3000,tgis-bam,fmaas-monitoring,llama3-mig3g-40gb,openshift-user-workload-monitoring/user-workload,tgis-bam,625617.0
2024-05-20 11:12:44.285000086,tgi_batch_next_tokens_sum,http,10.128.2.18:3000,tgis-bam,fmaas-monitoring,llama3-mig3g-40gb,openshift-user-workload-monitoring/user-workload,tgis-bam,625824.0
2024-05-20 11:12:49.285000086,tgi_batch_next_tokens_sum,http,10.128.2.18:3000,tgis-bam,fmaas-monitoring,llama3-mig3g-40gb,openshift-user-workload-monitoring/user-workload,tgis-bam,625892.0
2024-05-20 11:12:54.285000086,tgi_batch_next_tokens_sum,http,10.128.2.18:3000,tgis-bam,fmaas-monitoring,llama3-mig3g-40gb,openshift-user-workload-monitoring/user-workload,tgis-bam,625958.0
2024-05-20 11:12:59.285000086,tgi_batch_next_tokens_sum,http,10.128.2.18:3000,tgis-bam,fmaas-monitoring,llama3-mig3g-40gb,openshift-user-workload-monitoring/user-workload,tgis-bam,625980.0
2024-05-20 11:13:04.285000086,tgi_batch_next_tokens_sum,http,10.128.2.18:3000,tgis-bam,fmaas-monitoring,llama3-mig3g-40gb,openshift-user-workload-monitoring/user-workload,tgis-bam,626140.0
2024-05-20 11:13:09.285000086,tgi_batch_next_tokens_sum,http,10.128.2.18:3000,tgis-bam,fmaas-monitoring,llama3-mig3g-40gb,openshift-user-workload-monitoring/user-workload,tgis-bam,626254.0
2024-05-20 11:13:14.285000086,tgi_batch_next_tokens_sum,http,10.128.2.18:3000,tgis-bam,fmaas-monitoring,llama3-mig3g-40gb,openshift-user-workload-monitoring/user-workload,tgis-bam,626297.0
2024-05-20 11:13:19.285000086,tgi_batch_next_tokens_sum,http,10.128.2.18:3000,tgis-bam,fmaas-monitoring,llama3-mig3g-40gb,openshift-user-workload-monitoring/user-workload,tgis-bam,626324.0
2024-05-20 11:13:24.285000086,tgi_batch_next_tokens_sum,http,10.128.2.18:3000,tgis-bam,fmaas-monitoring,llama3-mig3g-40gb,openshift-user-workload-monitoring/user-workload,tgis-bam,626346.0
2024-05-20 11:13:29.285000086,tgi_batch_next_tokens_sum,http,10.128.2.18:3000,tgis-bam,fmaas-monitoring,llama3-mig3g-40gb,openshift-user-workload-monitoring/user-workload,tgis-bam,626374.0
2024-05-20 11:13:34.285000086,tgi_batch_next_tokens_sum,http,10.128.2.18:3000,tgis-bam,fmaas-monitoring,llama3-mig3g-40gb,openshift-user-workload-monitoring/user-workload,tgis-bam,626388.0
2024-05-20 11:13:39.285000086,tgi_batch_next_tokens_sum,http,10.128.2.18:3000,tgis-bam,fmaas-monitoring,llama3-mig3g-40gb,openshift-user-workload-monitoring/user-workload,tgis-bam,626401.0
2024-05-20 11:13:44.285000086,tgi_batch_next_tokens_sum,http,10.128.2.18:3000,tgis-bam,fmaas-monitoring,llama3-mig3g-40gb,openshift-user-workload-monitoring/user-workload,tgis-bam,626603.0
2024-05-20 11:13:49.285000086,tgi_batch_next_tokens_sum,http,10.128.2.18:3000,tgis-bam,fmaas-monitoring,llama3-mig3g-40gb,openshift-user-workload-monitoring/user-workload,tgis-bam,626735.0
2024-05-20 11:13:54.285000086,tgi_batch_next_tokens_sum,http,10.128.2.18:3000,tgis-bam,fmaas-monitoring,llama3-mig3g-40gb,openshift-user-workload-monitoring/user-workload,tgis-bam,626828.0
2024-05-20 11:13:59.285000086,tgi_batch_next_tokens_sum,http,10.128.2.18:3000,tgis-bam,fmaas-monitoring,llama3-mig3g-40gb,openshift-user-workload-monitoring/user-workload,tgis-bam,626871.0
2024-05-20 11:14:04.285000086,tgi_batch_next_tokens_sum,http,10.128.2.18:3000,tgis-bam,fmaas-monitoring,llama3-mig3g-40gb,openshift-user-workload-monitoring/user-workload,tgis-bam,626892.0
2024-05-20 11:14:09.285000086,tgi_batch_next_tokens_sum,http,10.128.2.18:3000,tgis-bam,fmaas-monitoring,llama3-mig3g-40gb,openshift-user-workload-monitoring/user-workload,tgis-bam,626912.0
2024-05-20 11:14:14.285000086,tgi_batch_next_tokens_sum,http,10.128.2.18:3000,tgis-bam,fmaas-monitoring,llama3-mig3g-40gb,openshift-user-workload-monitoring/user-workload,tgis-bam,627011.0
2024-05-20 11:14:19.285000086,tgi_batch_next_tokens_sum,http,10.128.2.18:3000,tgis-bam,fmaas-monitoring,llama3-mig3g-40gb,openshift-user-workload-monitoring/user-workload,tgis-bam,627018.0
2024-05-20 11:14:24.285000086,tgi_batch_next_tokens_sum,http,10.128.2.18:3000,tgis-bam,fmaas-monitoring,llama3-mig3g-40gb,openshift-user-workload-monitoring/user-workload,tgis-bam,627035.0
