timestamp,DCGM_FI_DEV_BRAND,DCGM_FI_DEV_ECC_INFOROM_VER,DCGM_FI_DEV_INFOROM_IMAGE_VER,DCGM_FI_DEV_OEM_INFOROM_VER,DCGM_FI_DEV_SERIAL,DCGM_FI_DEV_VBIOS_VERSION,DCGM_FI_DRIVER_VERSION,DCGM_FI_NVML_VERSION,Hostname,UUID,__name__,container,device,endpoint,exported_container,exported_namespace,exported_pod,gpu,instance,job,modelName,namespace,pod,prometheus,service,value
2024-06-11 12:24:00.772000074,NVIDIA,6.16,G506.0210.00.03,2.0,1652523003950,92.00.45.00.05,535.104.05,12.535.104.05,fmaas-devstage-backen-9cjgj-worker-a100-il-rdma-3-jx6tm,GPU-ed198df6-90a8-c0bf-17bb-f1171d39c5dd,DCGM_FI_PROF_PIPE_FP16_ACTIVE,nvidia-dcgm-exporter,nvidia1,gpu-metrics,base,fmaas-monitoring,llama3-new,1,192.241.129.18:9400,nvidia-dcgm-exporter,NVIDIA A100-SXM4-80GB,nvidia-gpu-operator,nvidia-dcgm-exporter-xq25l,openshift-monitoring/k8s,nvidia-dcgm-exporter,0.003561
2024-06-11 12:24:13.667999983,NVIDIA,6.16,G506.0210.00.03,2.0,1652523003950,92.00.45.00.05,535.104.05,12.535.104.05,fmaas-devstage-backen-9cjgj-worker-a100-il-rdma-3-jx6tm,GPU-ed198df6-90a8-c0bf-17bb-f1171d39c5dd,DCGM_FI_PROF_PIPE_FP16_ACTIVE,nvidia-dcgm-exporter,nvidia1,gpu-metrics,base,fmaas-monitoring,llama3-new,1,192.241.129.18:9400,nvidia-dcgm-exporter,NVIDIA A100-SXM4-80GB,nvidia-gpu-operator,nvidia-dcgm-exporter-xq25l,openshift-monitoring/k8s,nvidia-dcgm-exporter,0.005973
2024-06-11 12:24:43.667999983,NVIDIA,6.16,G506.0210.00.03,2.0,1652523003950,92.00.45.00.05,535.104.05,12.535.104.05,fmaas-devstage-backen-9cjgj-worker-a100-il-rdma-3-jx6tm,GPU-ed198df6-90a8-c0bf-17bb-f1171d39c5dd,DCGM_FI_PROF_PIPE_FP16_ACTIVE,nvidia-dcgm-exporter,nvidia1,gpu-metrics,base,fmaas-monitoring,llama3-new,1,192.241.129.18:9400,nvidia-dcgm-exporter,NVIDIA A100-SXM4-80GB,nvidia-gpu-operator,nvidia-dcgm-exporter-xq25l,openshift-monitoring/k8s,nvidia-dcgm-exporter,0.003812
2024-06-11 12:25:13.667999983,NVIDIA,6.16,G506.0210.00.03,2.0,1652523003950,92.00.45.00.05,535.104.05,12.535.104.05,fmaas-devstage-backen-9cjgj-worker-a100-il-rdma-3-jx6tm,GPU-ed198df6-90a8-c0bf-17bb-f1171d39c5dd,DCGM_FI_PROF_PIPE_FP16_ACTIVE,nvidia-dcgm-exporter,nvidia1,gpu-metrics,base,fmaas-monitoring,llama3-new,1,192.241.129.18:9400,nvidia-dcgm-exporter,NVIDIA A100-SXM4-80GB,nvidia-gpu-operator,nvidia-dcgm-exporter-xq25l,openshift-monitoring/k8s,nvidia-dcgm-exporter,0.003511
2024-06-11 12:25:43.667999983,NVIDIA,6.16,G506.0210.00.03,2.0,1652523003950,92.00.45.00.05,535.104.05,12.535.104.05,fmaas-devstage-backen-9cjgj-worker-a100-il-rdma-3-jx6tm,GPU-ed198df6-90a8-c0bf-17bb-f1171d39c5dd,DCGM_FI_PROF_PIPE_FP16_ACTIVE,nvidia-dcgm-exporter,nvidia1,gpu-metrics,base,fmaas-monitoring,llama3-new,1,192.241.129.18:9400,nvidia-dcgm-exporter,NVIDIA A100-SXM4-80GB,nvidia-gpu-operator,nvidia-dcgm-exporter-xq25l,openshift-monitoring/k8s,nvidia-dcgm-exporter,0.003819
2024-06-11 12:26:13.667999983,NVIDIA,6.16,G506.0210.00.03,2.0,1652523003950,92.00.45.00.05,535.104.05,12.535.104.05,fmaas-devstage-backen-9cjgj-worker-a100-il-rdma-3-jx6tm,GPU-ed198df6-90a8-c0bf-17bb-f1171d39c5dd,DCGM_FI_PROF_PIPE_FP16_ACTIVE,nvidia-dcgm-exporter,nvidia1,gpu-metrics,base,fmaas-monitoring,llama3-new,1,192.241.129.18:9400,nvidia-dcgm-exporter,NVIDIA A100-SXM4-80GB,nvidia-gpu-operator,nvidia-dcgm-exporter-xq25l,openshift-monitoring/k8s,nvidia-dcgm-exporter,0.003799
2024-06-11 12:26:43.667999983,NVIDIA,6.16,G506.0210.00.03,2.0,1652523003950,92.00.45.00.05,535.104.05,12.535.104.05,fmaas-devstage-backen-9cjgj-worker-a100-il-rdma-3-jx6tm,GPU-ed198df6-90a8-c0bf-17bb-f1171d39c5dd,DCGM_FI_PROF_PIPE_FP16_ACTIVE,nvidia-dcgm-exporter,nvidia1,gpu-metrics,base,fmaas-monitoring,llama3-new,1,192.241.129.18:9400,nvidia-dcgm-exporter,NVIDIA A100-SXM4-80GB,nvidia-gpu-operator,nvidia-dcgm-exporter-xq25l,openshift-monitoring/k8s,nvidia-dcgm-exporter,0.003825
2024-06-11 12:27:13.667999983,NVIDIA,6.16,G506.0210.00.03,2.0,1652523003950,92.00.45.00.05,535.104.05,12.535.104.05,fmaas-devstage-backen-9cjgj-worker-a100-il-rdma-3-jx6tm,GPU-ed198df6-90a8-c0bf-17bb-f1171d39c5dd,DCGM_FI_PROF_PIPE_FP16_ACTIVE,nvidia-dcgm-exporter,nvidia1,gpu-metrics,base,fmaas-monitoring,llama3-new,1,192.241.129.18:9400,nvidia-dcgm-exporter,NVIDIA A100-SXM4-80GB,nvidia-gpu-operator,nvidia-dcgm-exporter-xq25l,openshift-monitoring/k8s,nvidia-dcgm-exporter,0.008723
2024-06-11 12:27:43.667999983,NVIDIA,6.16,G506.0210.00.03,2.0,1652523003950,92.00.45.00.05,535.104.05,12.535.104.05,fmaas-devstage-backen-9cjgj-worker-a100-il-rdma-3-jx6tm,GPU-ed198df6-90a8-c0bf-17bb-f1171d39c5dd,DCGM_FI_PROF_PIPE_FP16_ACTIVE,nvidia-dcgm-exporter,nvidia1,gpu-metrics,base,fmaas-monitoring,llama3-new,1,192.241.129.18:9400,nvidia-dcgm-exporter,NVIDIA A100-SXM4-80GB,nvidia-gpu-operator,nvidia-dcgm-exporter-xq25l,openshift-monitoring/k8s,nvidia-dcgm-exporter,0.005631
2024-06-11 12:28:13.667999983,NVIDIA,6.16,G506.0210.00.03,2.0,1652523003950,92.00.45.00.05,535.104.05,12.535.104.05,fmaas-devstage-backen-9cjgj-worker-a100-il-rdma-3-jx6tm,GPU-ed198df6-90a8-c0bf-17bb-f1171d39c5dd,DCGM_FI_PROF_PIPE_FP16_ACTIVE,nvidia-dcgm-exporter,nvidia1,gpu-metrics,base,fmaas-monitoring,llama3-new,1,192.241.129.18:9400,nvidia-dcgm-exporter,NVIDIA A100-SXM4-80GB,nvidia-gpu-operator,nvidia-dcgm-exporter-xq25l,openshift-monitoring/k8s,nvidia-dcgm-exporter,0.004627
2024-06-11 12:28:43.667999983,NVIDIA,6.16,G506.0210.00.03,2.0,1652523003950,92.00.45.00.05,535.104.05,12.535.104.05,fmaas-devstage-backen-9cjgj-worker-a100-il-rdma-3-jx6tm,GPU-ed198df6-90a8-c0bf-17bb-f1171d39c5dd,DCGM_FI_PROF_PIPE_FP16_ACTIVE,nvidia-dcgm-exporter,nvidia1,gpu-metrics,base,fmaas-monitoring,llama3-new,1,192.241.129.18:9400,nvidia-dcgm-exporter,NVIDIA A100-SXM4-80GB,nvidia-gpu-operator,nvidia-dcgm-exporter-xq25l,openshift-monitoring/k8s,nvidia-dcgm-exporter,0.003555
2024-06-11 12:29:13.667999983,NVIDIA,6.16,G506.0210.00.03,2.0,1652523003950,92.00.45.00.05,535.104.05,12.535.104.05,fmaas-devstage-backen-9cjgj-worker-a100-il-rdma-3-jx6tm,GPU-ed198df6-90a8-c0bf-17bb-f1171d39c5dd,DCGM_FI_PROF_PIPE_FP16_ACTIVE,nvidia-dcgm-exporter,nvidia1,gpu-metrics,base,fmaas-monitoring,llama3-new,1,192.241.129.18:9400,nvidia-dcgm-exporter,NVIDIA A100-SXM4-80GB,nvidia-gpu-operator,nvidia-dcgm-exporter-xq25l,openshift-monitoring/k8s,nvidia-dcgm-exporter,0.003875
2024-06-11 12:29:43.667999983,NVIDIA,6.16,G506.0210.00.03,2.0,1652523003950,92.00.45.00.05,535.104.05,12.535.104.05,fmaas-devstage-backen-9cjgj-worker-a100-il-rdma-3-jx6tm,GPU-ed198df6-90a8-c0bf-17bb-f1171d39c5dd,DCGM_FI_PROF_PIPE_FP16_ACTIVE,nvidia-dcgm-exporter,nvidia1,gpu-metrics,base,fmaas-monitoring,llama3-new,1,192.241.129.18:9400,nvidia-dcgm-exporter,NVIDIA A100-SXM4-80GB,nvidia-gpu-operator,nvidia-dcgm-exporter-xq25l,openshift-monitoring/k8s,nvidia-dcgm-exporter,0.003792
2024-06-11 12:30:13.667999983,NVIDIA,6.16,G506.0210.00.03,2.0,1652523003950,92.00.45.00.05,535.104.05,12.535.104.05,fmaas-devstage-backen-9cjgj-worker-a100-il-rdma-3-jx6tm,GPU-ed198df6-90a8-c0bf-17bb-f1171d39c5dd,DCGM_FI_PROF_PIPE_FP16_ACTIVE,nvidia-dcgm-exporter,nvidia1,gpu-metrics,base,fmaas-monitoring,llama3-new,1,192.241.129.18:9400,nvidia-dcgm-exporter,NVIDIA A100-SXM4-80GB,nvidia-gpu-operator,nvidia-dcgm-exporter-xq25l,openshift-monitoring/k8s,nvidia-dcgm-exporter,0.009075
2024-06-11 12:30:43.667999983,NVIDIA,6.16,G506.0210.00.03,2.0,1652523003950,92.00.45.00.05,535.104.05,12.535.104.05,fmaas-devstage-backen-9cjgj-worker-a100-il-rdma-3-jx6tm,GPU-ed198df6-90a8-c0bf-17bb-f1171d39c5dd,DCGM_FI_PROF_PIPE_FP16_ACTIVE,nvidia-dcgm-exporter,nvidia1,gpu-metrics,base,fmaas-monitoring,llama3-new,1,192.241.129.18:9400,nvidia-dcgm-exporter,NVIDIA A100-SXM4-80GB,nvidia-gpu-operator,nvidia-dcgm-exporter-xq25l,openshift-monitoring/k8s,nvidia-dcgm-exporter,0.003936
2024-06-11 12:31:13.667999983,NVIDIA,6.16,G506.0210.00.03,2.0,1652523003950,92.00.45.00.05,535.104.05,12.535.104.05,fmaas-devstage-backen-9cjgj-worker-a100-il-rdma-3-jx6tm,GPU-ed198df6-90a8-c0bf-17bb-f1171d39c5dd,DCGM_FI_PROF_PIPE_FP16_ACTIVE,nvidia-dcgm-exporter,nvidia1,gpu-metrics,base,fmaas-monitoring,llama3-new,1,192.241.129.18:9400,nvidia-dcgm-exporter,NVIDIA A100-SXM4-80GB,nvidia-gpu-operator,nvidia-dcgm-exporter-xq25l,openshift-monitoring/k8s,nvidia-dcgm-exporter,0.008349
2024-06-11 12:31:43.667999983,NVIDIA,6.16,G506.0210.00.03,2.0,1652523003950,92.00.45.00.05,535.104.05,12.535.104.05,fmaas-devstage-backen-9cjgj-worker-a100-il-rdma-3-jx6tm,GPU-ed198df6-90a8-c0bf-17bb-f1171d39c5dd,DCGM_FI_PROF_PIPE_FP16_ACTIVE,nvidia-dcgm-exporter,nvidia1,gpu-metrics,base,fmaas-monitoring,llama3-new,1,192.241.129.18:9400,nvidia-dcgm-exporter,NVIDIA A100-SXM4-80GB,nvidia-gpu-operator,nvidia-dcgm-exporter-xq25l,openshift-monitoring/k8s,nvidia-dcgm-exporter,0.003863
2024-06-11 12:32:13.667999983,NVIDIA,6.16,G506.0210.00.03,2.0,1652523003950,92.00.45.00.05,535.104.05,12.535.104.05,fmaas-devstage-backen-9cjgj-worker-a100-il-rdma-3-jx6tm,GPU-ed198df6-90a8-c0bf-17bb-f1171d39c5dd,DCGM_FI_PROF_PIPE_FP16_ACTIVE,nvidia-dcgm-exporter,nvidia1,gpu-metrics,base,fmaas-monitoring,llama3-new,1,192.241.129.18:9400,nvidia-dcgm-exporter,NVIDIA A100-SXM4-80GB,nvidia-gpu-operator,nvidia-dcgm-exporter-xq25l,openshift-monitoring/k8s,nvidia-dcgm-exporter,0.0043
2024-06-11 12:32:43.667999983,NVIDIA,6.16,G506.0210.00.03,2.0,1652523003950,92.00.45.00.05,535.104.05,12.535.104.05,fmaas-devstage-backen-9cjgj-worker-a100-il-rdma-3-jx6tm,GPU-ed198df6-90a8-c0bf-17bb-f1171d39c5dd,DCGM_FI_PROF_PIPE_FP16_ACTIVE,nvidia-dcgm-exporter,nvidia1,gpu-metrics,base,fmaas-monitoring,llama3-new,1,192.241.129.18:9400,nvidia-dcgm-exporter,NVIDIA A100-SXM4-80GB,nvidia-gpu-operator,nvidia-dcgm-exporter-xq25l,openshift-monitoring/k8s,nvidia-dcgm-exporter,0.006784
2024-06-11 12:33:13.667999983,NVIDIA,6.16,G506.0210.00.03,2.0,1652523003950,92.00.45.00.05,535.104.05,12.535.104.05,fmaas-devstage-backen-9cjgj-worker-a100-il-rdma-3-jx6tm,GPU-ed198df6-90a8-c0bf-17bb-f1171d39c5dd,DCGM_FI_PROF_PIPE_FP16_ACTIVE,nvidia-dcgm-exporter,nvidia1,gpu-metrics,base,fmaas-monitoring,llama3-new,1,192.241.129.18:9400,nvidia-dcgm-exporter,NVIDIA A100-SXM4-80GB,nvidia-gpu-operator,nvidia-dcgm-exporter-xq25l,openshift-monitoring/k8s,nvidia-dcgm-exporter,0.004326
2024-06-11 12:33:43.667999983,NVIDIA,6.16,G506.0210.00.03,2.0,1652523003950,92.00.45.00.05,535.104.05,12.535.104.05,fmaas-devstage-backen-9cjgj-worker-a100-il-rdma-3-jx6tm,GPU-ed198df6-90a8-c0bf-17bb-f1171d39c5dd,DCGM_FI_PROF_PIPE_FP16_ACTIVE,nvidia-dcgm-exporter,nvidia1,gpu-metrics,base,fmaas-monitoring,llama3-new,1,192.241.129.18:9400,nvidia-dcgm-exporter,NVIDIA A100-SXM4-80GB,nvidia-gpu-operator,nvidia-dcgm-exporter-xq25l,openshift-monitoring/k8s,nvidia-dcgm-exporter,0.004158
2024-06-11 12:34:00.772000074,NVIDIA,6.16,G506.0210.00.03,2.0,1652523003950,92.00.45.00.05,535.104.05,12.535.104.05,fmaas-devstage-backen-9cjgj-worker-a100-il-rdma-3-jx6tm,GPU-ed198df6-90a8-c0bf-17bb-f1171d39c5dd,DCGM_FI_PROF_PIPE_FP16_ACTIVE,nvidia-dcgm-exporter,nvidia1,gpu-metrics,base,fmaas-monitoring,llama3-new,1,192.241.129.18:9400,nvidia-dcgm-exporter,NVIDIA A100-SXM4-80GB,nvidia-gpu-operator,nvidia-dcgm-exporter-xq25l,openshift-monitoring/k8s,nvidia-dcgm-exporter,0.005158
2024-06-11 12:34:13.667999983,NVIDIA,6.16,G506.0210.00.03,2.0,1652523003950,92.00.45.00.05,535.104.05,12.535.104.05,fmaas-devstage-backen-9cjgj-worker-a100-il-rdma-3-jx6tm,GPU-ed198df6-90a8-c0bf-17bb-f1171d39c5dd,DCGM_FI_PROF_PIPE_FP16_ACTIVE,nvidia-dcgm-exporter,nvidia1,gpu-metrics,base,fmaas-monitoring,llama3-new,1,192.241.129.18:9400,nvidia-dcgm-exporter,NVIDIA A100-SXM4-80GB,nvidia-gpu-operator,nvidia-dcgm-exporter-xq25l,openshift-monitoring/k8s,nvidia-dcgm-exporter,0.005767
2024-06-11 12:34:43.667999983,NVIDIA,6.16,G506.0210.00.03,2.0,1652523003950,92.00.45.00.05,535.104.05,12.535.104.05,fmaas-devstage-backen-9cjgj-worker-a100-il-rdma-3-jx6tm,GPU-ed198df6-90a8-c0bf-17bb-f1171d39c5dd,DCGM_FI_PROF_PIPE_FP16_ACTIVE,nvidia-dcgm-exporter,nvidia1,gpu-metrics,base,fmaas-monitoring,llama3-new,1,192.241.129.18:9400,nvidia-dcgm-exporter,NVIDIA A100-SXM4-80GB,nvidia-gpu-operator,nvidia-dcgm-exporter-xq25l,openshift-monitoring/k8s,nvidia-dcgm-exporter,0.006708
2024-06-11 12:35:13.667999983,NVIDIA,6.16,G506.0210.00.03,2.0,1652523003950,92.00.45.00.05,535.104.05,12.535.104.05,fmaas-devstage-backen-9cjgj-worker-a100-il-rdma-3-jx6tm,GPU-ed198df6-90a8-c0bf-17bb-f1171d39c5dd,DCGM_FI_PROF_PIPE_FP16_ACTIVE,nvidia-dcgm-exporter,nvidia1,gpu-metrics,base,fmaas-monitoring,llama3-new,1,192.241.129.18:9400,nvidia-dcgm-exporter,NVIDIA A100-SXM4-80GB,nvidia-gpu-operator,nvidia-dcgm-exporter-xq25l,openshift-monitoring/k8s,nvidia-dcgm-exporter,0.007825
2024-06-11 12:35:43.667999983,NVIDIA,6.16,G506.0210.00.03,2.0,1652523003950,92.00.45.00.05,535.104.05,12.535.104.05,fmaas-devstage-backen-9cjgj-worker-a100-il-rdma-3-jx6tm,GPU-ed198df6-90a8-c0bf-17bb-f1171d39c5dd,DCGM_FI_PROF_PIPE_FP16_ACTIVE,nvidia-dcgm-exporter,nvidia1,gpu-metrics,base,fmaas-monitoring,llama3-new,1,192.241.129.18:9400,nvidia-dcgm-exporter,NVIDIA A100-SXM4-80GB,nvidia-gpu-operator,nvidia-dcgm-exporter-xq25l,openshift-monitoring/k8s,nvidia-dcgm-exporter,0.004225
2024-06-11 12:36:13.667999983,NVIDIA,6.16,G506.0210.00.03,2.0,1652523003950,92.00.45.00.05,535.104.05,12.535.104.05,fmaas-devstage-backen-9cjgj-worker-a100-il-rdma-3-jx6tm,GPU-ed198df6-90a8-c0bf-17bb-f1171d39c5dd,DCGM_FI_PROF_PIPE_FP16_ACTIVE,nvidia-dcgm-exporter,nvidia1,gpu-metrics,base,fmaas-monitoring,llama3-new,1,192.241.129.18:9400,nvidia-dcgm-exporter,NVIDIA A100-SXM4-80GB,nvidia-gpu-operator,nvidia-dcgm-exporter-xq25l,openshift-monitoring/k8s,nvidia-dcgm-exporter,0.005102
2024-06-11 12:36:43.667999983,NVIDIA,6.16,G506.0210.00.03,2.0,1652523003950,92.00.45.00.05,535.104.05,12.535.104.05,fmaas-devstage-backen-9cjgj-worker-a100-il-rdma-3-jx6tm,GPU-ed198df6-90a8-c0bf-17bb-f1171d39c5dd,DCGM_FI_PROF_PIPE_FP16_ACTIVE,nvidia-dcgm-exporter,nvidia1,gpu-metrics,base,fmaas-monitoring,llama3-new,1,192.241.129.18:9400,nvidia-dcgm-exporter,NVIDIA A100-SXM4-80GB,nvidia-gpu-operator,nvidia-dcgm-exporter-xq25l,openshift-monitoring/k8s,nvidia-dcgm-exporter,0.009785
2024-06-11 12:37:13.667999983,NVIDIA,6.16,G506.0210.00.03,2.0,1652523003950,92.00.45.00.05,535.104.05,12.535.104.05,fmaas-devstage-backen-9cjgj-worker-a100-il-rdma-3-jx6tm,GPU-ed198df6-90a8-c0bf-17bb-f1171d39c5dd,DCGM_FI_PROF_PIPE_FP16_ACTIVE,nvidia-dcgm-exporter,nvidia1,gpu-metrics,base,fmaas-monitoring,llama3-new,1,192.241.129.18:9400,nvidia-dcgm-exporter,NVIDIA A100-SXM4-80GB,nvidia-gpu-operator,nvidia-dcgm-exporter-xq25l,openshift-monitoring/k8s,nvidia-dcgm-exporter,0.004174
2024-06-11 12:37:43.667999983,NVIDIA,6.16,G506.0210.00.03,2.0,1652523003950,92.00.45.00.05,535.104.05,12.535.104.05,fmaas-devstage-backen-9cjgj-worker-a100-il-rdma-3-jx6tm,GPU-ed198df6-90a8-c0bf-17bb-f1171d39c5dd,DCGM_FI_PROF_PIPE_FP16_ACTIVE,nvidia-dcgm-exporter,nvidia1,gpu-metrics,base,fmaas-monitoring,llama3-new,1,192.241.129.18:9400,nvidia-dcgm-exporter,NVIDIA A100-SXM4-80GB,nvidia-gpu-operator,nvidia-dcgm-exporter-xq25l,openshift-monitoring/k8s,nvidia-dcgm-exporter,0.007576
2024-06-11 12:38:13.667999983,NVIDIA,6.16,G506.0210.00.03,2.0,1652523003950,92.00.45.00.05,535.104.05,12.535.104.05,fmaas-devstage-backen-9cjgj-worker-a100-il-rdma-3-jx6tm,GPU-ed198df6-90a8-c0bf-17bb-f1171d39c5dd,DCGM_FI_PROF_PIPE_FP16_ACTIVE,nvidia-dcgm-exporter,nvidia1,gpu-metrics,base,fmaas-monitoring,llama3-new,1,192.241.129.18:9400,nvidia-dcgm-exporter,NVIDIA A100-SXM4-80GB,nvidia-gpu-operator,nvidia-dcgm-exporter-xq25l,openshift-monitoring/k8s,nvidia-dcgm-exporter,0.004273
2024-06-11 12:38:43.667999983,NVIDIA,6.16,G506.0210.00.03,2.0,1652523003950,92.00.45.00.05,535.104.05,12.535.104.05,fmaas-devstage-backen-9cjgj-worker-a100-il-rdma-3-jx6tm,GPU-ed198df6-90a8-c0bf-17bb-f1171d39c5dd,DCGM_FI_PROF_PIPE_FP16_ACTIVE,nvidia-dcgm-exporter,nvidia1,gpu-metrics,base,fmaas-monitoring,llama3-new,1,192.241.129.18:9400,nvidia-dcgm-exporter,NVIDIA A100-SXM4-80GB,nvidia-gpu-operator,nvidia-dcgm-exporter-xq25l,openshift-monitoring/k8s,nvidia-dcgm-exporter,0.004022
2024-06-11 12:39:13.667999983,NVIDIA,6.16,G506.0210.00.03,2.0,1652523003950,92.00.45.00.05,535.104.05,12.535.104.05,fmaas-devstage-backen-9cjgj-worker-a100-il-rdma-3-jx6tm,GPU-ed198df6-90a8-c0bf-17bb-f1171d39c5dd,DCGM_FI_PROF_PIPE_FP16_ACTIVE,nvidia-dcgm-exporter,nvidia1,gpu-metrics,base,fmaas-monitoring,llama3-new,1,192.241.129.18:9400,nvidia-dcgm-exporter,NVIDIA A100-SXM4-80GB,nvidia-gpu-operator,nvidia-dcgm-exporter-xq25l,openshift-monitoring/k8s,nvidia-dcgm-exporter,0.006316
2024-06-11 12:39:43.667999983,NVIDIA,6.16,G506.0210.00.03,2.0,1652523003950,92.00.45.00.05,535.104.05,12.535.104.05,fmaas-devstage-backen-9cjgj-worker-a100-il-rdma-3-jx6tm,GPU-ed198df6-90a8-c0bf-17bb-f1171d39c5dd,DCGM_FI_PROF_PIPE_FP16_ACTIVE,nvidia-dcgm-exporter,nvidia1,gpu-metrics,base,fmaas-monitoring,llama3-new,1,192.241.129.18:9400,nvidia-dcgm-exporter,NVIDIA A100-SXM4-80GB,nvidia-gpu-operator,nvidia-dcgm-exporter-xq25l,openshift-monitoring/k8s,nvidia-dcgm-exporter,0.006593
2024-06-11 12:40:13.667999983,NVIDIA,6.16,G506.0210.00.03,2.0,1652523003950,92.00.45.00.05,535.104.05,12.535.104.05,fmaas-devstage-backen-9cjgj-worker-a100-il-rdma-3-jx6tm,GPU-ed198df6-90a8-c0bf-17bb-f1171d39c5dd,DCGM_FI_PROF_PIPE_FP16_ACTIVE,nvidia-dcgm-exporter,nvidia1,gpu-metrics,base,fmaas-monitoring,llama3-new,1,192.241.129.18:9400,nvidia-dcgm-exporter,NVIDIA A100-SXM4-80GB,nvidia-gpu-operator,nvidia-dcgm-exporter-xq25l,openshift-monitoring/k8s,nvidia-dcgm-exporter,0.007519
2024-06-11 12:40:43.667999983,NVIDIA,6.16,G506.0210.00.03,2.0,1652523003950,92.00.45.00.05,535.104.05,12.535.104.05,fmaas-devstage-backen-9cjgj-worker-a100-il-rdma-3-jx6tm,GPU-ed198df6-90a8-c0bf-17bb-f1171d39c5dd,DCGM_FI_PROF_PIPE_FP16_ACTIVE,nvidia-dcgm-exporter,nvidia1,gpu-metrics,base,fmaas-monitoring,llama3-new,1,192.241.129.18:9400,nvidia-dcgm-exporter,NVIDIA A100-SXM4-80GB,nvidia-gpu-operator,nvidia-dcgm-exporter-xq25l,openshift-monitoring/k8s,nvidia-dcgm-exporter,0.00663
2024-06-11 12:41:13.667999983,NVIDIA,6.16,G506.0210.00.03,2.0,1652523003950,92.00.45.00.05,535.104.05,12.535.104.05,fmaas-devstage-backen-9cjgj-worker-a100-il-rdma-3-jx6tm,GPU-ed198df6-90a8-c0bf-17bb-f1171d39c5dd,DCGM_FI_PROF_PIPE_FP16_ACTIVE,nvidia-dcgm-exporter,nvidia1,gpu-metrics,base,fmaas-monitoring,llama3-new,1,192.241.129.18:9400,nvidia-dcgm-exporter,NVIDIA A100-SXM4-80GB,nvidia-gpu-operator,nvidia-dcgm-exporter-xq25l,openshift-monitoring/k8s,nvidia-dcgm-exporter,0.003579
2024-06-11 12:41:43.667999983,NVIDIA,6.16,G506.0210.00.03,2.0,1652523003950,92.00.45.00.05,535.104.05,12.535.104.05,fmaas-devstage-backen-9cjgj-worker-a100-il-rdma-3-jx6tm,GPU-ed198df6-90a8-c0bf-17bb-f1171d39c5dd,DCGM_FI_PROF_PIPE_FP16_ACTIVE,nvidia-dcgm-exporter,nvidia1,gpu-metrics,base,fmaas-monitoring,llama3-new,1,192.241.129.18:9400,nvidia-dcgm-exporter,NVIDIA A100-SXM4-80GB,nvidia-gpu-operator,nvidia-dcgm-exporter-xq25l,openshift-monitoring/k8s,nvidia-dcgm-exporter,0.007802
2024-06-11 12:42:13.667999983,NVIDIA,6.16,G506.0210.00.03,2.0,1652523003950,92.00.45.00.05,535.104.05,12.535.104.05,fmaas-devstage-backen-9cjgj-worker-a100-il-rdma-3-jx6tm,GPU-ed198df6-90a8-c0bf-17bb-f1171d39c5dd,DCGM_FI_PROF_PIPE_FP16_ACTIVE,nvidia-dcgm-exporter,nvidia1,gpu-metrics,base,fmaas-monitoring,llama3-new,1,192.241.129.18:9400,nvidia-dcgm-exporter,NVIDIA A100-SXM4-80GB,nvidia-gpu-operator,nvidia-dcgm-exporter-xq25l,openshift-monitoring/k8s,nvidia-dcgm-exporter,0.00474
2024-06-11 12:42:43.667999983,NVIDIA,6.16,G506.0210.00.03,2.0,1652523003950,92.00.45.00.05,535.104.05,12.535.104.05,fmaas-devstage-backen-9cjgj-worker-a100-il-rdma-3-jx6tm,GPU-ed198df6-90a8-c0bf-17bb-f1171d39c5dd,DCGM_FI_PROF_PIPE_FP16_ACTIVE,nvidia-dcgm-exporter,nvidia1,gpu-metrics,base,fmaas-monitoring,llama3-new,1,192.241.129.18:9400,nvidia-dcgm-exporter,NVIDIA A100-SXM4-80GB,nvidia-gpu-operator,nvidia-dcgm-exporter-xq25l,openshift-monitoring/k8s,nvidia-dcgm-exporter,0.004262
2024-06-11 12:43:13.667999983,NVIDIA,6.16,G506.0210.00.03,2.0,1652523003950,92.00.45.00.05,535.104.05,12.535.104.05,fmaas-devstage-backen-9cjgj-worker-a100-il-rdma-3-jx6tm,GPU-ed198df6-90a8-c0bf-17bb-f1171d39c5dd,DCGM_FI_PROF_PIPE_FP16_ACTIVE,nvidia-dcgm-exporter,nvidia1,gpu-metrics,base,fmaas-monitoring,llama3-new,1,192.241.129.18:9400,nvidia-dcgm-exporter,NVIDIA A100-SXM4-80GB,nvidia-gpu-operator,nvidia-dcgm-exporter-xq25l,openshift-monitoring/k8s,nvidia-dcgm-exporter,0.00438
2024-06-11 12:43:43.667999983,NVIDIA,6.16,G506.0210.00.03,2.0,1652523003950,92.00.45.00.05,535.104.05,12.535.104.05,fmaas-devstage-backen-9cjgj-worker-a100-il-rdma-3-jx6tm,GPU-ed198df6-90a8-c0bf-17bb-f1171d39c5dd,DCGM_FI_PROF_PIPE_FP16_ACTIVE,nvidia-dcgm-exporter,nvidia1,gpu-metrics,base,fmaas-monitoring,llama3-new,1,192.241.129.18:9400,nvidia-dcgm-exporter,NVIDIA A100-SXM4-80GB,nvidia-gpu-operator,nvidia-dcgm-exporter-xq25l,openshift-monitoring/k8s,nvidia-dcgm-exporter,0.004073
2024-06-11 12:44:00.772000074,NVIDIA,6.16,G506.0210.00.03,2.0,1652523003950,92.00.45.00.05,535.104.05,12.535.104.05,fmaas-devstage-backen-9cjgj-worker-a100-il-rdma-3-jx6tm,GPU-ed198df6-90a8-c0bf-17bb-f1171d39c5dd,DCGM_FI_PROF_PIPE_FP16_ACTIVE,nvidia-dcgm-exporter,nvidia1,gpu-metrics,base,fmaas-monitoring,llama3-new,1,192.241.129.18:9400,nvidia-dcgm-exporter,NVIDIA A100-SXM4-80GB,nvidia-gpu-operator,nvidia-dcgm-exporter-xq25l,openshift-monitoring/k8s,nvidia-dcgm-exporter,0.003933
2024-06-11 12:44:13.667999983,NVIDIA,6.16,G506.0210.00.03,2.0,1652523003950,92.00.45.00.05,535.104.05,12.535.104.05,fmaas-devstage-backen-9cjgj-worker-a100-il-rdma-3-jx6tm,GPU-ed198df6-90a8-c0bf-17bb-f1171d39c5dd,DCGM_FI_PROF_PIPE_FP16_ACTIVE,nvidia-dcgm-exporter,nvidia1,gpu-metrics,base,fmaas-monitoring,llama3-new,1,192.241.129.18:9400,nvidia-dcgm-exporter,NVIDIA A100-SXM4-80GB,nvidia-gpu-operator,nvidia-dcgm-exporter-xq25l,openshift-monitoring/k8s,nvidia-dcgm-exporter,0.008482
2024-06-11 12:44:43.667999983,NVIDIA,6.16,G506.0210.00.03,2.0,1652523003950,92.00.45.00.05,535.104.05,12.535.104.05,fmaas-devstage-backen-9cjgj-worker-a100-il-rdma-3-jx6tm,GPU-ed198df6-90a8-c0bf-17bb-f1171d39c5dd,DCGM_FI_PROF_PIPE_FP16_ACTIVE,nvidia-dcgm-exporter,nvidia1,gpu-metrics,base,fmaas-monitoring,llama3-new,1,192.241.129.18:9400,nvidia-dcgm-exporter,NVIDIA A100-SXM4-80GB,nvidia-gpu-operator,nvidia-dcgm-exporter-xq25l,openshift-monitoring/k8s,nvidia-dcgm-exporter,0.004146
2024-06-11 12:45:13.667999983,NVIDIA,6.16,G506.0210.00.03,2.0,1652523003950,92.00.45.00.05,535.104.05,12.535.104.05,fmaas-devstage-backen-9cjgj-worker-a100-il-rdma-3-jx6tm,GPU-ed198df6-90a8-c0bf-17bb-f1171d39c5dd,DCGM_FI_PROF_PIPE_FP16_ACTIVE,nvidia-dcgm-exporter,nvidia1,gpu-metrics,base,fmaas-monitoring,llama3-new,1,192.241.129.18:9400,nvidia-dcgm-exporter,NVIDIA A100-SXM4-80GB,nvidia-gpu-operator,nvidia-dcgm-exporter-xq25l,openshift-monitoring/k8s,nvidia-dcgm-exporter,0.00731
2024-06-11 12:45:43.674999952,NVIDIA,6.16,G506.0210.00.03,2.0,1652523003950,92.00.45.00.05,535.104.05,12.535.104.05,fmaas-devstage-backen-9cjgj-worker-a100-il-rdma-3-jx6tm,GPU-ed198df6-90a8-c0bf-17bb-f1171d39c5dd,DCGM_FI_PROF_PIPE_FP16_ACTIVE,nvidia-dcgm-exporter,nvidia1,gpu-metrics,base,fmaas-monitoring,llama3-new,1,192.241.129.18:9400,nvidia-dcgm-exporter,NVIDIA A100-SXM4-80GB,nvidia-gpu-operator,nvidia-dcgm-exporter-xq25l,openshift-monitoring/k8s,nvidia-dcgm-exporter,0.00694
2024-06-11 12:46:13.667999983,NVIDIA,6.16,G506.0210.00.03,2.0,1652523003950,92.00.45.00.05,535.104.05,12.535.104.05,fmaas-devstage-backen-9cjgj-worker-a100-il-rdma-3-jx6tm,GPU-ed198df6-90a8-c0bf-17bb-f1171d39c5dd,DCGM_FI_PROF_PIPE_FP16_ACTIVE,nvidia-dcgm-exporter,nvidia1,gpu-metrics,base,fmaas-monitoring,llama3-new,1,192.241.129.18:9400,nvidia-dcgm-exporter,NVIDIA A100-SXM4-80GB,nvidia-gpu-operator,nvidia-dcgm-exporter-xq25l,openshift-monitoring/k8s,nvidia-dcgm-exporter,0.004685
2024-06-11 12:46:43.667999983,NVIDIA,6.16,G506.0210.00.03,2.0,1652523003950,92.00.45.00.05,535.104.05,12.535.104.05,fmaas-devstage-backen-9cjgj-worker-a100-il-rdma-3-jx6tm,GPU-ed198df6-90a8-c0bf-17bb-f1171d39c5dd,DCGM_FI_PROF_PIPE_FP16_ACTIVE,nvidia-dcgm-exporter,nvidia1,gpu-metrics,base,fmaas-monitoring,llama3-new,1,192.241.129.18:9400,nvidia-dcgm-exporter,NVIDIA A100-SXM4-80GB,nvidia-gpu-operator,nvidia-dcgm-exporter-xq25l,openshift-monitoring/k8s,nvidia-dcgm-exporter,0.004203
2024-06-11 12:47:13.667999983,NVIDIA,6.16,G506.0210.00.03,2.0,1652523003950,92.00.45.00.05,535.104.05,12.535.104.05,fmaas-devstage-backen-9cjgj-worker-a100-il-rdma-3-jx6tm,GPU-ed198df6-90a8-c0bf-17bb-f1171d39c5dd,DCGM_FI_PROF_PIPE_FP16_ACTIVE,nvidia-dcgm-exporter,nvidia1,gpu-metrics,base,fmaas-monitoring,llama3-new,1,192.241.129.18:9400,nvidia-dcgm-exporter,NVIDIA A100-SXM4-80GB,nvidia-gpu-operator,nvidia-dcgm-exporter-xq25l,openshift-monitoring/k8s,nvidia-dcgm-exporter,0.009323
2024-06-11 12:47:43.667999983,NVIDIA,6.16,G506.0210.00.03,2.0,1652523003950,92.00.45.00.05,535.104.05,12.535.104.05,fmaas-devstage-backen-9cjgj-worker-a100-il-rdma-3-jx6tm,GPU-ed198df6-90a8-c0bf-17bb-f1171d39c5dd,DCGM_FI_PROF_PIPE_FP16_ACTIVE,nvidia-dcgm-exporter,nvidia1,gpu-metrics,base,fmaas-monitoring,llama3-new,1,192.241.129.18:9400,nvidia-dcgm-exporter,NVIDIA A100-SXM4-80GB,nvidia-gpu-operator,nvidia-dcgm-exporter-xq25l,openshift-monitoring/k8s,nvidia-dcgm-exporter,0.00514
2024-06-11 12:48:13.667999983,NVIDIA,6.16,G506.0210.00.03,2.0,1652523003950,92.00.45.00.05,535.104.05,12.535.104.05,fmaas-devstage-backen-9cjgj-worker-a100-il-rdma-3-jx6tm,GPU-ed198df6-90a8-c0bf-17bb-f1171d39c5dd,DCGM_FI_PROF_PIPE_FP16_ACTIVE,nvidia-dcgm-exporter,nvidia1,gpu-metrics,base,fmaas-monitoring,llama3-new,1,192.241.129.18:9400,nvidia-dcgm-exporter,NVIDIA A100-SXM4-80GB,nvidia-gpu-operator,nvidia-dcgm-exporter-xq25l,openshift-monitoring/k8s,nvidia-dcgm-exporter,0.003992
2024-06-11 12:48:43.667999983,NVIDIA,6.16,G506.0210.00.03,2.0,1652523003950,92.00.45.00.05,535.104.05,12.535.104.05,fmaas-devstage-backen-9cjgj-worker-a100-il-rdma-3-jx6tm,GPU-ed198df6-90a8-c0bf-17bb-f1171d39c5dd,DCGM_FI_PROF_PIPE_FP16_ACTIVE,nvidia-dcgm-exporter,nvidia1,gpu-metrics,base,fmaas-monitoring,llama3-new,1,192.241.129.18:9400,nvidia-dcgm-exporter,NVIDIA A100-SXM4-80GB,nvidia-gpu-operator,nvidia-dcgm-exporter-xq25l,openshift-monitoring/k8s,nvidia-dcgm-exporter,0.003944
2024-06-11 12:49:13.667999983,NVIDIA,6.16,G506.0210.00.03,2.0,1652523003950,92.00.45.00.05,535.104.05,12.535.104.05,fmaas-devstage-backen-9cjgj-worker-a100-il-rdma-3-jx6tm,GPU-ed198df6-90a8-c0bf-17bb-f1171d39c5dd,DCGM_FI_PROF_PIPE_FP16_ACTIVE,nvidia-dcgm-exporter,nvidia1,gpu-metrics,base,fmaas-monitoring,llama3-new,1,192.241.129.18:9400,nvidia-dcgm-exporter,NVIDIA A100-SXM4-80GB,nvidia-gpu-operator,nvidia-dcgm-exporter-xq25l,openshift-monitoring/k8s,nvidia-dcgm-exporter,0.003479
2024-06-11 12:49:43.667999983,NVIDIA,6.16,G506.0210.00.03,2.0,1652523003950,92.00.45.00.05,535.104.05,12.535.104.05,fmaas-devstage-backen-9cjgj-worker-a100-il-rdma-3-jx6tm,GPU-ed198df6-90a8-c0bf-17bb-f1171d39c5dd,DCGM_FI_PROF_PIPE_FP16_ACTIVE,nvidia-dcgm-exporter,nvidia1,gpu-metrics,base,fmaas-monitoring,llama3-new,1,192.241.129.18:9400,nvidia-dcgm-exporter,NVIDIA A100-SXM4-80GB,nvidia-gpu-operator,nvidia-dcgm-exporter-xq25l,openshift-monitoring/k8s,nvidia-dcgm-exporter,0.003652
2024-06-11 12:50:13.667999983,NVIDIA,6.16,G506.0210.00.03,2.0,1652523003950,92.00.45.00.05,535.104.05,12.535.104.05,fmaas-devstage-backen-9cjgj-worker-a100-il-rdma-3-jx6tm,GPU-ed198df6-90a8-c0bf-17bb-f1171d39c5dd,DCGM_FI_PROF_PIPE_FP16_ACTIVE,nvidia-dcgm-exporter,nvidia1,gpu-metrics,base,fmaas-monitoring,llama3-new,1,192.241.129.18:9400,nvidia-dcgm-exporter,NVIDIA A100-SXM4-80GB,nvidia-gpu-operator,nvidia-dcgm-exporter-xq25l,openshift-monitoring/k8s,nvidia-dcgm-exporter,0.003833
2024-06-11 12:50:43.674000025,NVIDIA,6.16,G506.0210.00.03,2.0,1652523003950,92.00.45.00.05,535.104.05,12.535.104.05,fmaas-devstage-backen-9cjgj-worker-a100-il-rdma-3-jx6tm,GPU-ed198df6-90a8-c0bf-17bb-f1171d39c5dd,DCGM_FI_PROF_PIPE_FP16_ACTIVE,nvidia-dcgm-exporter,nvidia1,gpu-metrics,base,fmaas-monitoring,llama3-new,1,192.241.129.18:9400,nvidia-dcgm-exporter,NVIDIA A100-SXM4-80GB,nvidia-gpu-operator,nvidia-dcgm-exporter-xq25l,openshift-monitoring/k8s,nvidia-dcgm-exporter,0.003475
2024-06-11 12:51:13.667999983,NVIDIA,6.16,G506.0210.00.03,2.0,1652523003950,92.00.45.00.05,535.104.05,12.535.104.05,fmaas-devstage-backen-9cjgj-worker-a100-il-rdma-3-jx6tm,GPU-ed198df6-90a8-c0bf-17bb-f1171d39c5dd,DCGM_FI_PROF_PIPE_FP16_ACTIVE,nvidia-dcgm-exporter,nvidia1,gpu-metrics,base,fmaas-monitoring,llama3-new,1,192.241.129.18:9400,nvidia-dcgm-exporter,NVIDIA A100-SXM4-80GB,nvidia-gpu-operator,nvidia-dcgm-exporter-xq25l,openshift-monitoring/k8s,nvidia-dcgm-exporter,0.009037
2024-06-11 12:51:43.667999983,NVIDIA,6.16,G506.0210.00.03,2.0,1652523003950,92.00.45.00.05,535.104.05,12.535.104.05,fmaas-devstage-backen-9cjgj-worker-a100-il-rdma-3-jx6tm,GPU-ed198df6-90a8-c0bf-17bb-f1171d39c5dd,DCGM_FI_PROF_PIPE_FP16_ACTIVE,nvidia-dcgm-exporter,nvidia1,gpu-metrics,base,fmaas-monitoring,llama3-new,1,192.241.129.18:9400,nvidia-dcgm-exporter,NVIDIA A100-SXM4-80GB,nvidia-gpu-operator,nvidia-dcgm-exporter-xq25l,openshift-monitoring/k8s,nvidia-dcgm-exporter,0.006711
2024-06-11 12:52:13.667999983,NVIDIA,6.16,G506.0210.00.03,2.0,1652523003950,92.00.45.00.05,535.104.05,12.535.104.05,fmaas-devstage-backen-9cjgj-worker-a100-il-rdma-3-jx6tm,GPU-ed198df6-90a8-c0bf-17bb-f1171d39c5dd,DCGM_FI_PROF_PIPE_FP16_ACTIVE,nvidia-dcgm-exporter,nvidia1,gpu-metrics,base,fmaas-monitoring,llama3-new,1,192.241.129.18:9400,nvidia-dcgm-exporter,NVIDIA A100-SXM4-80GB,nvidia-gpu-operator,nvidia-dcgm-exporter-xq25l,openshift-monitoring/k8s,nvidia-dcgm-exporter,0.007631
2024-06-11 12:52:43.667999983,NVIDIA,6.16,G506.0210.00.03,2.0,1652523003950,92.00.45.00.05,535.104.05,12.535.104.05,fmaas-devstage-backen-9cjgj-worker-a100-il-rdma-3-jx6tm,GPU-ed198df6-90a8-c0bf-17bb-f1171d39c5dd,DCGM_FI_PROF_PIPE_FP16_ACTIVE,nvidia-dcgm-exporter,nvidia1,gpu-metrics,base,fmaas-monitoring,llama3-new,1,192.241.129.18:9400,nvidia-dcgm-exporter,NVIDIA A100-SXM4-80GB,nvidia-gpu-operator,nvidia-dcgm-exporter-xq25l,openshift-monitoring/k8s,nvidia-dcgm-exporter,0.006266
2024-06-11 12:53:13.680999994,NVIDIA,6.16,G506.0210.00.03,2.0,1652523003950,92.00.45.00.05,535.104.05,12.535.104.05,fmaas-devstage-backen-9cjgj-worker-a100-il-rdma-3-jx6tm,GPU-ed198df6-90a8-c0bf-17bb-f1171d39c5dd,DCGM_FI_PROF_PIPE_FP16_ACTIVE,nvidia-dcgm-exporter,nvidia1,gpu-metrics,base,fmaas-monitoring,llama3-new,1,192.241.129.18:9400,nvidia-dcgm-exporter,NVIDIA A100-SXM4-80GB,nvidia-gpu-operator,nvidia-dcgm-exporter-xq25l,openshift-monitoring/k8s,nvidia-dcgm-exporter,0.003607
2024-06-11 12:53:43.667999983,NVIDIA,6.16,G506.0210.00.03,2.0,1652523003950,92.00.45.00.05,535.104.05,12.535.104.05,fmaas-devstage-backen-9cjgj-worker-a100-il-rdma-3-jx6tm,GPU-ed198df6-90a8-c0bf-17bb-f1171d39c5dd,DCGM_FI_PROF_PIPE_FP16_ACTIVE,nvidia-dcgm-exporter,nvidia1,gpu-metrics,base,fmaas-monitoring,llama3-new,1,192.241.129.18:9400,nvidia-dcgm-exporter,NVIDIA A100-SXM4-80GB,nvidia-gpu-operator,nvidia-dcgm-exporter-xq25l,openshift-monitoring/k8s,nvidia-dcgm-exporter,0.004784
2024-06-11 12:54:00.772000074,NVIDIA,6.16,G506.0210.00.03,2.0,1652523003950,92.00.45.00.05,535.104.05,12.535.104.05,fmaas-devstage-backen-9cjgj-worker-a100-il-rdma-3-jx6tm,GPU-ed198df6-90a8-c0bf-17bb-f1171d39c5dd,DCGM_FI_PROF_PIPE_FP16_ACTIVE,nvidia-dcgm-exporter,nvidia1,gpu-metrics,base,fmaas-monitoring,llama3-new,1,192.241.129.18:9400,nvidia-dcgm-exporter,NVIDIA A100-SXM4-80GB,nvidia-gpu-operator,nvidia-dcgm-exporter-xq25l,openshift-monitoring/k8s,nvidia-dcgm-exporter,0.003838
2024-06-11 12:54:13.667999983,NVIDIA,6.16,G506.0210.00.03,2.0,1652523003950,92.00.45.00.05,535.104.05,12.535.104.05,fmaas-devstage-backen-9cjgj-worker-a100-il-rdma-3-jx6tm,GPU-ed198df6-90a8-c0bf-17bb-f1171d39c5dd,DCGM_FI_PROF_PIPE_FP16_ACTIVE,nvidia-dcgm-exporter,nvidia1,gpu-metrics,base,fmaas-monitoring,llama3-new,1,192.241.129.18:9400,nvidia-dcgm-exporter,NVIDIA A100-SXM4-80GB,nvidia-gpu-operator,nvidia-dcgm-exporter-xq25l,openshift-monitoring/k8s,nvidia-dcgm-exporter,0.003872
2024-06-11 12:54:43.667999983,NVIDIA,6.16,G506.0210.00.03,2.0,1652523003950,92.00.45.00.05,535.104.05,12.535.104.05,fmaas-devstage-backen-9cjgj-worker-a100-il-rdma-3-jx6tm,GPU-ed198df6-90a8-c0bf-17bb-f1171d39c5dd,DCGM_FI_PROF_PIPE_FP16_ACTIVE,nvidia-dcgm-exporter,nvidia1,gpu-metrics,base,fmaas-monitoring,llama3-new,1,192.241.129.18:9400,nvidia-dcgm-exporter,NVIDIA A100-SXM4-80GB,nvidia-gpu-operator,nvidia-dcgm-exporter-xq25l,openshift-monitoring/k8s,nvidia-dcgm-exporter,0.004283
2024-06-11 12:55:13.667999983,NVIDIA,6.16,G506.0210.00.03,2.0,1652523003950,92.00.45.00.05,535.104.05,12.535.104.05,fmaas-devstage-backen-9cjgj-worker-a100-il-rdma-3-jx6tm,GPU-ed198df6-90a8-c0bf-17bb-f1171d39c5dd,DCGM_FI_PROF_PIPE_FP16_ACTIVE,nvidia-dcgm-exporter,nvidia1,gpu-metrics,base,fmaas-monitoring,llama3-new,1,192.241.129.18:9400,nvidia-dcgm-exporter,NVIDIA A100-SXM4-80GB,nvidia-gpu-operator,nvidia-dcgm-exporter-xq25l,openshift-monitoring/k8s,nvidia-dcgm-exporter,0.003845
2024-06-11 12:55:43.667999983,NVIDIA,6.16,G506.0210.00.03,2.0,1652523003950,92.00.45.00.05,535.104.05,12.535.104.05,fmaas-devstage-backen-9cjgj-worker-a100-il-rdma-3-jx6tm,GPU-ed198df6-90a8-c0bf-17bb-f1171d39c5dd,DCGM_FI_PROF_PIPE_FP16_ACTIVE,nvidia-dcgm-exporter,nvidia1,gpu-metrics,base,fmaas-monitoring,llama3-new,1,192.241.129.18:9400,nvidia-dcgm-exporter,NVIDIA A100-SXM4-80GB,nvidia-gpu-operator,nvidia-dcgm-exporter-xq25l,openshift-monitoring/k8s,nvidia-dcgm-exporter,0.003776
2024-06-11 12:56:13.667999983,NVIDIA,6.16,G506.0210.00.03,2.0,1652523003950,92.00.45.00.05,535.104.05,12.535.104.05,fmaas-devstage-backen-9cjgj-worker-a100-il-rdma-3-jx6tm,GPU-ed198df6-90a8-c0bf-17bb-f1171d39c5dd,DCGM_FI_PROF_PIPE_FP16_ACTIVE,nvidia-dcgm-exporter,nvidia1,gpu-metrics,base,fmaas-monitoring,llama3-new,1,192.241.129.18:9400,nvidia-dcgm-exporter,NVIDIA A100-SXM4-80GB,nvidia-gpu-operator,nvidia-dcgm-exporter-xq25l,openshift-monitoring/k8s,nvidia-dcgm-exporter,0.00425
2024-06-11 12:56:43.667999983,NVIDIA,6.16,G506.0210.00.03,2.0,1652523003950,92.00.45.00.05,535.104.05,12.535.104.05,fmaas-devstage-backen-9cjgj-worker-a100-il-rdma-3-jx6tm,GPU-ed198df6-90a8-c0bf-17bb-f1171d39c5dd,DCGM_FI_PROF_PIPE_FP16_ACTIVE,nvidia-dcgm-exporter,nvidia1,gpu-metrics,base,fmaas-monitoring,llama3-new,1,192.241.129.18:9400,nvidia-dcgm-exporter,NVIDIA A100-SXM4-80GB,nvidia-gpu-operator,nvidia-dcgm-exporter-xq25l,openshift-monitoring/k8s,nvidia-dcgm-exporter,0.004335
2024-06-11 12:57:13.667999983,NVIDIA,6.16,G506.0210.00.03,2.0,1652523003950,92.00.45.00.05,535.104.05,12.535.104.05,fmaas-devstage-backen-9cjgj-worker-a100-il-rdma-3-jx6tm,GPU-ed198df6-90a8-c0bf-17bb-f1171d39c5dd,DCGM_FI_PROF_PIPE_FP16_ACTIVE,nvidia-dcgm-exporter,nvidia1,gpu-metrics,base,fmaas-monitoring,llama3-new,1,192.241.129.18:9400,nvidia-dcgm-exporter,NVIDIA A100-SXM4-80GB,nvidia-gpu-operator,nvidia-dcgm-exporter-xq25l,openshift-monitoring/k8s,nvidia-dcgm-exporter,0.004075
2024-06-11 12:57:43.667999983,NVIDIA,6.16,G506.0210.00.03,2.0,1652523003950,92.00.45.00.05,535.104.05,12.535.104.05,fmaas-devstage-backen-9cjgj-worker-a100-il-rdma-3-jx6tm,GPU-ed198df6-90a8-c0bf-17bb-f1171d39c5dd,DCGM_FI_PROF_PIPE_FP16_ACTIVE,nvidia-dcgm-exporter,nvidia1,gpu-metrics,base,fmaas-monitoring,llama3-new,1,192.241.129.18:9400,nvidia-dcgm-exporter,NVIDIA A100-SXM4-80GB,nvidia-gpu-operator,nvidia-dcgm-exporter-xq25l,openshift-monitoring/k8s,nvidia-dcgm-exporter,0.003792
2024-06-11 12:58:13.667999983,NVIDIA,6.16,G506.0210.00.03,2.0,1652523003950,92.00.45.00.05,535.104.05,12.535.104.05,fmaas-devstage-backen-9cjgj-worker-a100-il-rdma-3-jx6tm,GPU-ed198df6-90a8-c0bf-17bb-f1171d39c5dd,DCGM_FI_PROF_PIPE_FP16_ACTIVE,nvidia-dcgm-exporter,nvidia1,gpu-metrics,base,fmaas-monitoring,llama3-new,1,192.241.129.18:9400,nvidia-dcgm-exporter,NVIDIA A100-SXM4-80GB,nvidia-gpu-operator,nvidia-dcgm-exporter-xq25l,openshift-monitoring/k8s,nvidia-dcgm-exporter,0.003703
2024-06-11 12:58:43.667999983,NVIDIA,6.16,G506.0210.00.03,2.0,1652523003950,92.00.45.00.05,535.104.05,12.535.104.05,fmaas-devstage-backen-9cjgj-worker-a100-il-rdma-3-jx6tm,GPU-ed198df6-90a8-c0bf-17bb-f1171d39c5dd,DCGM_FI_PROF_PIPE_FP16_ACTIVE,nvidia-dcgm-exporter,nvidia1,gpu-metrics,base,fmaas-monitoring,llama3-new,1,192.241.129.18:9400,nvidia-dcgm-exporter,NVIDIA A100-SXM4-80GB,nvidia-gpu-operator,nvidia-dcgm-exporter-xq25l,openshift-monitoring/k8s,nvidia-dcgm-exporter,0.003839
2024-06-11 12:59:13.667999983,NVIDIA,6.16,G506.0210.00.03,2.0,1652523003950,92.00.45.00.05,535.104.05,12.535.104.05,fmaas-devstage-backen-9cjgj-worker-a100-il-rdma-3-jx6tm,GPU-ed198df6-90a8-c0bf-17bb-f1171d39c5dd,DCGM_FI_PROF_PIPE_FP16_ACTIVE,nvidia-dcgm-exporter,nvidia1,gpu-metrics,base,fmaas-monitoring,llama3-new,1,192.241.129.18:9400,nvidia-dcgm-exporter,NVIDIA A100-SXM4-80GB,nvidia-gpu-operator,nvidia-dcgm-exporter-xq25l,openshift-monitoring/k8s,nvidia-dcgm-exporter,0.004308
2024-06-11 12:59:43.667999983,NVIDIA,6.16,G506.0210.00.03,2.0,1652523003950,92.00.45.00.05,535.104.05,12.535.104.05,fmaas-devstage-backen-9cjgj-worker-a100-il-rdma-3-jx6tm,GPU-ed198df6-90a8-c0bf-17bb-f1171d39c5dd,DCGM_FI_PROF_PIPE_FP16_ACTIVE,nvidia-dcgm-exporter,nvidia1,gpu-metrics,base,fmaas-monitoring,llama3-new,1,192.241.129.18:9400,nvidia-dcgm-exporter,NVIDIA A100-SXM4-80GB,nvidia-gpu-operator,nvidia-dcgm-exporter-xq25l,openshift-monitoring/k8s,nvidia-dcgm-exporter,0.003739
2024-06-11 13:00:13.667999983,NVIDIA,6.16,G506.0210.00.03,2.0,1652523003950,92.00.45.00.05,535.104.05,12.535.104.05,fmaas-devstage-backen-9cjgj-worker-a100-il-rdma-3-jx6tm,GPU-ed198df6-90a8-c0bf-17bb-f1171d39c5dd,DCGM_FI_PROF_PIPE_FP16_ACTIVE,nvidia-dcgm-exporter,nvidia1,gpu-metrics,base,fmaas-monitoring,llama3-new,1,192.241.129.18:9400,nvidia-dcgm-exporter,NVIDIA A100-SXM4-80GB,nvidia-gpu-operator,nvidia-dcgm-exporter-xq25l,openshift-monitoring/k8s,nvidia-dcgm-exporter,0.005561
2024-06-11 13:00:43.667999983,NVIDIA,6.16,G506.0210.00.03,2.0,1652523003950,92.00.45.00.05,535.104.05,12.535.104.05,fmaas-devstage-backen-9cjgj-worker-a100-il-rdma-3-jx6tm,GPU-ed198df6-90a8-c0bf-17bb-f1171d39c5dd,DCGM_FI_PROF_PIPE_FP16_ACTIVE,nvidia-dcgm-exporter,nvidia1,gpu-metrics,base,fmaas-monitoring,llama3-new,1,192.241.129.18:9400,nvidia-dcgm-exporter,NVIDIA A100-SXM4-80GB,nvidia-gpu-operator,nvidia-dcgm-exporter-xq25l,openshift-monitoring/k8s,nvidia-dcgm-exporter,0.004076
2024-06-11 13:01:13.667999983,NVIDIA,6.16,G506.0210.00.03,2.0,1652523003950,92.00.45.00.05,535.104.05,12.535.104.05,fmaas-devstage-backen-9cjgj-worker-a100-il-rdma-3-jx6tm,GPU-ed198df6-90a8-c0bf-17bb-f1171d39c5dd,DCGM_FI_PROF_PIPE_FP16_ACTIVE,nvidia-dcgm-exporter,nvidia1,gpu-metrics,base,fmaas-monitoring,llama3-new,1,192.241.129.18:9400,nvidia-dcgm-exporter,NVIDIA A100-SXM4-80GB,nvidia-gpu-operator,nvidia-dcgm-exporter-xq25l,openshift-monitoring/k8s,nvidia-dcgm-exporter,0.009022
2024-06-11 13:01:43.667999983,NVIDIA,6.16,G506.0210.00.03,2.0,1652523003950,92.00.45.00.05,535.104.05,12.535.104.05,fmaas-devstage-backen-9cjgj-worker-a100-il-rdma-3-jx6tm,GPU-ed198df6-90a8-c0bf-17bb-f1171d39c5dd,DCGM_FI_PROF_PIPE_FP16_ACTIVE,nvidia-dcgm-exporter,nvidia1,gpu-metrics,base,fmaas-monitoring,llama3-new,1,192.241.129.18:9400,nvidia-dcgm-exporter,NVIDIA A100-SXM4-80GB,nvidia-gpu-operator,nvidia-dcgm-exporter-xq25l,openshift-monitoring/k8s,nvidia-dcgm-exporter,0.006702
2024-06-11 13:02:13.667999983,NVIDIA,6.16,G506.0210.00.03,2.0,1652523003950,92.00.45.00.05,535.104.05,12.535.104.05,fmaas-devstage-backen-9cjgj-worker-a100-il-rdma-3-jx6tm,GPU-ed198df6-90a8-c0bf-17bb-f1171d39c5dd,DCGM_FI_PROF_PIPE_FP16_ACTIVE,nvidia-dcgm-exporter,nvidia1,gpu-metrics,base,fmaas-monitoring,llama3-new,1,192.241.129.18:9400,nvidia-dcgm-exporter,NVIDIA A100-SXM4-80GB,nvidia-gpu-operator,nvidia-dcgm-exporter-xq25l,openshift-monitoring/k8s,nvidia-dcgm-exporter,0.004253
2024-06-11 13:02:43.667999983,NVIDIA,6.16,G506.0210.00.03,2.0,1652523003950,92.00.45.00.05,535.104.05,12.535.104.05,fmaas-devstage-backen-9cjgj-worker-a100-il-rdma-3-jx6tm,GPU-ed198df6-90a8-c0bf-17bb-f1171d39c5dd,DCGM_FI_PROF_PIPE_FP16_ACTIVE,nvidia-dcgm-exporter,nvidia1,gpu-metrics,base,fmaas-monitoring,llama3-new,1,192.241.129.18:9400,nvidia-dcgm-exporter,NVIDIA A100-SXM4-80GB,nvidia-gpu-operator,nvidia-dcgm-exporter-xq25l,openshift-monitoring/k8s,nvidia-dcgm-exporter,0.005738
2024-06-11 13:03:13.667999983,NVIDIA,6.16,G506.0210.00.03,2.0,1652523003950,92.00.45.00.05,535.104.05,12.535.104.05,fmaas-devstage-backen-9cjgj-worker-a100-il-rdma-3-jx6tm,GPU-ed198df6-90a8-c0bf-17bb-f1171d39c5dd,DCGM_FI_PROF_PIPE_FP16_ACTIVE,nvidia-dcgm-exporter,nvidia1,gpu-metrics,base,fmaas-monitoring,llama3-new,1,192.241.129.18:9400,nvidia-dcgm-exporter,NVIDIA A100-SXM4-80GB,nvidia-gpu-operator,nvidia-dcgm-exporter-xq25l,openshift-monitoring/k8s,nvidia-dcgm-exporter,0.004775
2024-06-11 13:03:43.667999983,NVIDIA,6.16,G506.0210.00.03,2.0,1652523003950,92.00.45.00.05,535.104.05,12.535.104.05,fmaas-devstage-backen-9cjgj-worker-a100-il-rdma-3-jx6tm,GPU-ed198df6-90a8-c0bf-17bb-f1171d39c5dd,DCGM_FI_PROF_PIPE_FP16_ACTIVE,nvidia-dcgm-exporter,nvidia1,gpu-metrics,base,fmaas-monitoring,llama3-new,1,192.241.129.18:9400,nvidia-dcgm-exporter,NVIDIA A100-SXM4-80GB,nvidia-gpu-operator,nvidia-dcgm-exporter-xq25l,openshift-monitoring/k8s,nvidia-dcgm-exporter,0.003697
2024-06-11 13:04:00.772000074,NVIDIA,6.16,G506.0210.00.03,2.0,1652523003950,92.00.45.00.05,535.104.05,12.535.104.05,fmaas-devstage-backen-9cjgj-worker-a100-il-rdma-3-jx6tm,GPU-ed198df6-90a8-c0bf-17bb-f1171d39c5dd,DCGM_FI_PROF_PIPE_FP16_ACTIVE,nvidia-dcgm-exporter,nvidia1,gpu-metrics,base,fmaas-monitoring,llama3-new,1,192.241.129.18:9400,nvidia-dcgm-exporter,NVIDIA A100-SXM4-80GB,nvidia-gpu-operator,nvidia-dcgm-exporter-xq25l,openshift-monitoring/k8s,nvidia-dcgm-exporter,0.003754
2024-06-11 13:04:13.667999983,NVIDIA,6.16,G506.0210.00.03,2.0,1652523003950,92.00.45.00.05,535.104.05,12.535.104.05,fmaas-devstage-backen-9cjgj-worker-a100-il-rdma-3-jx6tm,GPU-ed198df6-90a8-c0bf-17bb-f1171d39c5dd,DCGM_FI_PROF_PIPE_FP16_ACTIVE,nvidia-dcgm-exporter,nvidia1,gpu-metrics,base,fmaas-monitoring,llama3-new,1,192.241.129.18:9400,nvidia-dcgm-exporter,NVIDIA A100-SXM4-80GB,nvidia-gpu-operator,nvidia-dcgm-exporter-xq25l,openshift-monitoring/k8s,nvidia-dcgm-exporter,0.003415
2024-06-11 13:04:43.667999983,NVIDIA,6.16,G506.0210.00.03,2.0,1652523003950,92.00.45.00.05,535.104.05,12.535.104.05,fmaas-devstage-backen-9cjgj-worker-a100-il-rdma-3-jx6tm,GPU-ed198df6-90a8-c0bf-17bb-f1171d39c5dd,DCGM_FI_PROF_PIPE_FP16_ACTIVE,nvidia-dcgm-exporter,nvidia1,gpu-metrics,base,fmaas-monitoring,llama3-new,1,192.241.129.18:9400,nvidia-dcgm-exporter,NVIDIA A100-SXM4-80GB,nvidia-gpu-operator,nvidia-dcgm-exporter-xq25l,openshift-monitoring/k8s,nvidia-dcgm-exporter,0.00379
2024-06-11 13:05:13.667999983,NVIDIA,6.16,G506.0210.00.03,2.0,1652523003950,92.00.45.00.05,535.104.05,12.535.104.05,fmaas-devstage-backen-9cjgj-worker-a100-il-rdma-3-jx6tm,GPU-ed198df6-90a8-c0bf-17bb-f1171d39c5dd,DCGM_FI_PROF_PIPE_FP16_ACTIVE,nvidia-dcgm-exporter,nvidia1,gpu-metrics,base,fmaas-monitoring,llama3-new,1,192.241.129.18:9400,nvidia-dcgm-exporter,NVIDIA A100-SXM4-80GB,nvidia-gpu-operator,nvidia-dcgm-exporter-xq25l,openshift-monitoring/k8s,nvidia-dcgm-exporter,0.004068
2024-06-11 13:05:43.667999983,NVIDIA,6.16,G506.0210.00.03,2.0,1652523003950,92.00.45.00.05,535.104.05,12.535.104.05,fmaas-devstage-backen-9cjgj-worker-a100-il-rdma-3-jx6tm,GPU-ed198df6-90a8-c0bf-17bb-f1171d39c5dd,DCGM_FI_PROF_PIPE_FP16_ACTIVE,nvidia-dcgm-exporter,nvidia1,gpu-metrics,base,fmaas-monitoring,llama3-new,1,192.241.129.18:9400,nvidia-dcgm-exporter,NVIDIA A100-SXM4-80GB,nvidia-gpu-operator,nvidia-dcgm-exporter-xq25l,openshift-monitoring/k8s,nvidia-dcgm-exporter,0.005712
