timestamp,DCGM_FI_DEV_BRAND,DCGM_FI_DEV_ECC_INFOROM_VER,DCGM_FI_DEV_INFOROM_IMAGE_VER,DCGM_FI_DEV_OEM_INFOROM_VER,DCGM_FI_DEV_SERIAL,DCGM_FI_DEV_VBIOS_VERSION,DCGM_FI_DRIVER_VERSION,DCGM_FI_NVML_VERSION,GPU_I_ID,GPU_I_PROFILE,Hostname,UUID,__name__,container,device,endpoint,exported_container,exported_namespace,exported_pod,gpu,instance,job,modelName,namespace,pod,prometheus,service,value
2024-06-13 08:30:24.381999969,NVIDIA,6.16,G506.0210.00.03,2.0,1652623014377,92.00.45.00.05,535.104.05,12.535.104.05,1,3g.40gb,fmaas-devstage-backen-9cjgj-worker-a100-il-rdma-3-56crn,GPU-18bc80aa-7246-bc57-71a5-c927eede15c2,DCGM_FI_PROF_PIPE_FP16_ACTIVE,nvidia-dcgm-exporter,nvidia2,gpu-metrics,base,fmaas-monitoring,llama3-mig3g,2,192.241.129.17:9400,nvidia-dcgm-exporter,NVIDIA A100-SXM4-80GB,nvidia-gpu-operator,nvidia-dcgm-exporter-6bskh,openshift-monitoring/k8s,nvidia-dcgm-exporter,0.001655
2024-06-13 08:30:54.381999969,NVIDIA,6.16,G506.0210.00.03,2.0,1652623014377,92.00.45.00.05,535.104.05,12.535.104.05,1,3g.40gb,fmaas-devstage-backen-9cjgj-worker-a100-il-rdma-3-56crn,GPU-18bc80aa-7246-bc57-71a5-c927eede15c2,DCGM_FI_PROF_PIPE_FP16_ACTIVE,nvidia-dcgm-exporter,nvidia2,gpu-metrics,base,fmaas-monitoring,llama3-mig3g,2,192.241.129.17:9400,nvidia-dcgm-exporter,NVIDIA A100-SXM4-80GB,nvidia-gpu-operator,nvidia-dcgm-exporter-6bskh,openshift-monitoring/k8s,nvidia-dcgm-exporter,0.001304
2024-06-13 08:31:24.381999969,NVIDIA,6.16,G506.0210.00.03,2.0,1652623014377,92.00.45.00.05,535.104.05,12.535.104.05,1,3g.40gb,fmaas-devstage-backen-9cjgj-worker-a100-il-rdma-3-56crn,GPU-18bc80aa-7246-bc57-71a5-c927eede15c2,DCGM_FI_PROF_PIPE_FP16_ACTIVE,nvidia-dcgm-exporter,nvidia2,gpu-metrics,base,fmaas-monitoring,llama3-mig3g,2,192.241.129.17:9400,nvidia-dcgm-exporter,NVIDIA A100-SXM4-80GB,nvidia-gpu-operator,nvidia-dcgm-exporter-6bskh,openshift-monitoring/k8s,nvidia-dcgm-exporter,0.001361
2024-06-13 08:31:54.381999969,NVIDIA,6.16,G506.0210.00.03,2.0,1652623014377,92.00.45.00.05,535.104.05,12.535.104.05,1,3g.40gb,fmaas-devstage-backen-9cjgj-worker-a100-il-rdma-3-56crn,GPU-18bc80aa-7246-bc57-71a5-c927eede15c2,DCGM_FI_PROF_PIPE_FP16_ACTIVE,nvidia-dcgm-exporter,nvidia2,gpu-metrics,base,fmaas-monitoring,llama3-mig3g,2,192.241.129.17:9400,nvidia-dcgm-exporter,NVIDIA A100-SXM4-80GB,nvidia-gpu-operator,nvidia-dcgm-exporter-6bskh,openshift-monitoring/k8s,nvidia-dcgm-exporter,0.001366
2024-06-13 08:32:24.381999969,NVIDIA,6.16,G506.0210.00.03,2.0,1652623014377,92.00.45.00.05,535.104.05,12.535.104.05,1,3g.40gb,fmaas-devstage-backen-9cjgj-worker-a100-il-rdma-3-56crn,GPU-18bc80aa-7246-bc57-71a5-c927eede15c2,DCGM_FI_PROF_PIPE_FP16_ACTIVE,nvidia-dcgm-exporter,nvidia2,gpu-metrics,base,fmaas-monitoring,llama3-mig3g,2,192.241.129.17:9400,nvidia-dcgm-exporter,NVIDIA A100-SXM4-80GB,nvidia-gpu-operator,nvidia-dcgm-exporter-6bskh,openshift-monitoring/k8s,nvidia-dcgm-exporter,0.002572
2024-06-13 08:32:54.381999969,NVIDIA,6.16,G506.0210.00.03,2.0,1652623014377,92.00.45.00.05,535.104.05,12.535.104.05,1,3g.40gb,fmaas-devstage-backen-9cjgj-worker-a100-il-rdma-3-56crn,GPU-18bc80aa-7246-bc57-71a5-c927eede15c2,DCGM_FI_PROF_PIPE_FP16_ACTIVE,nvidia-dcgm-exporter,nvidia2,gpu-metrics,base,fmaas-monitoring,llama3-mig3g,2,192.241.129.17:9400,nvidia-dcgm-exporter,NVIDIA A100-SXM4-80GB,nvidia-gpu-operator,nvidia-dcgm-exporter-6bskh,openshift-monitoring/k8s,nvidia-dcgm-exporter,0.001324
2024-06-13 08:33:24.381999969,NVIDIA,6.16,G506.0210.00.03,2.0,1652623014377,92.00.45.00.05,535.104.05,12.535.104.05,1,3g.40gb,fmaas-devstage-backen-9cjgj-worker-a100-il-rdma-3-56crn,GPU-18bc80aa-7246-bc57-71a5-c927eede15c2,DCGM_FI_PROF_PIPE_FP16_ACTIVE,nvidia-dcgm-exporter,nvidia2,gpu-metrics,base,fmaas-monitoring,llama3-mig3g,2,192.241.129.17:9400,nvidia-dcgm-exporter,NVIDIA A100-SXM4-80GB,nvidia-gpu-operator,nvidia-dcgm-exporter-6bskh,openshift-monitoring/k8s,nvidia-dcgm-exporter,0.001378
2024-06-13 08:33:54.381999969,NVIDIA,6.16,G506.0210.00.03,2.0,1652623014377,92.00.45.00.05,535.104.05,12.535.104.05,1,3g.40gb,fmaas-devstage-backen-9cjgj-worker-a100-il-rdma-3-56crn,GPU-18bc80aa-7246-bc57-71a5-c927eede15c2,DCGM_FI_PROF_PIPE_FP16_ACTIVE,nvidia-dcgm-exporter,nvidia2,gpu-metrics,base,fmaas-monitoring,llama3-mig3g,2,192.241.129.17:9400,nvidia-dcgm-exporter,NVIDIA A100-SXM4-80GB,nvidia-gpu-operator,nvidia-dcgm-exporter-6bskh,openshift-monitoring/k8s,nvidia-dcgm-exporter,0.001275
2024-06-13 08:34:24.381999969,NVIDIA,6.16,G506.0210.00.03,2.0,1652623014377,92.00.45.00.05,535.104.05,12.535.104.05,1,3g.40gb,fmaas-devstage-backen-9cjgj-worker-a100-il-rdma-3-56crn,GPU-18bc80aa-7246-bc57-71a5-c927eede15c2,DCGM_FI_PROF_PIPE_FP16_ACTIVE,nvidia-dcgm-exporter,nvidia2,gpu-metrics,base,fmaas-monitoring,llama3-mig3g,2,192.241.129.17:9400,nvidia-dcgm-exporter,NVIDIA A100-SXM4-80GB,nvidia-gpu-operator,nvidia-dcgm-exporter-6bskh,openshift-monitoring/k8s,nvidia-dcgm-exporter,0.001532
2024-06-13 08:34:54.381999969,NVIDIA,6.16,G506.0210.00.03,2.0,1652623014377,92.00.45.00.05,535.104.05,12.535.104.05,1,3g.40gb,fmaas-devstage-backen-9cjgj-worker-a100-il-rdma-3-56crn,GPU-18bc80aa-7246-bc57-71a5-c927eede15c2,DCGM_FI_PROF_PIPE_FP16_ACTIVE,nvidia-dcgm-exporter,nvidia2,gpu-metrics,base,fmaas-monitoring,llama3-mig3g,2,192.241.129.17:9400,nvidia-dcgm-exporter,NVIDIA A100-SXM4-80GB,nvidia-gpu-operator,nvidia-dcgm-exporter-6bskh,openshift-monitoring/k8s,nvidia-dcgm-exporter,0.002155
2024-06-13 08:35:24.381999969,NVIDIA,6.16,G506.0210.00.03,2.0,1652623014377,92.00.45.00.05,535.104.05,12.535.104.05,1,3g.40gb,fmaas-devstage-backen-9cjgj-worker-a100-il-rdma-3-56crn,GPU-18bc80aa-7246-bc57-71a5-c927eede15c2,DCGM_FI_PROF_PIPE_FP16_ACTIVE,nvidia-dcgm-exporter,nvidia2,gpu-metrics,base,fmaas-monitoring,llama3-mig3g,2,192.241.129.17:9400,nvidia-dcgm-exporter,NVIDIA A100-SXM4-80GB,nvidia-gpu-operator,nvidia-dcgm-exporter-6bskh,openshift-monitoring/k8s,nvidia-dcgm-exporter,0.001963
2024-06-13 08:35:54.388999939,NVIDIA,6.16,G506.0210.00.03,2.0,1652623014377,92.00.45.00.05,535.104.05,12.535.104.05,1,3g.40gb,fmaas-devstage-backen-9cjgj-worker-a100-il-rdma-3-56crn,GPU-18bc80aa-7246-bc57-71a5-c927eede15c2,DCGM_FI_PROF_PIPE_FP16_ACTIVE,nvidia-dcgm-exporter,nvidia2,gpu-metrics,base,fmaas-monitoring,llama3-mig3g,2,192.241.129.17:9400,nvidia-dcgm-exporter,NVIDIA A100-SXM4-80GB,nvidia-gpu-operator,nvidia-dcgm-exporter-6bskh,openshift-monitoring/k8s,nvidia-dcgm-exporter,0.001376
2024-06-13 08:36:24.381999969,NVIDIA,6.16,G506.0210.00.03,2.0,1652623014377,92.00.45.00.05,535.104.05,12.535.104.05,1,3g.40gb,fmaas-devstage-backen-9cjgj-worker-a100-il-rdma-3-56crn,GPU-18bc80aa-7246-bc57-71a5-c927eede15c2,DCGM_FI_PROF_PIPE_FP16_ACTIVE,nvidia-dcgm-exporter,nvidia2,gpu-metrics,base,fmaas-monitoring,llama3-mig3g,2,192.241.129.17:9400,nvidia-dcgm-exporter,NVIDIA A100-SXM4-80GB,nvidia-gpu-operator,nvidia-dcgm-exporter-6bskh,openshift-monitoring/k8s,nvidia-dcgm-exporter,0.001289
2024-06-13 08:36:54.381999969,NVIDIA,6.16,G506.0210.00.03,2.0,1652623014377,92.00.45.00.05,535.104.05,12.535.104.05,1,3g.40gb,fmaas-devstage-backen-9cjgj-worker-a100-il-rdma-3-56crn,GPU-18bc80aa-7246-bc57-71a5-c927eede15c2,DCGM_FI_PROF_PIPE_FP16_ACTIVE,nvidia-dcgm-exporter,nvidia2,gpu-metrics,base,fmaas-monitoring,llama3-mig3g,2,192.241.129.17:9400,nvidia-dcgm-exporter,NVIDIA A100-SXM4-80GB,nvidia-gpu-operator,nvidia-dcgm-exporter-6bskh,openshift-monitoring/k8s,nvidia-dcgm-exporter,0.002642
2024-06-13 08:37:24.381999969,NVIDIA,6.16,G506.0210.00.03,2.0,1652623014377,92.00.45.00.05,535.104.05,12.535.104.05,1,3g.40gb,fmaas-devstage-backen-9cjgj-worker-a100-il-rdma-3-56crn,GPU-18bc80aa-7246-bc57-71a5-c927eede15c2,DCGM_FI_PROF_PIPE_FP16_ACTIVE,nvidia-dcgm-exporter,nvidia2,gpu-metrics,base,fmaas-monitoring,llama3-mig3g,2,192.241.129.17:9400,nvidia-dcgm-exporter,NVIDIA A100-SXM4-80GB,nvidia-gpu-operator,nvidia-dcgm-exporter-6bskh,openshift-monitoring/k8s,nvidia-dcgm-exporter,0.001465
2024-06-13 08:37:54.381999969,NVIDIA,6.16,G506.0210.00.03,2.0,1652623014377,92.00.45.00.05,535.104.05,12.535.104.05,1,3g.40gb,fmaas-devstage-backen-9cjgj-worker-a100-il-rdma-3-56crn,GPU-18bc80aa-7246-bc57-71a5-c927eede15c2,DCGM_FI_PROF_PIPE_FP16_ACTIVE,nvidia-dcgm-exporter,nvidia2,gpu-metrics,base,fmaas-monitoring,llama3-mig3g,2,192.241.129.17:9400,nvidia-dcgm-exporter,NVIDIA A100-SXM4-80GB,nvidia-gpu-operator,nvidia-dcgm-exporter-6bskh,openshift-monitoring/k8s,nvidia-dcgm-exporter,0.001327
2024-06-13 08:38:24.381999969,NVIDIA,6.16,G506.0210.00.03,2.0,1652623014377,92.00.45.00.05,535.104.05,12.535.104.05,1,3g.40gb,fmaas-devstage-backen-9cjgj-worker-a100-il-rdma-3-56crn,GPU-18bc80aa-7246-bc57-71a5-c927eede15c2,DCGM_FI_PROF_PIPE_FP16_ACTIVE,nvidia-dcgm-exporter,nvidia2,gpu-metrics,base,fmaas-monitoring,llama3-mig3g,2,192.241.129.17:9400,nvidia-dcgm-exporter,NVIDIA A100-SXM4-80GB,nvidia-gpu-operator,nvidia-dcgm-exporter-6bskh,openshift-monitoring/k8s,nvidia-dcgm-exporter,0.001244
2024-06-13 08:38:54.381999969,NVIDIA,6.16,G506.0210.00.03,2.0,1652623014377,92.00.45.00.05,535.104.05,12.535.104.05,1,3g.40gb,fmaas-devstage-backen-9cjgj-worker-a100-il-rdma-3-56crn,GPU-18bc80aa-7246-bc57-71a5-c927eede15c2,DCGM_FI_PROF_PIPE_FP16_ACTIVE,nvidia-dcgm-exporter,nvidia2,gpu-metrics,base,fmaas-monitoring,llama3-mig3g,2,192.241.129.17:9400,nvidia-dcgm-exporter,NVIDIA A100-SXM4-80GB,nvidia-gpu-operator,nvidia-dcgm-exporter-6bskh,openshift-monitoring/k8s,nvidia-dcgm-exporter,0.001269
2024-06-13 08:39:24.381999969,NVIDIA,6.16,G506.0210.00.03,2.0,1652623014377,92.00.45.00.05,535.104.05,12.535.104.05,1,3g.40gb,fmaas-devstage-backen-9cjgj-worker-a100-il-rdma-3-56crn,GPU-18bc80aa-7246-bc57-71a5-c927eede15c2,DCGM_FI_PROF_PIPE_FP16_ACTIVE,nvidia-dcgm-exporter,nvidia2,gpu-metrics,base,fmaas-monitoring,llama3-mig3g,2,192.241.129.17:9400,nvidia-dcgm-exporter,NVIDIA A100-SXM4-80GB,nvidia-gpu-operator,nvidia-dcgm-exporter-6bskh,openshift-monitoring/k8s,nvidia-dcgm-exporter,0.001933
2024-06-13 08:39:54.381999969,NVIDIA,6.16,G506.0210.00.03,2.0,1652623014377,92.00.45.00.05,535.104.05,12.535.104.05,1,3g.40gb,fmaas-devstage-backen-9cjgj-worker-a100-il-rdma-3-56crn,GPU-18bc80aa-7246-bc57-71a5-c927eede15c2,DCGM_FI_PROF_PIPE_FP16_ACTIVE,nvidia-dcgm-exporter,nvidia2,gpu-metrics,base,fmaas-monitoring,llama3-mig3g,2,192.241.129.17:9400,nvidia-dcgm-exporter,NVIDIA A100-SXM4-80GB,nvidia-gpu-operator,nvidia-dcgm-exporter-6bskh,openshift-monitoring/k8s,nvidia-dcgm-exporter,0.001356
2024-06-13 08:40:24.381999969,NVIDIA,6.16,G506.0210.00.03,2.0,1652623014377,92.00.45.00.05,535.104.05,12.535.104.05,1,3g.40gb,fmaas-devstage-backen-9cjgj-worker-a100-il-rdma-3-56crn,GPU-18bc80aa-7246-bc57-71a5-c927eede15c2,DCGM_FI_PROF_PIPE_FP16_ACTIVE,nvidia-dcgm-exporter,nvidia2,gpu-metrics,base,fmaas-monitoring,llama3-mig3g,2,192.241.129.17:9400,nvidia-dcgm-exporter,NVIDIA A100-SXM4-80GB,nvidia-gpu-operator,nvidia-dcgm-exporter-6bskh,openshift-monitoring/k8s,nvidia-dcgm-exporter,0.001348
2024-06-13 08:40:54.381999969,NVIDIA,6.16,G506.0210.00.03,2.0,1652623014377,92.00.45.00.05,535.104.05,12.535.104.05,1,3g.40gb,fmaas-devstage-backen-9cjgj-worker-a100-il-rdma-3-56crn,GPU-18bc80aa-7246-bc57-71a5-c927eede15c2,DCGM_FI_PROF_PIPE_FP16_ACTIVE,nvidia-dcgm-exporter,nvidia2,gpu-metrics,base,fmaas-monitoring,llama3-mig3g,2,192.241.129.17:9400,nvidia-dcgm-exporter,NVIDIA A100-SXM4-80GB,nvidia-gpu-operator,nvidia-dcgm-exporter-6bskh,openshift-monitoring/k8s,nvidia-dcgm-exporter,0.002557
2024-06-13 08:41:24.381999969,NVIDIA,6.16,G506.0210.00.03,2.0,1652623014377,92.00.45.00.05,535.104.05,12.535.104.05,1,3g.40gb,fmaas-devstage-backen-9cjgj-worker-a100-il-rdma-3-56crn,GPU-18bc80aa-7246-bc57-71a5-c927eede15c2,DCGM_FI_PROF_PIPE_FP16_ACTIVE,nvidia-dcgm-exporter,nvidia2,gpu-metrics,base,fmaas-monitoring,llama3-mig3g,2,192.241.129.17:9400,nvidia-dcgm-exporter,NVIDIA A100-SXM4-80GB,nvidia-gpu-operator,nvidia-dcgm-exporter-6bskh,openshift-monitoring/k8s,nvidia-dcgm-exporter,0.002219
2024-06-13 08:41:54.381999969,NVIDIA,6.16,G506.0210.00.03,2.0,1652623014377,92.00.45.00.05,535.104.05,12.535.104.05,1,3g.40gb,fmaas-devstage-backen-9cjgj-worker-a100-il-rdma-3-56crn,GPU-18bc80aa-7246-bc57-71a5-c927eede15c2,DCGM_FI_PROF_PIPE_FP16_ACTIVE,nvidia-dcgm-exporter,nvidia2,gpu-metrics,base,fmaas-monitoring,llama3-mig3g,2,192.241.129.17:9400,nvidia-dcgm-exporter,NVIDIA A100-SXM4-80GB,nvidia-gpu-operator,nvidia-dcgm-exporter-6bskh,openshift-monitoring/k8s,nvidia-dcgm-exporter,0.001326
2024-06-13 08:42:24.381999969,NVIDIA,6.16,G506.0210.00.03,2.0,1652623014377,92.00.45.00.05,535.104.05,12.535.104.05,1,3g.40gb,fmaas-devstage-backen-9cjgj-worker-a100-il-rdma-3-56crn,GPU-18bc80aa-7246-bc57-71a5-c927eede15c2,DCGM_FI_PROF_PIPE_FP16_ACTIVE,nvidia-dcgm-exporter,nvidia2,gpu-metrics,base,fmaas-monitoring,llama3-mig3g,2,192.241.129.17:9400,nvidia-dcgm-exporter,NVIDIA A100-SXM4-80GB,nvidia-gpu-operator,nvidia-dcgm-exporter-6bskh,openshift-monitoring/k8s,nvidia-dcgm-exporter,0.001327
2024-06-13 08:42:54.381999969,NVIDIA,6.16,G506.0210.00.03,2.0,1652623014377,92.00.45.00.05,535.104.05,12.535.104.05,1,3g.40gb,fmaas-devstage-backen-9cjgj-worker-a100-il-rdma-3-56crn,GPU-18bc80aa-7246-bc57-71a5-c927eede15c2,DCGM_FI_PROF_PIPE_FP16_ACTIVE,nvidia-dcgm-exporter,nvidia2,gpu-metrics,base,fmaas-monitoring,llama3-mig3g,2,192.241.129.17:9400,nvidia-dcgm-exporter,NVIDIA A100-SXM4-80GB,nvidia-gpu-operator,nvidia-dcgm-exporter-6bskh,openshift-monitoring/k8s,nvidia-dcgm-exporter,0.001893
2024-06-13 08:43:24.381999969,NVIDIA,6.16,G506.0210.00.03,2.0,1652623014377,92.00.45.00.05,535.104.05,12.535.104.05,1,3g.40gb,fmaas-devstage-backen-9cjgj-worker-a100-il-rdma-3-56crn,GPU-18bc80aa-7246-bc57-71a5-c927eede15c2,DCGM_FI_PROF_PIPE_FP16_ACTIVE,nvidia-dcgm-exporter,nvidia2,gpu-metrics,base,fmaas-monitoring,llama3-mig3g,2,192.241.129.17:9400,nvidia-dcgm-exporter,NVIDIA A100-SXM4-80GB,nvidia-gpu-operator,nvidia-dcgm-exporter-6bskh,openshift-monitoring/k8s,nvidia-dcgm-exporter,0.002495
2024-06-13 08:43:54.381999969,NVIDIA,6.16,G506.0210.00.03,2.0,1652623014377,92.00.45.00.05,535.104.05,12.535.104.05,1,3g.40gb,fmaas-devstage-backen-9cjgj-worker-a100-il-rdma-3-56crn,GPU-18bc80aa-7246-bc57-71a5-c927eede15c2,DCGM_FI_PROF_PIPE_FP16_ACTIVE,nvidia-dcgm-exporter,nvidia2,gpu-metrics,base,fmaas-monitoring,llama3-mig3g,2,192.241.129.17:9400,nvidia-dcgm-exporter,NVIDIA A100-SXM4-80GB,nvidia-gpu-operator,nvidia-dcgm-exporter-6bskh,openshift-monitoring/k8s,nvidia-dcgm-exporter,0.001588
2024-06-13 08:44:24.381999969,NVIDIA,6.16,G506.0210.00.03,2.0,1652623014377,92.00.45.00.05,535.104.05,12.535.104.05,1,3g.40gb,fmaas-devstage-backen-9cjgj-worker-a100-il-rdma-3-56crn,GPU-18bc80aa-7246-bc57-71a5-c927eede15c2,DCGM_FI_PROF_PIPE_FP16_ACTIVE,nvidia-dcgm-exporter,nvidia2,gpu-metrics,base,fmaas-monitoring,llama3-mig3g,2,192.241.129.17:9400,nvidia-dcgm-exporter,NVIDIA A100-SXM4-80GB,nvidia-gpu-operator,nvidia-dcgm-exporter-6bskh,openshift-monitoring/k8s,nvidia-dcgm-exporter,0.00136
2024-06-13 08:44:54.381999969,NVIDIA,6.16,G506.0210.00.03,2.0,1652623014377,92.00.45.00.05,535.104.05,12.535.104.05,1,3g.40gb,fmaas-devstage-backen-9cjgj-worker-a100-il-rdma-3-56crn,GPU-18bc80aa-7246-bc57-71a5-c927eede15c2,DCGM_FI_PROF_PIPE_FP16_ACTIVE,nvidia-dcgm-exporter,nvidia2,gpu-metrics,base,fmaas-monitoring,llama3-mig3g,2,192.241.129.17:9400,nvidia-dcgm-exporter,NVIDIA A100-SXM4-80GB,nvidia-gpu-operator,nvidia-dcgm-exporter-6bskh,openshift-monitoring/k8s,nvidia-dcgm-exporter,0.002546
2024-06-13 08:45:24.381999969,NVIDIA,6.16,G506.0210.00.03,2.0,1652623014377,92.00.45.00.05,535.104.05,12.535.104.05,1,3g.40gb,fmaas-devstage-backen-9cjgj-worker-a100-il-rdma-3-56crn,GPU-18bc80aa-7246-bc57-71a5-c927eede15c2,DCGM_FI_PROF_PIPE_FP16_ACTIVE,nvidia-dcgm-exporter,nvidia2,gpu-metrics,base,fmaas-monitoring,llama3-mig3g,2,192.241.129.17:9400,nvidia-dcgm-exporter,NVIDIA A100-SXM4-80GB,nvidia-gpu-operator,nvidia-dcgm-exporter-6bskh,openshift-monitoring/k8s,nvidia-dcgm-exporter,0.003051
2024-06-13 08:45:54.381999969,NVIDIA,6.16,G506.0210.00.03,2.0,1652623014377,92.00.45.00.05,535.104.05,12.535.104.05,1,3g.40gb,fmaas-devstage-backen-9cjgj-worker-a100-il-rdma-3-56crn,GPU-18bc80aa-7246-bc57-71a5-c927eede15c2,DCGM_FI_PROF_PIPE_FP16_ACTIVE,nvidia-dcgm-exporter,nvidia2,gpu-metrics,base,fmaas-monitoring,llama3-mig3g,2,192.241.129.17:9400,nvidia-dcgm-exporter,NVIDIA A100-SXM4-80GB,nvidia-gpu-operator,nvidia-dcgm-exporter-6bskh,openshift-monitoring/k8s,nvidia-dcgm-exporter,0.002415
2024-06-13 08:46:24.387000084,NVIDIA,6.16,G506.0210.00.03,2.0,1652623014377,92.00.45.00.05,535.104.05,12.535.104.05,1,3g.40gb,fmaas-devstage-backen-9cjgj-worker-a100-il-rdma-3-56crn,GPU-18bc80aa-7246-bc57-71a5-c927eede15c2,DCGM_FI_PROF_PIPE_FP16_ACTIVE,nvidia-dcgm-exporter,nvidia2,gpu-metrics,base,fmaas-monitoring,llama3-mig3g,2,192.241.129.17:9400,nvidia-dcgm-exporter,NVIDIA A100-SXM4-80GB,nvidia-gpu-operator,nvidia-dcgm-exporter-6bskh,openshift-monitoring/k8s,nvidia-dcgm-exporter,0.001329
2024-06-13 08:46:54.381999969,NVIDIA,6.16,G506.0210.00.03,2.0,1652623014377,92.00.45.00.05,535.104.05,12.535.104.05,1,3g.40gb,fmaas-devstage-backen-9cjgj-worker-a100-il-rdma-3-56crn,GPU-18bc80aa-7246-bc57-71a5-c927eede15c2,DCGM_FI_PROF_PIPE_FP16_ACTIVE,nvidia-dcgm-exporter,nvidia2,gpu-metrics,base,fmaas-monitoring,llama3-mig3g,2,192.241.129.17:9400,nvidia-dcgm-exporter,NVIDIA A100-SXM4-80GB,nvidia-gpu-operator,nvidia-dcgm-exporter-6bskh,openshift-monitoring/k8s,nvidia-dcgm-exporter,0.001313
2024-06-13 08:47:24.381999969,NVIDIA,6.16,G506.0210.00.03,2.0,1652623014377,92.00.45.00.05,535.104.05,12.535.104.05,1,3g.40gb,fmaas-devstage-backen-9cjgj-worker-a100-il-rdma-3-56crn,GPU-18bc80aa-7246-bc57-71a5-c927eede15c2,DCGM_FI_PROF_PIPE_FP16_ACTIVE,nvidia-dcgm-exporter,nvidia2,gpu-metrics,base,fmaas-monitoring,llama3-mig3g,2,192.241.129.17:9400,nvidia-dcgm-exporter,NVIDIA A100-SXM4-80GB,nvidia-gpu-operator,nvidia-dcgm-exporter-6bskh,openshift-monitoring/k8s,nvidia-dcgm-exporter,0.002099
2024-06-13 08:47:54.381999969,NVIDIA,6.16,G506.0210.00.03,2.0,1652623014377,92.00.45.00.05,535.104.05,12.535.104.05,1,3g.40gb,fmaas-devstage-backen-9cjgj-worker-a100-il-rdma-3-56crn,GPU-18bc80aa-7246-bc57-71a5-c927eede15c2,DCGM_FI_PROF_PIPE_FP16_ACTIVE,nvidia-dcgm-exporter,nvidia2,gpu-metrics,base,fmaas-monitoring,llama3-mig3g,2,192.241.129.17:9400,nvidia-dcgm-exporter,NVIDIA A100-SXM4-80GB,nvidia-gpu-operator,nvidia-dcgm-exporter-6bskh,openshift-monitoring/k8s,nvidia-dcgm-exporter,0.002268
2024-06-13 08:48:24.381999969,NVIDIA,6.16,G506.0210.00.03,2.0,1652623014377,92.00.45.00.05,535.104.05,12.535.104.05,1,3g.40gb,fmaas-devstage-backen-9cjgj-worker-a100-il-rdma-3-56crn,GPU-18bc80aa-7246-bc57-71a5-c927eede15c2,DCGM_FI_PROF_PIPE_FP16_ACTIVE,nvidia-dcgm-exporter,nvidia2,gpu-metrics,base,fmaas-monitoring,llama3-mig3g,2,192.241.129.17:9400,nvidia-dcgm-exporter,NVIDIA A100-SXM4-80GB,nvidia-gpu-operator,nvidia-dcgm-exporter-6bskh,openshift-monitoring/k8s,nvidia-dcgm-exporter,0.001573
2024-06-13 08:48:54.381999969,NVIDIA,6.16,G506.0210.00.03,2.0,1652623014377,92.00.45.00.05,535.104.05,12.535.104.05,1,3g.40gb,fmaas-devstage-backen-9cjgj-worker-a100-il-rdma-3-56crn,GPU-18bc80aa-7246-bc57-71a5-c927eede15c2,DCGM_FI_PROF_PIPE_FP16_ACTIVE,nvidia-dcgm-exporter,nvidia2,gpu-metrics,base,fmaas-monitoring,llama3-mig3g,2,192.241.129.17:9400,nvidia-dcgm-exporter,NVIDIA A100-SXM4-80GB,nvidia-gpu-operator,nvidia-dcgm-exporter-6bskh,openshift-monitoring/k8s,nvidia-dcgm-exporter,0.002258
2024-06-13 08:49:24.381999969,NVIDIA,6.16,G506.0210.00.03,2.0,1652623014377,92.00.45.00.05,535.104.05,12.535.104.05,1,3g.40gb,fmaas-devstage-backen-9cjgj-worker-a100-il-rdma-3-56crn,GPU-18bc80aa-7246-bc57-71a5-c927eede15c2,DCGM_FI_PROF_PIPE_FP16_ACTIVE,nvidia-dcgm-exporter,nvidia2,gpu-metrics,base,fmaas-monitoring,llama3-mig3g,2,192.241.129.17:9400,nvidia-dcgm-exporter,NVIDIA A100-SXM4-80GB,nvidia-gpu-operator,nvidia-dcgm-exporter-6bskh,openshift-monitoring/k8s,nvidia-dcgm-exporter,0.001397
2024-06-13 08:49:54.381999969,NVIDIA,6.16,G506.0210.00.03,2.0,1652623014377,92.00.45.00.05,535.104.05,12.535.104.05,1,3g.40gb,fmaas-devstage-backen-9cjgj-worker-a100-il-rdma-3-56crn,GPU-18bc80aa-7246-bc57-71a5-c927eede15c2,DCGM_FI_PROF_PIPE_FP16_ACTIVE,nvidia-dcgm-exporter,nvidia2,gpu-metrics,base,fmaas-monitoring,llama3-mig3g,2,192.241.129.17:9400,nvidia-dcgm-exporter,NVIDIA A100-SXM4-80GB,nvidia-gpu-operator,nvidia-dcgm-exporter-6bskh,openshift-monitoring/k8s,nvidia-dcgm-exporter,0.001164
2024-06-13 08:50:24.381999969,NVIDIA,6.16,G506.0210.00.03,2.0,1652623014377,92.00.45.00.05,535.104.05,12.535.104.05,1,3g.40gb,fmaas-devstage-backen-9cjgj-worker-a100-il-rdma-3-56crn,GPU-18bc80aa-7246-bc57-71a5-c927eede15c2,DCGM_FI_PROF_PIPE_FP16_ACTIVE,nvidia-dcgm-exporter,nvidia2,gpu-metrics,base,fmaas-monitoring,llama3-mig3g,2,192.241.129.17:9400,nvidia-dcgm-exporter,NVIDIA A100-SXM4-80GB,nvidia-gpu-operator,nvidia-dcgm-exporter-6bskh,openshift-monitoring/k8s,nvidia-dcgm-exporter,0.001325
2024-06-13 08:50:54.381999969,NVIDIA,6.16,G506.0210.00.03,2.0,1652623014377,92.00.45.00.05,535.104.05,12.535.104.05,1,3g.40gb,fmaas-devstage-backen-9cjgj-worker-a100-il-rdma-3-56crn,GPU-18bc80aa-7246-bc57-71a5-c927eede15c2,DCGM_FI_PROF_PIPE_FP16_ACTIVE,nvidia-dcgm-exporter,nvidia2,gpu-metrics,base,fmaas-monitoring,llama3-mig3g,2,192.241.129.17:9400,nvidia-dcgm-exporter,NVIDIA A100-SXM4-80GB,nvidia-gpu-operator,nvidia-dcgm-exporter-6bskh,openshift-monitoring/k8s,nvidia-dcgm-exporter,0.002364
2024-06-13 08:51:24.381999969,NVIDIA,6.16,G506.0210.00.03,2.0,1652623014377,92.00.45.00.05,535.104.05,12.535.104.05,1,3g.40gb,fmaas-devstage-backen-9cjgj-worker-a100-il-rdma-3-56crn,GPU-18bc80aa-7246-bc57-71a5-c927eede15c2,DCGM_FI_PROF_PIPE_FP16_ACTIVE,nvidia-dcgm-exporter,nvidia2,gpu-metrics,base,fmaas-monitoring,llama3-mig3g,2,192.241.129.17:9400,nvidia-dcgm-exporter,NVIDIA A100-SXM4-80GB,nvidia-gpu-operator,nvidia-dcgm-exporter-6bskh,openshift-monitoring/k8s,nvidia-dcgm-exporter,0.001273
2024-06-13 08:51:54.381999969,NVIDIA,6.16,G506.0210.00.03,2.0,1652623014377,92.00.45.00.05,535.104.05,12.535.104.05,1,3g.40gb,fmaas-devstage-backen-9cjgj-worker-a100-il-rdma-3-56crn,GPU-18bc80aa-7246-bc57-71a5-c927eede15c2,DCGM_FI_PROF_PIPE_FP16_ACTIVE,nvidia-dcgm-exporter,nvidia2,gpu-metrics,base,fmaas-monitoring,llama3-mig3g,2,192.241.129.17:9400,nvidia-dcgm-exporter,NVIDIA A100-SXM4-80GB,nvidia-gpu-operator,nvidia-dcgm-exporter-6bskh,openshift-monitoring/k8s,nvidia-dcgm-exporter,0.002168
2024-06-13 08:52:24.381999969,NVIDIA,6.16,G506.0210.00.03,2.0,1652623014377,92.00.45.00.05,535.104.05,12.535.104.05,1,3g.40gb,fmaas-devstage-backen-9cjgj-worker-a100-il-rdma-3-56crn,GPU-18bc80aa-7246-bc57-71a5-c927eede15c2,DCGM_FI_PROF_PIPE_FP16_ACTIVE,nvidia-dcgm-exporter,nvidia2,gpu-metrics,base,fmaas-monitoring,llama3-mig3g,2,192.241.129.17:9400,nvidia-dcgm-exporter,NVIDIA A100-SXM4-80GB,nvidia-gpu-operator,nvidia-dcgm-exporter-6bskh,openshift-monitoring/k8s,nvidia-dcgm-exporter,0.002029
2024-06-13 08:52:54.381999969,NVIDIA,6.16,G506.0210.00.03,2.0,1652623014377,92.00.45.00.05,535.104.05,12.535.104.05,1,3g.40gb,fmaas-devstage-backen-9cjgj-worker-a100-il-rdma-3-56crn,GPU-18bc80aa-7246-bc57-71a5-c927eede15c2,DCGM_FI_PROF_PIPE_FP16_ACTIVE,nvidia-dcgm-exporter,nvidia2,gpu-metrics,base,fmaas-monitoring,llama3-mig3g,2,192.241.129.17:9400,nvidia-dcgm-exporter,NVIDIA A100-SXM4-80GB,nvidia-gpu-operator,nvidia-dcgm-exporter-6bskh,openshift-monitoring/k8s,nvidia-dcgm-exporter,0.001819
2024-06-13 08:53:24.381999969,NVIDIA,6.16,G506.0210.00.03,2.0,1652623014377,92.00.45.00.05,535.104.05,12.535.104.05,1,3g.40gb,fmaas-devstage-backen-9cjgj-worker-a100-il-rdma-3-56crn,GPU-18bc80aa-7246-bc57-71a5-c927eede15c2,DCGM_FI_PROF_PIPE_FP16_ACTIVE,nvidia-dcgm-exporter,nvidia2,gpu-metrics,base,fmaas-monitoring,llama3-mig3g,2,192.241.129.17:9400,nvidia-dcgm-exporter,NVIDIA A100-SXM4-80GB,nvidia-gpu-operator,nvidia-dcgm-exporter-6bskh,openshift-monitoring/k8s,nvidia-dcgm-exporter,0.002563
2024-06-13 08:53:54.381999969,NVIDIA,6.16,G506.0210.00.03,2.0,1652623014377,92.00.45.00.05,535.104.05,12.535.104.05,1,3g.40gb,fmaas-devstage-backen-9cjgj-worker-a100-il-rdma-3-56crn,GPU-18bc80aa-7246-bc57-71a5-c927eede15c2,DCGM_FI_PROF_PIPE_FP16_ACTIVE,nvidia-dcgm-exporter,nvidia2,gpu-metrics,base,fmaas-monitoring,llama3-mig3g,2,192.241.129.17:9400,nvidia-dcgm-exporter,NVIDIA A100-SXM4-80GB,nvidia-gpu-operator,nvidia-dcgm-exporter-6bskh,openshift-monitoring/k8s,nvidia-dcgm-exporter,0.002021
2024-06-13 08:54:24.381999969,NVIDIA,6.16,G506.0210.00.03,2.0,1652623014377,92.00.45.00.05,535.104.05,12.535.104.05,1,3g.40gb,fmaas-devstage-backen-9cjgj-worker-a100-il-rdma-3-56crn,GPU-18bc80aa-7246-bc57-71a5-c927eede15c2,DCGM_FI_PROF_PIPE_FP16_ACTIVE,nvidia-dcgm-exporter,nvidia2,gpu-metrics,base,fmaas-monitoring,llama3-mig3g,2,192.241.129.17:9400,nvidia-dcgm-exporter,NVIDIA A100-SXM4-80GB,nvidia-gpu-operator,nvidia-dcgm-exporter-6bskh,openshift-monitoring/k8s,nvidia-dcgm-exporter,0.001476
2024-06-13 08:54:54.381999969,NVIDIA,6.16,G506.0210.00.03,2.0,1652623014377,92.00.45.00.05,535.104.05,12.535.104.05,1,3g.40gb,fmaas-devstage-backen-9cjgj-worker-a100-il-rdma-3-56crn,GPU-18bc80aa-7246-bc57-71a5-c927eede15c2,DCGM_FI_PROF_PIPE_FP16_ACTIVE,nvidia-dcgm-exporter,nvidia2,gpu-metrics,base,fmaas-monitoring,llama3-mig3g,2,192.241.129.17:9400,nvidia-dcgm-exporter,NVIDIA A100-SXM4-80GB,nvidia-gpu-operator,nvidia-dcgm-exporter-6bskh,openshift-monitoring/k8s,nvidia-dcgm-exporter,0.001108
2024-06-13 08:55:24.381999969,NVIDIA,6.16,G506.0210.00.03,2.0,1652623014377,92.00.45.00.05,535.104.05,12.535.104.05,1,3g.40gb,fmaas-devstage-backen-9cjgj-worker-a100-il-rdma-3-56crn,GPU-18bc80aa-7246-bc57-71a5-c927eede15c2,DCGM_FI_PROF_PIPE_FP16_ACTIVE,nvidia-dcgm-exporter,nvidia2,gpu-metrics,base,fmaas-monitoring,llama3-mig3g,2,192.241.129.17:9400,nvidia-dcgm-exporter,NVIDIA A100-SXM4-80GB,nvidia-gpu-operator,nvidia-dcgm-exporter-6bskh,openshift-monitoring/k8s,nvidia-dcgm-exporter,0.002458
2024-06-13 08:55:54.391999960,NVIDIA,6.16,G506.0210.00.03,2.0,1652623014377,92.00.45.00.05,535.104.05,12.535.104.05,1,3g.40gb,fmaas-devstage-backen-9cjgj-worker-a100-il-rdma-3-56crn,GPU-18bc80aa-7246-bc57-71a5-c927eede15c2,DCGM_FI_PROF_PIPE_FP16_ACTIVE,nvidia-dcgm-exporter,nvidia2,gpu-metrics,base,fmaas-monitoring,llama3-mig3g,2,192.241.129.17:9400,nvidia-dcgm-exporter,NVIDIA A100-SXM4-80GB,nvidia-gpu-operator,nvidia-dcgm-exporter-6bskh,openshift-monitoring/k8s,nvidia-dcgm-exporter,0.002252
2024-06-13 08:56:24.381999969,NVIDIA,6.16,G506.0210.00.03,2.0,1652623014377,92.00.45.00.05,535.104.05,12.535.104.05,1,3g.40gb,fmaas-devstage-backen-9cjgj-worker-a100-il-rdma-3-56crn,GPU-18bc80aa-7246-bc57-71a5-c927eede15c2,DCGM_FI_PROF_PIPE_FP16_ACTIVE,nvidia-dcgm-exporter,nvidia2,gpu-metrics,base,fmaas-monitoring,llama3-mig3g,2,192.241.129.17:9400,nvidia-dcgm-exporter,NVIDIA A100-SXM4-80GB,nvidia-gpu-operator,nvidia-dcgm-exporter-6bskh,openshift-monitoring/k8s,nvidia-dcgm-exporter,0.002536
2024-06-13 08:56:54.381999969,NVIDIA,6.16,G506.0210.00.03,2.0,1652623014377,92.00.45.00.05,535.104.05,12.535.104.05,1,3g.40gb,fmaas-devstage-backen-9cjgj-worker-a100-il-rdma-3-56crn,GPU-18bc80aa-7246-bc57-71a5-c927eede15c2,DCGM_FI_PROF_PIPE_FP16_ACTIVE,nvidia-dcgm-exporter,nvidia2,gpu-metrics,base,fmaas-monitoring,llama3-mig3g,2,192.241.129.17:9400,nvidia-dcgm-exporter,NVIDIA A100-SXM4-80GB,nvidia-gpu-operator,nvidia-dcgm-exporter-6bskh,openshift-monitoring/k8s,nvidia-dcgm-exporter,0.002407
2024-06-13 08:57:24.381999969,NVIDIA,6.16,G506.0210.00.03,2.0,1652623014377,92.00.45.00.05,535.104.05,12.535.104.05,1,3g.40gb,fmaas-devstage-backen-9cjgj-worker-a100-il-rdma-3-56crn,GPU-18bc80aa-7246-bc57-71a5-c927eede15c2,DCGM_FI_PROF_PIPE_FP16_ACTIVE,nvidia-dcgm-exporter,nvidia2,gpu-metrics,base,fmaas-monitoring,llama3-mig3g,2,192.241.129.17:9400,nvidia-dcgm-exporter,NVIDIA A100-SXM4-80GB,nvidia-gpu-operator,nvidia-dcgm-exporter-6bskh,openshift-monitoring/k8s,nvidia-dcgm-exporter,0.00189
2024-06-13 08:57:54.381999969,NVIDIA,6.16,G506.0210.00.03,2.0,1652623014377,92.00.45.00.05,535.104.05,12.535.104.05,1,3g.40gb,fmaas-devstage-backen-9cjgj-worker-a100-il-rdma-3-56crn,GPU-18bc80aa-7246-bc57-71a5-c927eede15c2,DCGM_FI_PROF_PIPE_FP16_ACTIVE,nvidia-dcgm-exporter,nvidia2,gpu-metrics,base,fmaas-monitoring,llama3-mig3g,2,192.241.129.17:9400,nvidia-dcgm-exporter,NVIDIA A100-SXM4-80GB,nvidia-gpu-operator,nvidia-dcgm-exporter-6bskh,openshift-monitoring/k8s,nvidia-dcgm-exporter,0.002334
2024-06-13 08:58:24.381999969,NVIDIA,6.16,G506.0210.00.03,2.0,1652623014377,92.00.45.00.05,535.104.05,12.535.104.05,1,3g.40gb,fmaas-devstage-backen-9cjgj-worker-a100-il-rdma-3-56crn,GPU-18bc80aa-7246-bc57-71a5-c927eede15c2,DCGM_FI_PROF_PIPE_FP16_ACTIVE,nvidia-dcgm-exporter,nvidia2,gpu-metrics,base,fmaas-monitoring,llama3-mig3g,2,192.241.129.17:9400,nvidia-dcgm-exporter,NVIDIA A100-SXM4-80GB,nvidia-gpu-operator,nvidia-dcgm-exporter-6bskh,openshift-monitoring/k8s,nvidia-dcgm-exporter,0.001367
2024-06-13 08:58:54.381999969,NVIDIA,6.16,G506.0210.00.03,2.0,1652623014377,92.00.45.00.05,535.104.05,12.535.104.05,1,3g.40gb,fmaas-devstage-backen-9cjgj-worker-a100-il-rdma-3-56crn,GPU-18bc80aa-7246-bc57-71a5-c927eede15c2,DCGM_FI_PROF_PIPE_FP16_ACTIVE,nvidia-dcgm-exporter,nvidia2,gpu-metrics,base,fmaas-monitoring,llama3-mig3g,2,192.241.129.17:9400,nvidia-dcgm-exporter,NVIDIA A100-SXM4-80GB,nvidia-gpu-operator,nvidia-dcgm-exporter-6bskh,openshift-monitoring/k8s,nvidia-dcgm-exporter,0.001312
2024-06-13 08:59:24.381999969,NVIDIA,6.16,G506.0210.00.03,2.0,1652623014377,92.00.45.00.05,535.104.05,12.535.104.05,1,3g.40gb,fmaas-devstage-backen-9cjgj-worker-a100-il-rdma-3-56crn,GPU-18bc80aa-7246-bc57-71a5-c927eede15c2,DCGM_FI_PROF_PIPE_FP16_ACTIVE,nvidia-dcgm-exporter,nvidia2,gpu-metrics,base,fmaas-monitoring,llama3-mig3g,2,192.241.129.17:9400,nvidia-dcgm-exporter,NVIDIA A100-SXM4-80GB,nvidia-gpu-operator,nvidia-dcgm-exporter-6bskh,openshift-monitoring/k8s,nvidia-dcgm-exporter,0.001224
2024-06-13 08:59:54.381999969,NVIDIA,6.16,G506.0210.00.03,2.0,1652623014377,92.00.45.00.05,535.104.05,12.535.104.05,1,3g.40gb,fmaas-devstage-backen-9cjgj-worker-a100-il-rdma-3-56crn,GPU-18bc80aa-7246-bc57-71a5-c927eede15c2,DCGM_FI_PROF_PIPE_FP16_ACTIVE,nvidia-dcgm-exporter,nvidia2,gpu-metrics,base,fmaas-monitoring,llama3-mig3g,2,192.241.129.17:9400,nvidia-dcgm-exporter,NVIDIA A100-SXM4-80GB,nvidia-gpu-operator,nvidia-dcgm-exporter-6bskh,openshift-monitoring/k8s,nvidia-dcgm-exporter,0.001332
2024-06-13 09:00:24.381999969,NVIDIA,6.16,G506.0210.00.03,2.0,1652623014377,92.00.45.00.05,535.104.05,12.535.104.05,1,3g.40gb,fmaas-devstage-backen-9cjgj-worker-a100-il-rdma-3-56crn,GPU-18bc80aa-7246-bc57-71a5-c927eede15c2,DCGM_FI_PROF_PIPE_FP16_ACTIVE,nvidia-dcgm-exporter,nvidia2,gpu-metrics,base,fmaas-monitoring,llama3-mig3g,2,192.241.129.17:9400,nvidia-dcgm-exporter,NVIDIA A100-SXM4-80GB,nvidia-gpu-operator,nvidia-dcgm-exporter-6bskh,openshift-monitoring/k8s,nvidia-dcgm-exporter,0.001319
2024-06-13 09:00:54.381999969,NVIDIA,6.16,G506.0210.00.03,2.0,1652623014377,92.00.45.00.05,535.104.05,12.535.104.05,1,3g.40gb,fmaas-devstage-backen-9cjgj-worker-a100-il-rdma-3-56crn,GPU-18bc80aa-7246-bc57-71a5-c927eede15c2,DCGM_FI_PROF_PIPE_FP16_ACTIVE,nvidia-dcgm-exporter,nvidia2,gpu-metrics,base,fmaas-monitoring,llama3-mig3g,2,192.241.129.17:9400,nvidia-dcgm-exporter,NVIDIA A100-SXM4-80GB,nvidia-gpu-operator,nvidia-dcgm-exporter-6bskh,openshift-monitoring/k8s,nvidia-dcgm-exporter,0.001558
2024-06-13 09:01:24.381999969,NVIDIA,6.16,G506.0210.00.03,2.0,1652623014377,92.00.45.00.05,535.104.05,12.535.104.05,1,3g.40gb,fmaas-devstage-backen-9cjgj-worker-a100-il-rdma-3-56crn,GPU-18bc80aa-7246-bc57-71a5-c927eede15c2,DCGM_FI_PROF_PIPE_FP16_ACTIVE,nvidia-dcgm-exporter,nvidia2,gpu-metrics,base,fmaas-monitoring,llama3-mig3g,2,192.241.129.17:9400,nvidia-dcgm-exporter,NVIDIA A100-SXM4-80GB,nvidia-gpu-operator,nvidia-dcgm-exporter-6bskh,openshift-monitoring/k8s,nvidia-dcgm-exporter,0.001514
2024-06-13 09:01:54.381999969,NVIDIA,6.16,G506.0210.00.03,2.0,1652623014377,92.00.45.00.05,535.104.05,12.535.104.05,1,3g.40gb,fmaas-devstage-backen-9cjgj-worker-a100-il-rdma-3-56crn,GPU-18bc80aa-7246-bc57-71a5-c927eede15c2,DCGM_FI_PROF_PIPE_FP16_ACTIVE,nvidia-dcgm-exporter,nvidia2,gpu-metrics,base,fmaas-monitoring,llama3-mig3g,2,192.241.129.17:9400,nvidia-dcgm-exporter,NVIDIA A100-SXM4-80GB,nvidia-gpu-operator,nvidia-dcgm-exporter-6bskh,openshift-monitoring/k8s,nvidia-dcgm-exporter,0.001353
2024-06-13 09:02:24.381999969,NVIDIA,6.16,G506.0210.00.03,2.0,1652623014377,92.00.45.00.05,535.104.05,12.535.104.05,1,3g.40gb,fmaas-devstage-backen-9cjgj-worker-a100-il-rdma-3-56crn,GPU-18bc80aa-7246-bc57-71a5-c927eede15c2,DCGM_FI_PROF_PIPE_FP16_ACTIVE,nvidia-dcgm-exporter,nvidia2,gpu-metrics,base,fmaas-monitoring,llama3-mig3g,2,192.241.129.17:9400,nvidia-dcgm-exporter,NVIDIA A100-SXM4-80GB,nvidia-gpu-operator,nvidia-dcgm-exporter-6bskh,openshift-monitoring/k8s,nvidia-dcgm-exporter,0.001356
2024-06-13 09:02:54.381999969,NVIDIA,6.16,G506.0210.00.03,2.0,1652623014377,92.00.45.00.05,535.104.05,12.535.104.05,1,3g.40gb,fmaas-devstage-backen-9cjgj-worker-a100-il-rdma-3-56crn,GPU-18bc80aa-7246-bc57-71a5-c927eede15c2,DCGM_FI_PROF_PIPE_FP16_ACTIVE,nvidia-dcgm-exporter,nvidia2,gpu-metrics,base,fmaas-monitoring,llama3-mig3g,2,192.241.129.17:9400,nvidia-dcgm-exporter,NVIDIA A100-SXM4-80GB,nvidia-gpu-operator,nvidia-dcgm-exporter-6bskh,openshift-monitoring/k8s,nvidia-dcgm-exporter,0.00182
2024-06-13 09:03:24.381999969,NVIDIA,6.16,G506.0210.00.03,2.0,1652623014377,92.00.45.00.05,535.104.05,12.535.104.05,1,3g.40gb,fmaas-devstage-backen-9cjgj-worker-a100-il-rdma-3-56crn,GPU-18bc80aa-7246-bc57-71a5-c927eede15c2,DCGM_FI_PROF_PIPE_FP16_ACTIVE,nvidia-dcgm-exporter,nvidia2,gpu-metrics,base,fmaas-monitoring,llama3-mig3g,2,192.241.129.17:9400,nvidia-dcgm-exporter,NVIDIA A100-SXM4-80GB,nvidia-gpu-operator,nvidia-dcgm-exporter-6bskh,openshift-monitoring/k8s,nvidia-dcgm-exporter,0.002172
2024-06-13 09:03:54.381999969,NVIDIA,6.16,G506.0210.00.03,2.0,1652623014377,92.00.45.00.05,535.104.05,12.535.104.05,1,3g.40gb,fmaas-devstage-backen-9cjgj-worker-a100-il-rdma-3-56crn,GPU-18bc80aa-7246-bc57-71a5-c927eede15c2,DCGM_FI_PROF_PIPE_FP16_ACTIVE,nvidia-dcgm-exporter,nvidia2,gpu-metrics,base,fmaas-monitoring,llama3-mig3g,2,192.241.129.17:9400,nvidia-dcgm-exporter,NVIDIA A100-SXM4-80GB,nvidia-gpu-operator,nvidia-dcgm-exporter-6bskh,openshift-monitoring/k8s,nvidia-dcgm-exporter,0.00301
2024-06-13 09:04:24.381999969,NVIDIA,6.16,G506.0210.00.03,2.0,1652623014377,92.00.45.00.05,535.104.05,12.535.104.05,1,3g.40gb,fmaas-devstage-backen-9cjgj-worker-a100-il-rdma-3-56crn,GPU-18bc80aa-7246-bc57-71a5-c927eede15c2,DCGM_FI_PROF_PIPE_FP16_ACTIVE,nvidia-dcgm-exporter,nvidia2,gpu-metrics,base,fmaas-monitoring,llama3-mig3g,2,192.241.129.17:9400,nvidia-dcgm-exporter,NVIDIA A100-SXM4-80GB,nvidia-gpu-operator,nvidia-dcgm-exporter-6bskh,openshift-monitoring/k8s,nvidia-dcgm-exporter,0.001265
2024-06-13 09:04:54.381999969,NVIDIA,6.16,G506.0210.00.03,2.0,1652623014377,92.00.45.00.05,535.104.05,12.535.104.05,1,3g.40gb,fmaas-devstage-backen-9cjgj-worker-a100-il-rdma-3-56crn,GPU-18bc80aa-7246-bc57-71a5-c927eede15c2,DCGM_FI_PROF_PIPE_FP16_ACTIVE,nvidia-dcgm-exporter,nvidia2,gpu-metrics,base,fmaas-monitoring,llama3-mig3g,2,192.241.129.17:9400,nvidia-dcgm-exporter,NVIDIA A100-SXM4-80GB,nvidia-gpu-operator,nvidia-dcgm-exporter-6bskh,openshift-monitoring/k8s,nvidia-dcgm-exporter,0.001352
2024-06-13 09:05:24.381999969,NVIDIA,6.16,G506.0210.00.03,2.0,1652623014377,92.00.45.00.05,535.104.05,12.535.104.05,1,3g.40gb,fmaas-devstage-backen-9cjgj-worker-a100-il-rdma-3-56crn,GPU-18bc80aa-7246-bc57-71a5-c927eede15c2,DCGM_FI_PROF_PIPE_FP16_ACTIVE,nvidia-dcgm-exporter,nvidia2,gpu-metrics,base,fmaas-monitoring,llama3-mig3g,2,192.241.129.17:9400,nvidia-dcgm-exporter,NVIDIA A100-SXM4-80GB,nvidia-gpu-operator,nvidia-dcgm-exporter-6bskh,openshift-monitoring/k8s,nvidia-dcgm-exporter,0.001338
2024-06-13 09:05:54.391999960,NVIDIA,6.16,G506.0210.00.03,2.0,1652623014377,92.00.45.00.05,535.104.05,12.535.104.05,1,3g.40gb,fmaas-devstage-backen-9cjgj-worker-a100-il-rdma-3-56crn,GPU-18bc80aa-7246-bc57-71a5-c927eede15c2,DCGM_FI_PROF_PIPE_FP16_ACTIVE,nvidia-dcgm-exporter,nvidia2,gpu-metrics,base,fmaas-monitoring,llama3-mig3g,2,192.241.129.17:9400,nvidia-dcgm-exporter,NVIDIA A100-SXM4-80GB,nvidia-gpu-operator,nvidia-dcgm-exporter-6bskh,openshift-monitoring/k8s,nvidia-dcgm-exporter,0.00289
2024-06-13 09:06:24.381999969,NVIDIA,6.16,G506.0210.00.03,2.0,1652623014377,92.00.45.00.05,535.104.05,12.535.104.05,1,3g.40gb,fmaas-devstage-backen-9cjgj-worker-a100-il-rdma-3-56crn,GPU-18bc80aa-7246-bc57-71a5-c927eede15c2,DCGM_FI_PROF_PIPE_FP16_ACTIVE,nvidia-dcgm-exporter,nvidia2,gpu-metrics,base,fmaas-monitoring,llama3-mig3g,2,192.241.129.17:9400,nvidia-dcgm-exporter,NVIDIA A100-SXM4-80GB,nvidia-gpu-operator,nvidia-dcgm-exporter-6bskh,openshift-monitoring/k8s,nvidia-dcgm-exporter,0.001524
2024-06-13 09:06:54.381999969,NVIDIA,6.16,G506.0210.00.03,2.0,1652623014377,92.00.45.00.05,535.104.05,12.535.104.05,1,3g.40gb,fmaas-devstage-backen-9cjgj-worker-a100-il-rdma-3-56crn,GPU-18bc80aa-7246-bc57-71a5-c927eede15c2,DCGM_FI_PROF_PIPE_FP16_ACTIVE,nvidia-dcgm-exporter,nvidia2,gpu-metrics,base,fmaas-monitoring,llama3-mig3g,2,192.241.129.17:9400,nvidia-dcgm-exporter,NVIDIA A100-SXM4-80GB,nvidia-gpu-operator,nvidia-dcgm-exporter-6bskh,openshift-monitoring/k8s,nvidia-dcgm-exporter,0.001347
2024-06-13 09:07:24.381999969,NVIDIA,6.16,G506.0210.00.03,2.0,1652623014377,92.00.45.00.05,535.104.05,12.535.104.05,1,3g.40gb,fmaas-devstage-backen-9cjgj-worker-a100-il-rdma-3-56crn,GPU-18bc80aa-7246-bc57-71a5-c927eede15c2,DCGM_FI_PROF_PIPE_FP16_ACTIVE,nvidia-dcgm-exporter,nvidia2,gpu-metrics,base,fmaas-monitoring,llama3-mig3g,2,192.241.129.17:9400,nvidia-dcgm-exporter,NVIDIA A100-SXM4-80GB,nvidia-gpu-operator,nvidia-dcgm-exporter-6bskh,openshift-monitoring/k8s,nvidia-dcgm-exporter,0.00135
2024-06-13 09:07:54.381999969,NVIDIA,6.16,G506.0210.00.03,2.0,1652623014377,92.00.45.00.05,535.104.05,12.535.104.05,1,3g.40gb,fmaas-devstage-backen-9cjgj-worker-a100-il-rdma-3-56crn,GPU-18bc80aa-7246-bc57-71a5-c927eede15c2,DCGM_FI_PROF_PIPE_FP16_ACTIVE,nvidia-dcgm-exporter,nvidia2,gpu-metrics,base,fmaas-monitoring,llama3-mig3g,2,192.241.129.17:9400,nvidia-dcgm-exporter,NVIDIA A100-SXM4-80GB,nvidia-gpu-operator,nvidia-dcgm-exporter-6bskh,openshift-monitoring/k8s,nvidia-dcgm-exporter,0.001517
2024-06-13 09:08:24.381999969,NVIDIA,6.16,G506.0210.00.03,2.0,1652623014377,92.00.45.00.05,535.104.05,12.535.104.05,1,3g.40gb,fmaas-devstage-backen-9cjgj-worker-a100-il-rdma-3-56crn,GPU-18bc80aa-7246-bc57-71a5-c927eede15c2,DCGM_FI_PROF_PIPE_FP16_ACTIVE,nvidia-dcgm-exporter,nvidia2,gpu-metrics,base,fmaas-monitoring,llama3-mig3g,2,192.241.129.17:9400,nvidia-dcgm-exporter,NVIDIA A100-SXM4-80GB,nvidia-gpu-operator,nvidia-dcgm-exporter-6bskh,openshift-monitoring/k8s,nvidia-dcgm-exporter,0.002576
2024-06-13 09:08:54.381999969,NVIDIA,6.16,G506.0210.00.03,2.0,1652623014377,92.00.45.00.05,535.104.05,12.535.104.05,1,3g.40gb,fmaas-devstage-backen-9cjgj-worker-a100-il-rdma-3-56crn,GPU-18bc80aa-7246-bc57-71a5-c927eede15c2,DCGM_FI_PROF_PIPE_FP16_ACTIVE,nvidia-dcgm-exporter,nvidia2,gpu-metrics,base,fmaas-monitoring,llama3-mig3g,2,192.241.129.17:9400,nvidia-dcgm-exporter,NVIDIA A100-SXM4-80GB,nvidia-gpu-operator,nvidia-dcgm-exporter-6bskh,openshift-monitoring/k8s,nvidia-dcgm-exporter,0.001665
2024-06-13 09:09:24.381999969,NVIDIA,6.16,G506.0210.00.03,2.0,1652623014377,92.00.45.00.05,535.104.05,12.535.104.05,1,3g.40gb,fmaas-devstage-backen-9cjgj-worker-a100-il-rdma-3-56crn,GPU-18bc80aa-7246-bc57-71a5-c927eede15c2,DCGM_FI_PROF_PIPE_FP16_ACTIVE,nvidia-dcgm-exporter,nvidia2,gpu-metrics,base,fmaas-monitoring,llama3-mig3g,2,192.241.129.17:9400,nvidia-dcgm-exporter,NVIDIA A100-SXM4-80GB,nvidia-gpu-operator,nvidia-dcgm-exporter-6bskh,openshift-monitoring/k8s,nvidia-dcgm-exporter,0.001349
2024-06-13 09:09:54.381999969,NVIDIA,6.16,G506.0210.00.03,2.0,1652623014377,92.00.45.00.05,535.104.05,12.535.104.05,1,3g.40gb,fmaas-devstage-backen-9cjgj-worker-a100-il-rdma-3-56crn,GPU-18bc80aa-7246-bc57-71a5-c927eede15c2,DCGM_FI_PROF_PIPE_FP16_ACTIVE,nvidia-dcgm-exporter,nvidia2,gpu-metrics,base,fmaas-monitoring,llama3-mig3g,2,192.241.129.17:9400,nvidia-dcgm-exporter,NVIDIA A100-SXM4-80GB,nvidia-gpu-operator,nvidia-dcgm-exporter-6bskh,openshift-monitoring/k8s,nvidia-dcgm-exporter,0.001306
2024-06-13 09:10:24.381999969,NVIDIA,6.16,G506.0210.00.03,2.0,1652623014377,92.00.45.00.05,535.104.05,12.535.104.05,1,3g.40gb,fmaas-devstage-backen-9cjgj-worker-a100-il-rdma-3-56crn,GPU-18bc80aa-7246-bc57-71a5-c927eede15c2,DCGM_FI_PROF_PIPE_FP16_ACTIVE,nvidia-dcgm-exporter,nvidia2,gpu-metrics,base,fmaas-monitoring,llama3-mig3g,2,192.241.129.17:9400,nvidia-dcgm-exporter,NVIDIA A100-SXM4-80GB,nvidia-gpu-operator,nvidia-dcgm-exporter-6bskh,openshift-monitoring/k8s,nvidia-dcgm-exporter,0.001231
2024-06-13 09:10:54.381999969,NVIDIA,6.16,G506.0210.00.03,2.0,1652623014377,92.00.45.00.05,535.104.05,12.535.104.05,1,3g.40gb,fmaas-devstage-backen-9cjgj-worker-a100-il-rdma-3-56crn,GPU-18bc80aa-7246-bc57-71a5-c927eede15c2,DCGM_FI_PROF_PIPE_FP16_ACTIVE,nvidia-dcgm-exporter,nvidia2,gpu-metrics,base,fmaas-monitoring,llama3-mig3g,2,192.241.129.17:9400,nvidia-dcgm-exporter,NVIDIA A100-SXM4-80GB,nvidia-gpu-operator,nvidia-dcgm-exporter-6bskh,openshift-monitoring/k8s,nvidia-dcgm-exporter,0.001916
2024-06-13 09:11:24.381999969,NVIDIA,6.16,G506.0210.00.03,2.0,1652623014377,92.00.45.00.05,535.104.05,12.535.104.05,1,3g.40gb,fmaas-devstage-backen-9cjgj-worker-a100-il-rdma-3-56crn,GPU-18bc80aa-7246-bc57-71a5-c927eede15c2,DCGM_FI_PROF_PIPE_FP16_ACTIVE,nvidia-dcgm-exporter,nvidia2,gpu-metrics,base,fmaas-monitoring,llama3-mig3g,2,192.241.129.17:9400,nvidia-dcgm-exporter,NVIDIA A100-SXM4-80GB,nvidia-gpu-operator,nvidia-dcgm-exporter-6bskh,openshift-monitoring/k8s,nvidia-dcgm-exporter,0.001636
2024-06-13 09:11:54.381999969,NVIDIA,6.16,G506.0210.00.03,2.0,1652623014377,92.00.45.00.05,535.104.05,12.535.104.05,1,3g.40gb,fmaas-devstage-backen-9cjgj-worker-a100-il-rdma-3-56crn,GPU-18bc80aa-7246-bc57-71a5-c927eede15c2,DCGM_FI_PROF_PIPE_FP16_ACTIVE,nvidia-dcgm-exporter,nvidia2,gpu-metrics,base,fmaas-monitoring,llama3-mig3g,2,192.241.129.17:9400,nvidia-dcgm-exporter,NVIDIA A100-SXM4-80GB,nvidia-gpu-operator,nvidia-dcgm-exporter-6bskh,openshift-monitoring/k8s,nvidia-dcgm-exporter,0.001292
