timestamp,__name__,endpoint,instance,job,kind,namespace,pod,prometheus,service,user,value
2024-07-23 03:36:00.388000011,tgi_request_count,http,10.128.4.34:3000,tgis-bam,single,fmaas-monitoring,granite-v3,openshift-user-workload-monitoring/user-workload,tgis-bam,Alan,57060.0
2024-07-23 03:36:05.385999918,tgi_request_count,http,10.128.4.34:3000,tgis-bam,single,fmaas-monitoring,granite-v3,openshift-user-workload-monitoring/user-workload,tgis-bam,Alan,57105.0
2024-07-23 03:36:10.385999918,tgi_request_count,http,10.128.4.34:3000,tgis-bam,single,fmaas-monitoring,granite-v3,openshift-user-workload-monitoring/user-workload,tgis-bam,Alan,57105.0
2024-07-23 03:36:15.385999918,tgi_request_count,http,10.128.4.34:3000,tgis-bam,single,fmaas-monitoring,granite-v3,openshift-user-workload-monitoring/user-workload,tgis-bam,Alan,57156.0
2024-07-23 03:36:20.385999918,tgi_request_count,http,10.128.4.34:3000,tgis-bam,single,fmaas-monitoring,granite-v3,openshift-user-workload-monitoring/user-workload,tgis-bam,Alan,57156.0
2024-07-23 03:36:25.385999918,tgi_request_count,http,10.128.4.34:3000,tgis-bam,single,fmaas-monitoring,granite-v3,openshift-user-workload-monitoring/user-workload,tgis-bam,Alan,57206.0
2024-07-23 03:36:30.385999918,tgi_request_count,http,10.128.4.34:3000,tgis-bam,single,fmaas-monitoring,granite-v3,openshift-user-workload-monitoring/user-workload,tgis-bam,Alan,57206.0
2024-07-23 03:36:35.385999918,tgi_request_count,http,10.128.4.34:3000,tgis-bam,single,fmaas-monitoring,granite-v3,openshift-user-workload-monitoring/user-workload,tgis-bam,Alan,57245.0
2024-07-23 03:36:40.385999918,tgi_request_count,http,10.128.4.34:3000,tgis-bam,single,fmaas-monitoring,granite-v3,openshift-user-workload-monitoring/user-workload,tgis-bam,Alan,57245.0
2024-07-23 03:36:45.385999918,tgi_request_count,http,10.128.4.34:3000,tgis-bam,single,fmaas-monitoring,granite-v3,openshift-user-workload-monitoring/user-workload,tgis-bam,Alan,57296.0
2024-07-23 03:36:50.385999918,tgi_request_count,http,10.128.4.34:3000,tgis-bam,single,fmaas-monitoring,granite-v3,openshift-user-workload-monitoring/user-workload,tgis-bam,Alan,57296.0
2024-07-23 03:36:55.385999918,tgi_request_count,http,10.128.4.34:3000,tgis-bam,single,fmaas-monitoring,granite-v3,openshift-user-workload-monitoring/user-workload,tgis-bam,Alan,57336.0
2024-07-23 03:37:00.391000032,tgi_request_count,http,10.128.4.34:3000,tgis-bam,single,fmaas-monitoring,granite-v3,openshift-user-workload-monitoring/user-workload,tgis-bam,Alan,57336.0
2024-07-23 03:37:05.385999918,tgi_request_count,http,10.128.4.34:3000,tgis-bam,single,fmaas-monitoring,granite-v3,openshift-user-workload-monitoring/user-workload,tgis-bam,Alan,57380.0
2024-07-23 03:37:10.385999918,tgi_request_count,http,10.128.4.34:3000,tgis-bam,single,fmaas-monitoring,granite-v3,openshift-user-workload-monitoring/user-workload,tgis-bam,Alan,57380.0
2024-07-23 03:37:15.385999918,tgi_request_count,http,10.128.4.34:3000,tgis-bam,single,fmaas-monitoring,granite-v3,openshift-user-workload-monitoring/user-workload,tgis-bam,Alan,57426.0
2024-07-23 03:37:20.385999918,tgi_request_count,http,10.128.4.34:3000,tgis-bam,single,fmaas-monitoring,granite-v3,openshift-user-workload-monitoring/user-workload,tgis-bam,Alan,57426.0
2024-07-23 03:37:25.385999918,tgi_request_count,http,10.128.4.34:3000,tgis-bam,single,fmaas-monitoring,granite-v3,openshift-user-workload-monitoring/user-workload,tgis-bam,Alan,57481.0
2024-07-23 03:37:30.385999918,tgi_request_count,http,10.128.4.34:3000,tgis-bam,single,fmaas-monitoring,granite-v3,openshift-user-workload-monitoring/user-workload,tgis-bam,Alan,57481.0
2024-07-23 03:37:35.385999918,tgi_request_count,http,10.128.4.34:3000,tgis-bam,single,fmaas-monitoring,granite-v3,openshift-user-workload-monitoring/user-workload,tgis-bam,Alan,57519.0
2024-07-23 03:37:40.385999918,tgi_request_count,http,10.128.4.34:3000,tgis-bam,single,fmaas-monitoring,granite-v3,openshift-user-workload-monitoring/user-workload,tgis-bam,Alan,57519.0
2024-07-23 03:37:45.385999918,tgi_request_count,http,10.128.4.34:3000,tgis-bam,single,fmaas-monitoring,granite-v3,openshift-user-workload-monitoring/user-workload,tgis-bam,Alan,57561.0
2024-07-23 03:37:50.385999918,tgi_request_count,http,10.128.4.34:3000,tgis-bam,single,fmaas-monitoring,granite-v3,openshift-user-workload-monitoring/user-workload,tgis-bam,Alan,57561.0
2024-07-23 03:37:55.385999918,tgi_request_count,http,10.128.4.34:3000,tgis-bam,single,fmaas-monitoring,granite-v3,openshift-user-workload-monitoring/user-workload,tgis-bam,Alan,57617.0
2024-07-23 03:38:00.385999918,tgi_request_count,http,10.128.4.34:3000,tgis-bam,single,fmaas-monitoring,granite-v3,openshift-user-workload-monitoring/user-workload,tgis-bam,Alan,57617.0
2024-07-23 03:38:05.385999918,tgi_request_count,http,10.128.4.34:3000,tgis-bam,single,fmaas-monitoring,granite-v3,openshift-user-workload-monitoring/user-workload,tgis-bam,Alan,57656.0
2024-07-23 03:38:10.385999918,tgi_request_count,http,10.128.4.34:3000,tgis-bam,single,fmaas-monitoring,granite-v3,openshift-user-workload-monitoring/user-workload,tgis-bam,Alan,57656.0
2024-07-23 03:38:15.385999918,tgi_request_count,http,10.128.4.34:3000,tgis-bam,single,fmaas-monitoring,granite-v3,openshift-user-workload-monitoring/user-workload,tgis-bam,Alan,57699.0
2024-07-23 03:38:20.385999918,tgi_request_count,http,10.128.4.34:3000,tgis-bam,single,fmaas-monitoring,granite-v3,openshift-user-workload-monitoring/user-workload,tgis-bam,Alan,57699.0
2024-07-23 03:38:25.385999918,tgi_request_count,http,10.128.4.34:3000,tgis-bam,single,fmaas-monitoring,granite-v3,openshift-user-workload-monitoring/user-workload,tgis-bam,Alan,57751.0
2024-07-23 03:38:30.385999918,tgi_request_count,http,10.128.4.34:3000,tgis-bam,single,fmaas-monitoring,granite-v3,openshift-user-workload-monitoring/user-workload,tgis-bam,Alan,57751.0
2024-07-23 03:38:35.385999918,tgi_request_count,http,10.128.4.34:3000,tgis-bam,single,fmaas-monitoring,granite-v3,openshift-user-workload-monitoring/user-workload,tgis-bam,Alan,57787.0
2024-07-23 03:38:40.385999918,tgi_request_count,http,10.128.4.34:3000,tgis-bam,single,fmaas-monitoring,granite-v3,openshift-user-workload-monitoring/user-workload,tgis-bam,Alan,57787.0
2024-07-23 03:38:45.385999918,tgi_request_count,http,10.128.4.34:3000,tgis-bam,single,fmaas-monitoring,granite-v3,openshift-user-workload-monitoring/user-workload,tgis-bam,Alan,57837.0
2024-07-23 03:38:50.385999918,tgi_request_count,http,10.128.4.34:3000,tgis-bam,single,fmaas-monitoring,granite-v3,openshift-user-workload-monitoring/user-workload,tgis-bam,Alan,57837.0
2024-07-23 03:38:55.385999918,tgi_request_count,http,10.128.4.34:3000,tgis-bam,single,fmaas-monitoring,granite-v3,openshift-user-workload-monitoring/user-workload,tgis-bam,Alan,57875.0
2024-07-23 03:39:00.385999918,tgi_request_count,http,10.128.4.34:3000,tgis-bam,single,fmaas-monitoring,granite-v3,openshift-user-workload-monitoring/user-workload,tgis-bam,Alan,57875.0
2024-07-23 03:39:05.390000105,tgi_request_count,http,10.128.4.34:3000,tgis-bam,single,fmaas-monitoring,granite-v3,openshift-user-workload-monitoring/user-workload,tgis-bam,Alan,57932.0
2024-07-23 03:39:10.385999918,tgi_request_count,http,10.128.4.34:3000,tgis-bam,single,fmaas-monitoring,granite-v3,openshift-user-workload-monitoring/user-workload,tgis-bam,Alan,57932.0
2024-07-23 03:39:15.385999918,tgi_request_count,http,10.128.4.34:3000,tgis-bam,single,fmaas-monitoring,granite-v3,openshift-user-workload-monitoring/user-workload,tgis-bam,Alan,57973.0
2024-07-23 03:39:20.385999918,tgi_request_count,http,10.128.4.34:3000,tgis-bam,single,fmaas-monitoring,granite-v3,openshift-user-workload-monitoring/user-workload,tgis-bam,Alan,57973.0
2024-07-23 03:39:25.385999918,tgi_request_count,http,10.128.4.34:3000,tgis-bam,single,fmaas-monitoring,granite-v3,openshift-user-workload-monitoring/user-workload,tgis-bam,Alan,58026.0
2024-07-23 03:39:30.385999918,tgi_request_count,http,10.128.4.34:3000,tgis-bam,single,fmaas-monitoring,granite-v3,openshift-user-workload-monitoring/user-workload,tgis-bam,Alan,58026.0
2024-07-23 03:39:35.385999918,tgi_request_count,http,10.128.4.34:3000,tgis-bam,single,fmaas-monitoring,granite-v3,openshift-user-workload-monitoring/user-workload,tgis-bam,Alan,58068.0
2024-07-23 03:39:40.385999918,tgi_request_count,http,10.128.4.34:3000,tgis-bam,single,fmaas-monitoring,granite-v3,openshift-user-workload-monitoring/user-workload,tgis-bam,Alan,58068.0
2024-07-23 03:39:45.385999918,tgi_request_count,http,10.128.4.34:3000,tgis-bam,single,fmaas-monitoring,granite-v3,openshift-user-workload-monitoring/user-workload,tgis-bam,Alan,58127.0
2024-07-23 03:39:50.385999918,tgi_request_count,http,10.128.4.34:3000,tgis-bam,single,fmaas-monitoring,granite-v3,openshift-user-workload-monitoring/user-workload,tgis-bam,Alan,58127.0
2024-07-23 03:39:55.385999918,tgi_request_count,http,10.128.4.34:3000,tgis-bam,single,fmaas-monitoring,granite-v3,openshift-user-workload-monitoring/user-workload,tgis-bam,Alan,58177.0
2024-07-23 03:40:00.385999918,tgi_request_count,http,10.128.4.34:3000,tgis-bam,single,fmaas-monitoring,granite-v3,openshift-user-workload-monitoring/user-workload,tgis-bam,Alan,58177.0
2024-07-23 03:40:05.385999918,tgi_request_count,http,10.128.4.34:3000,tgis-bam,single,fmaas-monitoring,granite-v3,openshift-user-workload-monitoring/user-workload,tgis-bam,Alan,58228.0
2024-07-23 03:40:10.385999918,tgi_request_count,http,10.128.4.34:3000,tgis-bam,single,fmaas-monitoring,granite-v3,openshift-user-workload-monitoring/user-workload,tgis-bam,Alan,58228.0
2024-07-23 03:40:15.385999918,tgi_request_count,http,10.128.4.34:3000,tgis-bam,single,fmaas-monitoring,granite-v3,openshift-user-workload-monitoring/user-workload,tgis-bam,Alan,58265.0
2024-07-23 03:40:20.385999918,tgi_request_count,http,10.128.4.34:3000,tgis-bam,single,fmaas-monitoring,granite-v3,openshift-user-workload-monitoring/user-workload,tgis-bam,Alan,58265.0
2024-07-23 03:40:25.385999918,tgi_request_count,http,10.128.4.34:3000,tgis-bam,single,fmaas-monitoring,granite-v3,openshift-user-workload-monitoring/user-workload,tgis-bam,Alan,58304.0
2024-07-23 03:40:30.385999918,tgi_request_count,http,10.128.4.34:3000,tgis-bam,single,fmaas-monitoring,granite-v3,openshift-user-workload-monitoring/user-workload,tgis-bam,Alan,58304.0
2024-07-23 03:40:35.385999918,tgi_request_count,http,10.128.4.34:3000,tgis-bam,single,fmaas-monitoring,granite-v3,openshift-user-workload-monitoring/user-workload,tgis-bam,Alan,58367.0
2024-07-23 03:40:40.385999918,tgi_request_count,http,10.128.4.34:3000,tgis-bam,single,fmaas-monitoring,granite-v3,openshift-user-workload-monitoring/user-workload,tgis-bam,Alan,58367.0
2024-07-23 03:40:45.385999918,tgi_request_count,http,10.128.4.34:3000,tgis-bam,single,fmaas-monitoring,granite-v3,openshift-user-workload-monitoring/user-workload,tgis-bam,Alan,58424.0
2024-07-23 03:40:50.385999918,tgi_request_count,http,10.128.4.34:3000,tgis-bam,single,fmaas-monitoring,granite-v3,openshift-user-workload-monitoring/user-workload,tgis-bam,Alan,58424.0
2024-07-23 03:40:55.385999918,tgi_request_count,http,10.128.4.34:3000,tgis-bam,single,fmaas-monitoring,granite-v3,openshift-user-workload-monitoring/user-workload,tgis-bam,Alan,58471.0
2024-07-23 03:41:00.385999918,tgi_request_count,http,10.128.4.34:3000,tgis-bam,single,fmaas-monitoring,granite-v3,openshift-user-workload-monitoring/user-workload,tgis-bam,Alan,58471.0
2024-07-23 03:41:05.385999918,tgi_request_count,http,10.128.4.34:3000,tgis-bam,single,fmaas-monitoring,granite-v3,openshift-user-workload-monitoring/user-workload,tgis-bam,Alan,58515.0
2024-07-23 03:41:10.385999918,tgi_request_count,http,10.128.4.34:3000,tgis-bam,single,fmaas-monitoring,granite-v3,openshift-user-workload-monitoring/user-workload,tgis-bam,Alan,58515.0
2024-07-23 03:41:15.385999918,tgi_request_count,http,10.128.4.34:3000,tgis-bam,single,fmaas-monitoring,granite-v3,openshift-user-workload-monitoring/user-workload,tgis-bam,Alan,58549.0
2024-07-23 03:41:20.385999918,tgi_request_count,http,10.128.4.34:3000,tgis-bam,single,fmaas-monitoring,granite-v3,openshift-user-workload-monitoring/user-workload,tgis-bam,Alan,58549.0
2024-07-23 03:41:25.385999918,tgi_request_count,http,10.128.4.34:3000,tgis-bam,single,fmaas-monitoring,granite-v3,openshift-user-workload-monitoring/user-workload,tgis-bam,Alan,58595.0
2024-07-23 03:41:30.385999918,tgi_request_count,http,10.128.4.34:3000,tgis-bam,single,fmaas-monitoring,granite-v3,openshift-user-workload-monitoring/user-workload,tgis-bam,Alan,58595.0
2024-07-23 03:41:35.385999918,tgi_request_count,http,10.128.4.34:3000,tgis-bam,single,fmaas-monitoring,granite-v3,openshift-user-workload-monitoring/user-workload,tgis-bam,Alan,58641.0
2024-07-23 03:41:40.385999918,tgi_request_count,http,10.128.4.34:3000,tgis-bam,single,fmaas-monitoring,granite-v3,openshift-user-workload-monitoring/user-workload,tgis-bam,Alan,58641.0
2024-07-23 03:41:45.385999918,tgi_request_count,http,10.128.4.34:3000,tgis-bam,single,fmaas-monitoring,granite-v3,openshift-user-workload-monitoring/user-workload,tgis-bam,Alan,58679.0
2024-07-23 03:41:50.385999918,tgi_request_count,http,10.128.4.34:3000,tgis-bam,single,fmaas-monitoring,granite-v3,openshift-user-workload-monitoring/user-workload,tgis-bam,Alan,58679.0
2024-07-23 03:41:55.385999918,tgi_request_count,http,10.128.4.34:3000,tgis-bam,single,fmaas-monitoring,granite-v3,openshift-user-workload-monitoring/user-workload,tgis-bam,Alan,58727.0
2024-07-23 03:42:00.385999918,tgi_request_count,http,10.128.4.34:3000,tgis-bam,single,fmaas-monitoring,granite-v3,openshift-user-workload-monitoring/user-workload,tgis-bam,Alan,58727.0
2024-07-23 03:42:05.385999918,tgi_request_count,http,10.128.4.34:3000,tgis-bam,single,fmaas-monitoring,granite-v3,openshift-user-workload-monitoring/user-workload,tgis-bam,Alan,58771.0
2024-07-23 03:42:10.385999918,tgi_request_count,http,10.128.4.34:3000,tgis-bam,single,fmaas-monitoring,granite-v3,openshift-user-workload-monitoring/user-workload,tgis-bam,Alan,58771.0
2024-07-23 03:42:15.385999918,tgi_request_count,http,10.128.4.34:3000,tgis-bam,single,fmaas-monitoring,granite-v3,openshift-user-workload-monitoring/user-workload,tgis-bam,Alan,58801.0
2024-07-23 03:42:20.385999918,tgi_request_count,http,10.128.4.34:3000,tgis-bam,single,fmaas-monitoring,granite-v3,openshift-user-workload-monitoring/user-workload,tgis-bam,Alan,58801.0
2024-07-23 03:42:25.427999973,tgi_request_count,http,10.128.4.34:3000,tgis-bam,single,fmaas-monitoring,granite-v3,openshift-user-workload-monitoring/user-workload,tgis-bam,Alan,58862.0
2024-07-23 03:42:30.385999918,tgi_request_count,http,10.128.4.34:3000,tgis-bam,single,fmaas-monitoring,granite-v3,openshift-user-workload-monitoring/user-workload,tgis-bam,Alan,58862.0
2024-07-23 03:42:35.385999918,tgi_request_count,http,10.128.4.34:3000,tgis-bam,single,fmaas-monitoring,granite-v3,openshift-user-workload-monitoring/user-workload,tgis-bam,Alan,58912.0
2024-07-23 03:42:40.385999918,tgi_request_count,http,10.128.4.34:3000,tgis-bam,single,fmaas-monitoring,granite-v3,openshift-user-workload-monitoring/user-workload,tgis-bam,Alan,58912.0
2024-07-23 03:42:45.385999918,tgi_request_count,http,10.128.4.34:3000,tgis-bam,single,fmaas-monitoring,granite-v3,openshift-user-workload-monitoring/user-workload,tgis-bam,Alan,58962.0
2024-07-23 03:42:50.385999918,tgi_request_count,http,10.128.4.34:3000,tgis-bam,single,fmaas-monitoring,granite-v3,openshift-user-workload-monitoring/user-workload,tgis-bam,Alan,58962.0
2024-07-23 03:42:55.385999918,tgi_request_count,http,10.128.4.34:3000,tgis-bam,single,fmaas-monitoring,granite-v3,openshift-user-workload-monitoring/user-workload,tgis-bam,Alan,59007.0
2024-07-23 03:43:00.385999918,tgi_request_count,http,10.128.4.34:3000,tgis-bam,single,fmaas-monitoring,granite-v3,openshift-user-workload-monitoring/user-workload,tgis-bam,Alan,59007.0
2024-07-23 03:43:05.385999918,tgi_request_count,http,10.128.4.34:3000,tgis-bam,single,fmaas-monitoring,granite-v3,openshift-user-workload-monitoring/user-workload,tgis-bam,Alan,59049.0
2024-07-23 03:43:10.385999918,tgi_request_count,http,10.128.4.34:3000,tgis-bam,single,fmaas-monitoring,granite-v3,openshift-user-workload-monitoring/user-workload,tgis-bam,Alan,59049.0
2024-07-23 03:43:15.385999918,tgi_request_count,http,10.128.4.34:3000,tgis-bam,single,fmaas-monitoring,granite-v3,openshift-user-workload-monitoring/user-workload,tgis-bam,Alan,59100.0
2024-07-23 03:43:20.385999918,tgi_request_count,http,10.128.4.34:3000,tgis-bam,single,fmaas-monitoring,granite-v3,openshift-user-workload-monitoring/user-workload,tgis-bam,Alan,59100.0
2024-07-23 03:43:25.385999918,tgi_request_count,http,10.128.4.34:3000,tgis-bam,single,fmaas-monitoring,granite-v3,openshift-user-workload-monitoring/user-workload,tgis-bam,Alan,59150.0
2024-07-23 03:43:30.385999918,tgi_request_count,http,10.128.4.34:3000,tgis-bam,single,fmaas-monitoring,granite-v3,openshift-user-workload-monitoring/user-workload,tgis-bam,Alan,59150.0
2024-07-23 03:43:35.385999918,tgi_request_count,http,10.128.4.34:3000,tgis-bam,single,fmaas-monitoring,granite-v3,openshift-user-workload-monitoring/user-workload,tgis-bam,Alan,59198.0
2024-07-23 03:43:40.385999918,tgi_request_count,http,10.128.4.34:3000,tgis-bam,single,fmaas-monitoring,granite-v3,openshift-user-workload-monitoring/user-workload,tgis-bam,Alan,59198.0
2024-07-23 03:43:45.385999918,tgi_request_count,http,10.128.4.34:3000,tgis-bam,single,fmaas-monitoring,granite-v3,openshift-user-workload-monitoring/user-workload,tgis-bam,Alan,59243.0
2024-07-23 03:43:50.385999918,tgi_request_count,http,10.128.4.34:3000,tgis-bam,single,fmaas-monitoring,granite-v3,openshift-user-workload-monitoring/user-workload,tgis-bam,Alan,59243.0
2024-07-23 03:43:55.385999918,tgi_request_count,http,10.128.4.34:3000,tgis-bam,single,fmaas-monitoring,granite-v3,openshift-user-workload-monitoring/user-workload,tgis-bam,Alan,59288.0
2024-07-23 03:44:00.385999918,tgi_request_count,http,10.128.4.34:3000,tgis-bam,single,fmaas-monitoring,granite-v3,openshift-user-workload-monitoring/user-workload,tgis-bam,Alan,59288.0
2024-07-23 03:44:05.385999918,tgi_request_count,http,10.128.4.34:3000,tgis-bam,single,fmaas-monitoring,granite-v3,openshift-user-workload-monitoring/user-workload,tgis-bam,Alan,59334.0
2024-07-23 03:44:10.385999918,tgi_request_count,http,10.128.4.34:3000,tgis-bam,single,fmaas-monitoring,granite-v3,openshift-user-workload-monitoring/user-workload,tgis-bam,Alan,59334.0
2024-07-23 03:44:15.385999918,tgi_request_count,http,10.128.4.34:3000,tgis-bam,single,fmaas-monitoring,granite-v3,openshift-user-workload-monitoring/user-workload,tgis-bam,Alan,59381.0
2024-07-23 03:44:20.385999918,tgi_request_count,http,10.128.4.34:3000,tgis-bam,single,fmaas-monitoring,granite-v3,openshift-user-workload-monitoring/user-workload,tgis-bam,Alan,59381.0
2024-07-23 03:44:25.385999918,tgi_request_count,http,10.128.4.34:3000,tgis-bam,single,fmaas-monitoring,granite-v3,openshift-user-workload-monitoring/user-workload,tgis-bam,Alan,59417.0
2024-07-23 03:44:30.385999918,tgi_request_count,http,10.128.4.34:3000,tgis-bam,single,fmaas-monitoring,granite-v3,openshift-user-workload-monitoring/user-workload,tgis-bam,Alan,59417.0
2024-07-23 03:44:35.385999918,tgi_request_count,http,10.128.4.34:3000,tgis-bam,single,fmaas-monitoring,granite-v3,openshift-user-workload-monitoring/user-workload,tgis-bam,Alan,59472.0
2024-07-23 03:44:40.385999918,tgi_request_count,http,10.128.4.34:3000,tgis-bam,single,fmaas-monitoring,granite-v3,openshift-user-workload-monitoring/user-workload,tgis-bam,Alan,59472.0
2024-07-23 03:44:45.385999918,tgi_request_count,http,10.128.4.34:3000,tgis-bam,single,fmaas-monitoring,granite-v3,openshift-user-workload-monitoring/user-workload,tgis-bam,Alan,59530.0
2024-07-23 03:44:50.385999918,tgi_request_count,http,10.128.4.34:3000,tgis-bam,single,fmaas-monitoring,granite-v3,openshift-user-workload-monitoring/user-workload,tgis-bam,Alan,59530.0
2024-07-23 03:44:55.385999918,tgi_request_count,http,10.128.4.34:3000,tgis-bam,single,fmaas-monitoring,granite-v3,openshift-user-workload-monitoring/user-workload,tgis-bam,Alan,59576.0
2024-07-23 03:45:00.385999918,tgi_request_count,http,10.128.4.34:3000,tgis-bam,single,fmaas-monitoring,granite-v3,openshift-user-workload-monitoring/user-workload,tgis-bam,Alan,59576.0
2024-07-23 03:45:05.385999918,tgi_request_count,http,10.128.4.34:3000,tgis-bam,single,fmaas-monitoring,granite-v3,openshift-user-workload-monitoring/user-workload,tgis-bam,Alan,59620.0
2024-07-23 03:45:10.385999918,tgi_request_count,http,10.128.4.34:3000,tgis-bam,single,fmaas-monitoring,granite-v3,openshift-user-workload-monitoring/user-workload,tgis-bam,Alan,59620.0
2024-07-23 03:45:15.385999918,tgi_request_count,http,10.128.4.34:3000,tgis-bam,single,fmaas-monitoring,granite-v3,openshift-user-workload-monitoring/user-workload,tgis-bam,Alan,59660.0
2024-07-23 03:45:20.385999918,tgi_request_count,http,10.128.4.34:3000,tgis-bam,single,fmaas-monitoring,granite-v3,openshift-user-workload-monitoring/user-workload,tgis-bam,Alan,59660.0
2024-07-23 03:45:25.385999918,tgi_request_count,http,10.128.4.34:3000,tgis-bam,single,fmaas-monitoring,granite-v3,openshift-user-workload-monitoring/user-workload,tgis-bam,Alan,59701.0
2024-07-23 03:45:30.385999918,tgi_request_count,http,10.128.4.34:3000,tgis-bam,single,fmaas-monitoring,granite-v3,openshift-user-workload-monitoring/user-workload,tgis-bam,Alan,59701.0
2024-07-23 03:45:35.385999918,tgi_request_count,http,10.128.4.34:3000,tgis-bam,single,fmaas-monitoring,granite-v3,openshift-user-workload-monitoring/user-workload,tgis-bam,Alan,59753.0
2024-07-23 03:45:40.385999918,tgi_request_count,http,10.128.4.34:3000,tgis-bam,single,fmaas-monitoring,granite-v3,openshift-user-workload-monitoring/user-workload,tgis-bam,Alan,59753.0
2024-07-23 03:45:45.385999918,tgi_request_count,http,10.128.4.34:3000,tgis-bam,single,fmaas-monitoring,granite-v3,openshift-user-workload-monitoring/user-workload,tgis-bam,Alan,59795.0
2024-07-23 03:45:50.385999918,tgi_request_count,http,10.128.4.34:3000,tgis-bam,single,fmaas-monitoring,granite-v3,openshift-user-workload-monitoring/user-workload,tgis-bam,Alan,59795.0
2024-07-23 03:45:55.385999918,tgi_request_count,http,10.128.4.34:3000,tgis-bam,single,fmaas-monitoring,granite-v3,openshift-user-workload-monitoring/user-workload,tgis-bam,Alan,59847.0
2024-07-23 03:46:00.385999918,tgi_request_count,http,10.128.4.34:3000,tgis-bam,single,fmaas-monitoring,granite-v3,openshift-user-workload-monitoring/user-workload,tgis-bam,Alan,59847.0
2024-07-23 03:46:05.385999918,tgi_request_count,http,10.128.4.34:3000,tgis-bam,single,fmaas-monitoring,granite-v3,openshift-user-workload-monitoring/user-workload,tgis-bam,Alan,59884.0
2024-07-23 03:46:10.385999918,tgi_request_count,http,10.128.4.34:3000,tgis-bam,single,fmaas-monitoring,granite-v3,openshift-user-workload-monitoring/user-workload,tgis-bam,Alan,59884.0
2024-07-23 03:46:15.385999918,tgi_request_count,http,10.128.4.34:3000,tgis-bam,single,fmaas-monitoring,granite-v3,openshift-user-workload-monitoring/user-workload,tgis-bam,Alan,59925.0
2024-07-23 03:46:20.385999918,tgi_request_count,http,10.128.4.34:3000,tgis-bam,single,fmaas-monitoring,granite-v3,openshift-user-workload-monitoring/user-workload,tgis-bam,Alan,59925.0
2024-07-23 03:46:25.385999918,tgi_request_count,http,10.128.4.34:3000,tgis-bam,single,fmaas-monitoring,granite-v3,openshift-user-workload-monitoring/user-workload,tgis-bam,Alan,59980.0
2024-07-23 03:46:30.385999918,tgi_request_count,http,10.128.4.34:3000,tgis-bam,single,fmaas-monitoring,granite-v3,openshift-user-workload-monitoring/user-workload,tgis-bam,Alan,59980.0
2024-07-23 03:46:35.385999918,tgi_request_count,http,10.128.4.34:3000,tgis-bam,single,fmaas-monitoring,granite-v3,openshift-user-workload-monitoring/user-workload,tgis-bam,Alan,60022.0
2024-07-23 03:46:40.385999918,tgi_request_count,http,10.128.4.34:3000,tgis-bam,single,fmaas-monitoring,granite-v3,openshift-user-workload-monitoring/user-workload,tgis-bam,Alan,60022.0
2024-07-23 03:46:45.385999918,tgi_request_count,http,10.128.4.34:3000,tgis-bam,single,fmaas-monitoring,granite-v3,openshift-user-workload-monitoring/user-workload,tgis-bam,Alan,60058.0
2024-07-23 03:46:50.385999918,tgi_request_count,http,10.128.4.34:3000,tgis-bam,single,fmaas-monitoring,granite-v3,openshift-user-workload-monitoring/user-workload,tgis-bam,Alan,60058.0
2024-07-23 03:46:55.385999918,tgi_request_count,http,10.128.4.34:3000,tgis-bam,single,fmaas-monitoring,granite-v3,openshift-user-workload-monitoring/user-workload,tgis-bam,Alan,60104.0
2024-07-23 03:47:00.385999918,tgi_request_count,http,10.128.4.34:3000,tgis-bam,single,fmaas-monitoring,granite-v3,openshift-user-workload-monitoring/user-workload,tgis-bam,Alan,60104.0
2024-07-23 03:47:05.385999918,tgi_request_count,http,10.128.4.34:3000,tgis-bam,single,fmaas-monitoring,granite-v3,openshift-user-workload-monitoring/user-workload,tgis-bam,Alan,60142.0
2024-07-23 03:47:10.385999918,tgi_request_count,http,10.128.4.34:3000,tgis-bam,single,fmaas-monitoring,granite-v3,openshift-user-workload-monitoring/user-workload,tgis-bam,Alan,60142.0
2024-07-23 03:47:15.385999918,tgi_request_count,http,10.128.4.34:3000,tgis-bam,single,fmaas-monitoring,granite-v3,openshift-user-workload-monitoring/user-workload,tgis-bam,Alan,60201.0
2024-07-23 03:47:20.385999918,tgi_request_count,http,10.128.4.34:3000,tgis-bam,single,fmaas-monitoring,granite-v3,openshift-user-workload-monitoring/user-workload,tgis-bam,Alan,60201.0
2024-07-23 03:47:25.385999918,tgi_request_count,http,10.128.4.34:3000,tgis-bam,single,fmaas-monitoring,granite-v3,openshift-user-workload-monitoring/user-workload,tgis-bam,Alan,60249.0
2024-07-23 03:47:30.385999918,tgi_request_count,http,10.128.4.34:3000,tgis-bam,single,fmaas-monitoring,granite-v3,openshift-user-workload-monitoring/user-workload,tgis-bam,Alan,60249.0
2024-07-23 03:47:35.385999918,tgi_request_count,http,10.128.4.34:3000,tgis-bam,single,fmaas-monitoring,granite-v3,openshift-user-workload-monitoring/user-workload,tgis-bam,Alan,60303.0
2024-07-23 03:47:40.385999918,tgi_request_count,http,10.128.4.34:3000,tgis-bam,single,fmaas-monitoring,granite-v3,openshift-user-workload-monitoring/user-workload,tgis-bam,Alan,60303.0
2024-07-23 03:47:45.385999918,tgi_request_count,http,10.128.4.34:3000,tgis-bam,single,fmaas-monitoring,granite-v3,openshift-user-workload-monitoring/user-workload,tgis-bam,Alan,60348.0
2024-07-23 03:47:50.385999918,tgi_request_count,http,10.128.4.34:3000,tgis-bam,single,fmaas-monitoring,granite-v3,openshift-user-workload-monitoring/user-workload,tgis-bam,Alan,60348.0
2024-07-23 03:47:55.385999918,tgi_request_count,http,10.128.4.34:3000,tgis-bam,single,fmaas-monitoring,granite-v3,openshift-user-workload-monitoring/user-workload,tgis-bam,Alan,60398.0
2024-07-23 03:48:00.385999918,tgi_request_count,http,10.128.4.34:3000,tgis-bam,single,fmaas-monitoring,granite-v3,openshift-user-workload-monitoring/user-workload,tgis-bam,Alan,60398.0
2024-07-23 03:48:05.385999918,tgi_request_count,http,10.128.4.34:3000,tgis-bam,single,fmaas-monitoring,granite-v3,openshift-user-workload-monitoring/user-workload,tgis-bam,Alan,60436.0
2024-07-23 03:48:10.385999918,tgi_request_count,http,10.128.4.34:3000,tgis-bam,single,fmaas-monitoring,granite-v3,openshift-user-workload-monitoring/user-workload,tgis-bam,Alan,60436.0
2024-07-23 03:48:15.385999918,tgi_request_count,http,10.128.4.34:3000,tgis-bam,single,fmaas-monitoring,granite-v3,openshift-user-workload-monitoring/user-workload,tgis-bam,Alan,60483.0
2024-07-23 03:48:20.385999918,tgi_request_count,http,10.128.4.34:3000,tgis-bam,single,fmaas-monitoring,granite-v3,openshift-user-workload-monitoring/user-workload,tgis-bam,Alan,60483.0
2024-07-23 03:48:25.385999918,tgi_request_count,http,10.128.4.34:3000,tgis-bam,single,fmaas-monitoring,granite-v3,openshift-user-workload-monitoring/user-workload,tgis-bam,Alan,60533.0
2024-07-23 03:48:30.385999918,tgi_request_count,http,10.128.4.34:3000,tgis-bam,single,fmaas-monitoring,granite-v3,openshift-user-workload-monitoring/user-workload,tgis-bam,Alan,60533.0
2024-07-23 03:48:35.385999918,tgi_request_count,http,10.128.4.34:3000,tgis-bam,single,fmaas-monitoring,granite-v3,openshift-user-workload-monitoring/user-workload,tgis-bam,Alan,60570.0
2024-07-23 03:48:40.385999918,tgi_request_count,http,10.128.4.34:3000,tgis-bam,single,fmaas-monitoring,granite-v3,openshift-user-workload-monitoring/user-workload,tgis-bam,Alan,60570.0
2024-07-23 03:48:45.417000055,tgi_request_count,http,10.128.4.34:3000,tgis-bam,single,fmaas-monitoring,granite-v3,openshift-user-workload-monitoring/user-workload,tgis-bam,Alan,60609.0
2024-07-23 03:48:50.385999918,tgi_request_count,http,10.128.4.34:3000,tgis-bam,single,fmaas-monitoring,granite-v3,openshift-user-workload-monitoring/user-workload,tgis-bam,Alan,60609.0
2024-07-23 03:48:55.385999918,tgi_request_count,http,10.128.4.34:3000,tgis-bam,single,fmaas-monitoring,granite-v3,openshift-user-workload-monitoring/user-workload,tgis-bam,Alan,60655.0
2024-07-23 03:49:00.385999918,tgi_request_count,http,10.128.4.34:3000,tgis-bam,single,fmaas-monitoring,granite-v3,openshift-user-workload-monitoring/user-workload,tgis-bam,Alan,60655.0
2024-07-23 03:49:05.385999918,tgi_request_count,http,10.128.4.34:3000,tgis-bam,single,fmaas-monitoring,granite-v3,openshift-user-workload-monitoring/user-workload,tgis-bam,Alan,60709.0
2024-07-23 03:49:10.385999918,tgi_request_count,http,10.128.4.34:3000,tgis-bam,single,fmaas-monitoring,granite-v3,openshift-user-workload-monitoring/user-workload,tgis-bam,Alan,60709.0
2024-07-23 03:49:15.385999918,tgi_request_count,http,10.128.4.34:3000,tgis-bam,single,fmaas-monitoring,granite-v3,openshift-user-workload-monitoring/user-workload,tgis-bam,Alan,60755.0
2024-07-23 03:49:20.385999918,tgi_request_count,http,10.128.4.34:3000,tgis-bam,single,fmaas-monitoring,granite-v3,openshift-user-workload-monitoring/user-workload,tgis-bam,Alan,60755.0
2024-07-23 03:49:25.385999918,tgi_request_count,http,10.128.4.34:3000,tgis-bam,single,fmaas-monitoring,granite-v3,openshift-user-workload-monitoring/user-workload,tgis-bam,Alan,60797.0
2024-07-23 03:49:30.385999918,tgi_request_count,http,10.128.4.34:3000,tgis-bam,single,fmaas-monitoring,granite-v3,openshift-user-workload-monitoring/user-workload,tgis-bam,Alan,60797.0
2024-07-23 03:49:35.385999918,tgi_request_count,http,10.128.4.34:3000,tgis-bam,single,fmaas-monitoring,granite-v3,openshift-user-workload-monitoring/user-workload,tgis-bam,Alan,60857.0
2024-07-23 03:49:40.385999918,tgi_request_count,http,10.128.4.34:3000,tgis-bam,single,fmaas-monitoring,granite-v3,openshift-user-workload-monitoring/user-workload,tgis-bam,Alan,60857.0
2024-07-23 03:49:45.385999918,tgi_request_count,http,10.128.4.34:3000,tgis-bam,single,fmaas-monitoring,granite-v3,openshift-user-workload-monitoring/user-workload,tgis-bam,Alan,60896.0
2024-07-23 03:49:50.385999918,tgi_request_count,http,10.128.4.34:3000,tgis-bam,single,fmaas-monitoring,granite-v3,openshift-user-workload-monitoring/user-workload,tgis-bam,Alan,60896.0
2024-07-23 03:49:55.385999918,tgi_request_count,http,10.128.4.34:3000,tgis-bam,single,fmaas-monitoring,granite-v3,openshift-user-workload-monitoring/user-workload,tgis-bam,Alan,60952.0
2024-07-23 03:50:00.385999918,tgi_request_count,http,10.128.4.34:3000,tgis-bam,single,fmaas-monitoring,granite-v3,openshift-user-workload-monitoring/user-workload,tgis-bam,Alan,60952.0
2024-07-23 03:50:05.391000032,tgi_request_count,http,10.128.4.34:3000,tgis-bam,single,fmaas-monitoring,granite-v3,openshift-user-workload-monitoring/user-workload,tgis-bam,Alan,61002.0
2024-07-23 03:50:10.427000046,tgi_request_count,http,10.128.4.34:3000,tgis-bam,single,fmaas-monitoring,granite-v3,openshift-user-workload-monitoring/user-workload,tgis-bam,Alan,61002.0
2024-07-23 03:50:15.385999918,tgi_request_count,http,10.128.4.34:3000,tgis-bam,single,fmaas-monitoring,granite-v3,openshift-user-workload-monitoring/user-workload,tgis-bam,Alan,61049.0
2024-07-23 03:50:20.385999918,tgi_request_count,http,10.128.4.34:3000,tgis-bam,single,fmaas-monitoring,granite-v3,openshift-user-workload-monitoring/user-workload,tgis-bam,Alan,61049.0
2024-07-23 03:50:25.385999918,tgi_request_count,http,10.128.4.34:3000,tgis-bam,single,fmaas-monitoring,granite-v3,openshift-user-workload-monitoring/user-workload,tgis-bam,Alan,61077.0
2024-07-23 03:50:30.385999918,tgi_request_count,http,10.128.4.34:3000,tgis-bam,single,fmaas-monitoring,granite-v3,openshift-user-workload-monitoring/user-workload,tgis-bam,Alan,61077.0
2024-07-23 03:50:35.385999918,tgi_request_count,http,10.128.4.34:3000,tgis-bam,single,fmaas-monitoring,granite-v3,openshift-user-workload-monitoring/user-workload,tgis-bam,Alan,61128.0
2024-07-23 03:50:40.385999918,tgi_request_count,http,10.128.4.34:3000,tgis-bam,single,fmaas-monitoring,granite-v3,openshift-user-workload-monitoring/user-workload,tgis-bam,Alan,61128.0
2024-07-23 03:50:45.385999918,tgi_request_count,http,10.128.4.34:3000,tgis-bam,single,fmaas-monitoring,granite-v3,openshift-user-workload-monitoring/user-workload,tgis-bam,Alan,61176.0
2024-07-23 03:50:50.385999918,tgi_request_count,http,10.128.4.34:3000,tgis-bam,single,fmaas-monitoring,granite-v3,openshift-user-workload-monitoring/user-workload,tgis-bam,Alan,61176.0
2024-07-23 03:50:55.385999918,tgi_request_count,http,10.128.4.34:3000,tgis-bam,single,fmaas-monitoring,granite-v3,openshift-user-workload-monitoring/user-workload,tgis-bam,Alan,61218.0
2024-07-23 03:51:00.385999918,tgi_request_count,http,10.128.4.34:3000,tgis-bam,single,fmaas-monitoring,granite-v3,openshift-user-workload-monitoring/user-workload,tgis-bam,Alan,61218.0
2024-07-23 03:51:05.385999918,tgi_request_count,http,10.128.4.34:3000,tgis-bam,single,fmaas-monitoring,granite-v3,openshift-user-workload-monitoring/user-workload,tgis-bam,Alan,61257.0
2024-07-23 03:51:10.385999918,tgi_request_count,http,10.128.4.34:3000,tgis-bam,single,fmaas-monitoring,granite-v3,openshift-user-workload-monitoring/user-workload,tgis-bam,Alan,61257.0
2024-07-23 03:51:15.385999918,tgi_request_count,http,10.128.4.34:3000,tgis-bam,single,fmaas-monitoring,granite-v3,openshift-user-workload-monitoring/user-workload,tgis-bam,Alan,61297.0
2024-07-23 03:51:20.385999918,tgi_request_count,http,10.128.4.34:3000,tgis-bam,single,fmaas-monitoring,granite-v3,openshift-user-workload-monitoring/user-workload,tgis-bam,Alan,61297.0
2024-07-23 03:51:25.385999918,tgi_request_count,http,10.128.4.34:3000,tgis-bam,single,fmaas-monitoring,granite-v3,openshift-user-workload-monitoring/user-workload,tgis-bam,Alan,61321.0
2024-07-23 03:51:30.385999918,tgi_request_count,http,10.128.4.34:3000,tgis-bam,single,fmaas-monitoring,granite-v3,openshift-user-workload-monitoring/user-workload,tgis-bam,Alan,61321.0
2024-07-23 03:51:35.385999918,tgi_request_count,http,10.128.4.34:3000,tgis-bam,single,fmaas-monitoring,granite-v3,openshift-user-workload-monitoring/user-workload,tgis-bam,Alan,61360.0
2024-07-23 03:51:40.385999918,tgi_request_count,http,10.128.4.34:3000,tgis-bam,single,fmaas-monitoring,granite-v3,openshift-user-workload-monitoring/user-workload,tgis-bam,Alan,61360.0
2024-07-23 03:51:45.385999918,tgi_request_count,http,10.128.4.34:3000,tgis-bam,single,fmaas-monitoring,granite-v3,openshift-user-workload-monitoring/user-workload,tgis-bam,Alan,61406.0
2024-07-23 03:51:50.385999918,tgi_request_count,http,10.128.4.34:3000,tgis-bam,single,fmaas-monitoring,granite-v3,openshift-user-workload-monitoring/user-workload,tgis-bam,Alan,61406.0
2024-07-23 03:51:55.385999918,tgi_request_count,http,10.128.4.34:3000,tgis-bam,single,fmaas-monitoring,granite-v3,openshift-user-workload-monitoring/user-workload,tgis-bam,Alan,61446.0
2024-07-23 03:52:00.385999918,tgi_request_count,http,10.128.4.34:3000,tgis-bam,single,fmaas-monitoring,granite-v3,openshift-user-workload-monitoring/user-workload,tgis-bam,Alan,61446.0
2024-07-23 03:52:05.385999918,tgi_request_count,http,10.128.4.34:3000,tgis-bam,single,fmaas-monitoring,granite-v3,openshift-user-workload-monitoring/user-workload,tgis-bam,Alan,61497.0
2024-07-23 03:52:10.385999918,tgi_request_count,http,10.128.4.34:3000,tgis-bam,single,fmaas-monitoring,granite-v3,openshift-user-workload-monitoring/user-workload,tgis-bam,Alan,61497.0
2024-07-23 03:52:15.385999918,tgi_request_count,http,10.128.4.34:3000,tgis-bam,single,fmaas-monitoring,granite-v3,openshift-user-workload-monitoring/user-workload,tgis-bam,Alan,61534.0
2024-07-23 03:52:20.385999918,tgi_request_count,http,10.128.4.34:3000,tgis-bam,single,fmaas-monitoring,granite-v3,openshift-user-workload-monitoring/user-workload,tgis-bam,Alan,61534.0
2024-07-23 03:52:25.385999918,tgi_request_count,http,10.128.4.34:3000,tgis-bam,single,fmaas-monitoring,granite-v3,openshift-user-workload-monitoring/user-workload,tgis-bam,Alan,61573.0
2024-07-23 03:52:30.385999918,tgi_request_count,http,10.128.4.34:3000,tgis-bam,single,fmaas-monitoring,granite-v3,openshift-user-workload-monitoring/user-workload,tgis-bam,Alan,61573.0
2024-07-23 03:52:35.385999918,tgi_request_count,http,10.128.4.34:3000,tgis-bam,single,fmaas-monitoring,granite-v3,openshift-user-workload-monitoring/user-workload,tgis-bam,Alan,61614.0
2024-07-23 03:52:40.385999918,tgi_request_count,http,10.128.4.34:3000,tgis-bam,single,fmaas-monitoring,granite-v3,openshift-user-workload-monitoring/user-workload,tgis-bam,Alan,61614.0
2024-07-23 03:52:45.385999918,tgi_request_count,http,10.128.4.34:3000,tgis-bam,single,fmaas-monitoring,granite-v3,openshift-user-workload-monitoring/user-workload,tgis-bam,Alan,61654.0
2024-07-23 03:52:50.385999918,tgi_request_count,http,10.128.4.34:3000,tgis-bam,single,fmaas-monitoring,granite-v3,openshift-user-workload-monitoring/user-workload,tgis-bam,Alan,61654.0
2024-07-23 03:52:55.385999918,tgi_request_count,http,10.128.4.34:3000,tgis-bam,single,fmaas-monitoring,granite-v3,openshift-user-workload-monitoring/user-workload,tgis-bam,Alan,61698.0
2024-07-23 03:53:00.385999918,tgi_request_count,http,10.128.4.34:3000,tgis-bam,single,fmaas-monitoring,granite-v3,openshift-user-workload-monitoring/user-workload,tgis-bam,Alan,61698.0
2024-07-23 03:53:05.385999918,tgi_request_count,http,10.128.4.34:3000,tgis-bam,single,fmaas-monitoring,granite-v3,openshift-user-workload-monitoring/user-workload,tgis-bam,Alan,61733.0
2024-07-23 03:53:10.385999918,tgi_request_count,http,10.128.4.34:3000,tgis-bam,single,fmaas-monitoring,granite-v3,openshift-user-workload-monitoring/user-workload,tgis-bam,Alan,61733.0
2024-07-23 03:53:15.385999918,tgi_request_count,http,10.128.4.34:3000,tgis-bam,single,fmaas-monitoring,granite-v3,openshift-user-workload-monitoring/user-workload,tgis-bam,Alan,61777.0
2024-07-23 03:53:20.385999918,tgi_request_count,http,10.128.4.34:3000,tgis-bam,single,fmaas-monitoring,granite-v3,openshift-user-workload-monitoring/user-workload,tgis-bam,Alan,61777.0
2024-07-23 03:53:25.385999918,tgi_request_count,http,10.128.4.34:3000,tgis-bam,single,fmaas-monitoring,granite-v3,openshift-user-workload-monitoring/user-workload,tgis-bam,Alan,61818.0
2024-07-23 03:53:30.385999918,tgi_request_count,http,10.128.4.34:3000,tgis-bam,single,fmaas-monitoring,granite-v3,openshift-user-workload-monitoring/user-workload,tgis-bam,Alan,61818.0
2024-07-23 03:53:35.385999918,tgi_request_count,http,10.128.4.34:3000,tgis-bam,single,fmaas-monitoring,granite-v3,openshift-user-workload-monitoring/user-workload,tgis-bam,Alan,61861.0
2024-07-23 03:53:40.385999918,tgi_request_count,http,10.128.4.34:3000,tgis-bam,single,fmaas-monitoring,granite-v3,openshift-user-workload-monitoring/user-workload,tgis-bam,Alan,61861.0
2024-07-23 03:53:45.385999918,tgi_request_count,http,10.128.4.34:3000,tgis-bam,single,fmaas-monitoring,granite-v3,openshift-user-workload-monitoring/user-workload,tgis-bam,Alan,61905.0
2024-07-23 03:53:50.385999918,tgi_request_count,http,10.128.4.34:3000,tgis-bam,single,fmaas-monitoring,granite-v3,openshift-user-workload-monitoring/user-workload,tgis-bam,Alan,61905.0
2024-07-23 03:53:55.385999918,tgi_request_count,http,10.128.4.34:3000,tgis-bam,single,fmaas-monitoring,granite-v3,openshift-user-workload-monitoring/user-workload,tgis-bam,Alan,61946.0
2024-07-23 03:54:00.385999918,tgi_request_count,http,10.128.4.34:3000,tgis-bam,single,fmaas-monitoring,granite-v3,openshift-user-workload-monitoring/user-workload,tgis-bam,Alan,61946.0
2024-07-23 03:54:05.385999918,tgi_request_count,http,10.128.4.34:3000,tgis-bam,single,fmaas-monitoring,granite-v3,openshift-user-workload-monitoring/user-workload,tgis-bam,Alan,62004.0
2024-07-23 03:54:10.385999918,tgi_request_count,http,10.128.4.34:3000,tgis-bam,single,fmaas-monitoring,granite-v3,openshift-user-workload-monitoring/user-workload,tgis-bam,Alan,62004.0
2024-07-23 03:54:15.385999918,tgi_request_count,http,10.128.4.34:3000,tgis-bam,single,fmaas-monitoring,granite-v3,openshift-user-workload-monitoring/user-workload,tgis-bam,Alan,62043.0
2024-07-23 03:54:20.385999918,tgi_request_count,http,10.128.4.34:3000,tgis-bam,single,fmaas-monitoring,granite-v3,openshift-user-workload-monitoring/user-workload,tgis-bam,Alan,62043.0
2024-07-23 03:54:25.385999918,tgi_request_count,http,10.128.4.34:3000,tgis-bam,single,fmaas-monitoring,granite-v3,openshift-user-workload-monitoring/user-workload,tgis-bam,Alan,62081.0
2024-07-23 03:54:30.385999918,tgi_request_count,http,10.128.4.34:3000,tgis-bam,single,fmaas-monitoring,granite-v3,openshift-user-workload-monitoring/user-workload,tgis-bam,Alan,62081.0
2024-07-23 03:54:35.388000011,tgi_request_count,http,10.128.4.34:3000,tgis-bam,single,fmaas-monitoring,granite-v3,openshift-user-workload-monitoring/user-workload,tgis-bam,Alan,62125.0
2024-07-23 03:54:40.385999918,tgi_request_count,http,10.128.4.34:3000,tgis-bam,single,fmaas-monitoring,granite-v3,openshift-user-workload-monitoring/user-workload,tgis-bam,Alan,62125.0
2024-07-23 03:54:45.385999918,tgi_request_count,http,10.128.4.34:3000,tgis-bam,single,fmaas-monitoring,granite-v3,openshift-user-workload-monitoring/user-workload,tgis-bam,Alan,62171.0
2024-07-23 03:54:50.385999918,tgi_request_count,http,10.128.4.34:3000,tgis-bam,single,fmaas-monitoring,granite-v3,openshift-user-workload-monitoring/user-workload,tgis-bam,Alan,62171.0
2024-07-23 03:54:55.385999918,tgi_request_count,http,10.128.4.34:3000,tgis-bam,single,fmaas-monitoring,granite-v3,openshift-user-workload-monitoring/user-workload,tgis-bam,Alan,62222.0
2024-07-23 03:55:00.385999918,tgi_request_count,http,10.128.4.34:3000,tgis-bam,single,fmaas-monitoring,granite-v3,openshift-user-workload-monitoring/user-workload,tgis-bam,Alan,62222.0
2024-07-23 03:55:05.385999918,tgi_request_count,http,10.128.4.34:3000,tgis-bam,single,fmaas-monitoring,granite-v3,openshift-user-workload-monitoring/user-workload,tgis-bam,Alan,62273.0
2024-07-23 03:55:10.385999918,tgi_request_count,http,10.128.4.34:3000,tgis-bam,single,fmaas-monitoring,granite-v3,openshift-user-workload-monitoring/user-workload,tgis-bam,Alan,62273.0
2024-07-23 03:55:15.385999918,tgi_request_count,http,10.128.4.34:3000,tgis-bam,single,fmaas-monitoring,granite-v3,openshift-user-workload-monitoring/user-workload,tgis-bam,Alan,62314.0
2024-07-23 03:55:20.385999918,tgi_request_count,http,10.128.4.34:3000,tgis-bam,single,fmaas-monitoring,granite-v3,openshift-user-workload-monitoring/user-workload,tgis-bam,Alan,62314.0
2024-07-23 03:55:25.385999918,tgi_request_count,http,10.128.4.34:3000,tgis-bam,single,fmaas-monitoring,granite-v3,openshift-user-workload-monitoring/user-workload,tgis-bam,Alan,62365.0
2024-07-23 03:55:30.385999918,tgi_request_count,http,10.128.4.34:3000,tgis-bam,single,fmaas-monitoring,granite-v3,openshift-user-workload-monitoring/user-workload,tgis-bam,Alan,62365.0
2024-07-23 03:55:35.385999918,tgi_request_count,http,10.128.4.34:3000,tgis-bam,single,fmaas-monitoring,granite-v3,openshift-user-workload-monitoring/user-workload,tgis-bam,Alan,62408.0
2024-07-23 03:55:40.385999918,tgi_request_count,http,10.128.4.34:3000,tgis-bam,single,fmaas-monitoring,granite-v3,openshift-user-workload-monitoring/user-workload,tgis-bam,Alan,62408.0
2024-07-23 03:55:45.385999918,tgi_request_count,http,10.128.4.34:3000,tgis-bam,single,fmaas-monitoring,granite-v3,openshift-user-workload-monitoring/user-workload,tgis-bam,Alan,62449.0
2024-07-23 03:55:50.385999918,tgi_request_count,http,10.128.4.34:3000,tgis-bam,single,fmaas-monitoring,granite-v3,openshift-user-workload-monitoring/user-workload,tgis-bam,Alan,62449.0
2024-07-23 03:55:55.385999918,tgi_request_count,http,10.128.4.34:3000,tgis-bam,single,fmaas-monitoring,granite-v3,openshift-user-workload-monitoring/user-workload,tgis-bam,Alan,62488.0
2024-07-23 03:56:00.385999918,tgi_request_count,http,10.128.4.34:3000,tgis-bam,single,fmaas-monitoring,granite-v3,openshift-user-workload-monitoring/user-workload,tgis-bam,Alan,62488.0
2024-07-23 03:56:05.385999918,tgi_request_count,http,10.128.4.34:3000,tgis-bam,single,fmaas-monitoring,granite-v3,openshift-user-workload-monitoring/user-workload,tgis-bam,Alan,62532.0
2024-07-23 03:56:10.385999918,tgi_request_count,http,10.128.4.34:3000,tgis-bam,single,fmaas-monitoring,granite-v3,openshift-user-workload-monitoring/user-workload,tgis-bam,Alan,62532.0
2024-07-23 03:56:15.385999918,tgi_request_count,http,10.128.4.34:3000,tgis-bam,single,fmaas-monitoring,granite-v3,openshift-user-workload-monitoring/user-workload,tgis-bam,Alan,62590.0
2024-07-23 03:56:20.385999918,tgi_request_count,http,10.128.4.34:3000,tgis-bam,single,fmaas-monitoring,granite-v3,openshift-user-workload-monitoring/user-workload,tgis-bam,Alan,62590.0
2024-07-23 03:56:25.385999918,tgi_request_count,http,10.128.4.34:3000,tgis-bam,single,fmaas-monitoring,granite-v3,openshift-user-workload-monitoring/user-workload,tgis-bam,Alan,62634.0
2024-07-23 03:56:30.385999918,tgi_request_count,http,10.128.4.34:3000,tgis-bam,single,fmaas-monitoring,granite-v3,openshift-user-workload-monitoring/user-workload,tgis-bam,Alan,62634.0
2024-07-23 03:56:35.385999918,tgi_request_count,http,10.128.4.34:3000,tgis-bam,single,fmaas-monitoring,granite-v3,openshift-user-workload-monitoring/user-workload,tgis-bam,Alan,62680.0
2024-07-23 03:56:40.385999918,tgi_request_count,http,10.128.4.34:3000,tgis-bam,single,fmaas-monitoring,granite-v3,openshift-user-workload-monitoring/user-workload,tgis-bam,Alan,62680.0
2024-07-23 03:56:45.385999918,tgi_request_count,http,10.128.4.34:3000,tgis-bam,single,fmaas-monitoring,granite-v3,openshift-user-workload-monitoring/user-workload,tgis-bam,Alan,62718.0
2024-07-23 03:56:50.385999918,tgi_request_count,http,10.128.4.34:3000,tgis-bam,single,fmaas-monitoring,granite-v3,openshift-user-workload-monitoring/user-workload,tgis-bam,Alan,62718.0
2024-07-23 03:56:55.385999918,tgi_request_count,http,10.128.4.34:3000,tgis-bam,single,fmaas-monitoring,granite-v3,openshift-user-workload-monitoring/user-workload,tgis-bam,Alan,62766.0
2024-07-23 03:57:00.385999918,tgi_request_count,http,10.128.4.34:3000,tgis-bam,single,fmaas-monitoring,granite-v3,openshift-user-workload-monitoring/user-workload,tgis-bam,Alan,62766.0
2024-07-23 03:57:05.385999918,tgi_request_count,http,10.128.4.34:3000,tgis-bam,single,fmaas-monitoring,granite-v3,openshift-user-workload-monitoring/user-workload,tgis-bam,Alan,62817.0
2024-07-23 03:57:10.385999918,tgi_request_count,http,10.128.4.34:3000,tgis-bam,single,fmaas-monitoring,granite-v3,openshift-user-workload-monitoring/user-workload,tgis-bam,Alan,62817.0
2024-07-23 03:57:15.385999918,tgi_request_count,http,10.128.4.34:3000,tgis-bam,single,fmaas-monitoring,granite-v3,openshift-user-workload-monitoring/user-workload,tgis-bam,Alan,62860.0
2024-07-23 03:57:20.385999918,tgi_request_count,http,10.128.4.34:3000,tgis-bam,single,fmaas-monitoring,granite-v3,openshift-user-workload-monitoring/user-workload,tgis-bam,Alan,62860.0
2024-07-23 03:57:25.385999918,tgi_request_count,http,10.128.4.34:3000,tgis-bam,single,fmaas-monitoring,granite-v3,openshift-user-workload-monitoring/user-workload,tgis-bam,Alan,62902.0
2024-07-23 03:57:30.385999918,tgi_request_count,http,10.128.4.34:3000,tgis-bam,single,fmaas-monitoring,granite-v3,openshift-user-workload-monitoring/user-workload,tgis-bam,Alan,62902.0
2024-07-23 03:57:35.385999918,tgi_request_count,http,10.128.4.34:3000,tgis-bam,single,fmaas-monitoring,granite-v3,openshift-user-workload-monitoring/user-workload,tgis-bam,Alan,62935.0
2024-07-23 03:57:40.385999918,tgi_request_count,http,10.128.4.34:3000,tgis-bam,single,fmaas-monitoring,granite-v3,openshift-user-workload-monitoring/user-workload,tgis-bam,Alan,62935.0
2024-07-23 03:57:45.385999918,tgi_request_count,http,10.128.4.34:3000,tgis-bam,single,fmaas-monitoring,granite-v3,openshift-user-workload-monitoring/user-workload,tgis-bam,Alan,62985.0
2024-07-23 03:57:50.385999918,tgi_request_count,http,10.128.4.34:3000,tgis-bam,single,fmaas-monitoring,granite-v3,openshift-user-workload-monitoring/user-workload,tgis-bam,Alan,62985.0
2024-07-23 03:57:55.385999918,tgi_request_count,http,10.128.4.34:3000,tgis-bam,single,fmaas-monitoring,granite-v3,openshift-user-workload-monitoring/user-workload,tgis-bam,Alan,63035.0
2024-07-23 03:58:00.385999918,tgi_request_count,http,10.128.4.34:3000,tgis-bam,single,fmaas-monitoring,granite-v3,openshift-user-workload-monitoring/user-workload,tgis-bam,Alan,63035.0
2024-07-23 03:58:05.385999918,tgi_request_count,http,10.128.4.34:3000,tgis-bam,single,fmaas-monitoring,granite-v3,openshift-user-workload-monitoring/user-workload,tgis-bam,Alan,63085.0
2024-07-23 03:58:10.385999918,tgi_request_count,http,10.128.4.34:3000,tgis-bam,single,fmaas-monitoring,granite-v3,openshift-user-workload-monitoring/user-workload,tgis-bam,Alan,63085.0
2024-07-23 03:58:15.385999918,tgi_request_count,http,10.128.4.34:3000,tgis-bam,single,fmaas-monitoring,granite-v3,openshift-user-workload-monitoring/user-workload,tgis-bam,Alan,63133.0
2024-07-23 03:58:20.385999918,tgi_request_count,http,10.128.4.34:3000,tgis-bam,single,fmaas-monitoring,granite-v3,openshift-user-workload-monitoring/user-workload,tgis-bam,Alan,63133.0
2024-07-23 03:58:25.385999918,tgi_request_count,http,10.128.4.34:3000,tgis-bam,single,fmaas-monitoring,granite-v3,openshift-user-workload-monitoring/user-workload,tgis-bam,Alan,63187.0
2024-07-23 03:58:30.385999918,tgi_request_count,http,10.128.4.34:3000,tgis-bam,single,fmaas-monitoring,granite-v3,openshift-user-workload-monitoring/user-workload,tgis-bam,Alan,63187.0
2024-07-23 03:58:35.385999918,tgi_request_count,http,10.128.4.34:3000,tgis-bam,single,fmaas-monitoring,granite-v3,openshift-user-workload-monitoring/user-workload,tgis-bam,Alan,63237.0
2024-07-23 03:58:40.385999918,tgi_request_count,http,10.128.4.34:3000,tgis-bam,single,fmaas-monitoring,granite-v3,openshift-user-workload-monitoring/user-workload,tgis-bam,Alan,63237.0
2024-07-23 03:58:45.385999918,tgi_request_count,http,10.128.4.34:3000,tgis-bam,single,fmaas-monitoring,granite-v3,openshift-user-workload-monitoring/user-workload,tgis-bam,Alan,63293.0
2024-07-23 03:58:50.400000095,tgi_request_count,http,10.128.4.34:3000,tgis-bam,single,fmaas-monitoring,granite-v3,openshift-user-workload-monitoring/user-workload,tgis-bam,Alan,63293.0
2024-07-23 03:58:55.385999918,tgi_request_count,http,10.128.4.34:3000,tgis-bam,single,fmaas-monitoring,granite-v3,openshift-user-workload-monitoring/user-workload,tgis-bam,Alan,63337.0
2024-07-23 03:59:00.385999918,tgi_request_count,http,10.128.4.34:3000,tgis-bam,single,fmaas-monitoring,granite-v3,openshift-user-workload-monitoring/user-workload,tgis-bam,Alan,63337.0
2024-07-23 03:59:05.385999918,tgi_request_count,http,10.128.4.34:3000,tgis-bam,single,fmaas-monitoring,granite-v3,openshift-user-workload-monitoring/user-workload,tgis-bam,Alan,63379.0
2024-07-23 03:59:10.385999918,tgi_request_count,http,10.128.4.34:3000,tgis-bam,single,fmaas-monitoring,granite-v3,openshift-user-workload-monitoring/user-workload,tgis-bam,Alan,63379.0
2024-07-23 03:59:15.385999918,tgi_request_count,http,10.128.4.34:3000,tgis-bam,single,fmaas-monitoring,granite-v3,openshift-user-workload-monitoring/user-workload,tgis-bam,Alan,63426.0
2024-07-23 03:59:20.385999918,tgi_request_count,http,10.128.4.34:3000,tgis-bam,single,fmaas-monitoring,granite-v3,openshift-user-workload-monitoring/user-workload,tgis-bam,Alan,63426.0
2024-07-23 03:59:25.385999918,tgi_request_count,http,10.128.4.34:3000,tgis-bam,single,fmaas-monitoring,granite-v3,openshift-user-workload-monitoring/user-workload,tgis-bam,Alan,63471.0
2024-07-23 03:59:30.385999918,tgi_request_count,http,10.128.4.34:3000,tgis-bam,single,fmaas-monitoring,granite-v3,openshift-user-workload-monitoring/user-workload,tgis-bam,Alan,63471.0
2024-07-23 03:59:35.385999918,tgi_request_count,http,10.128.4.34:3000,tgis-bam,single,fmaas-monitoring,granite-v3,openshift-user-workload-monitoring/user-workload,tgis-bam,Alan,63519.0
2024-07-23 03:59:40.385999918,tgi_request_count,http,10.128.4.34:3000,tgis-bam,single,fmaas-monitoring,granite-v3,openshift-user-workload-monitoring/user-workload,tgis-bam,Alan,63519.0
2024-07-23 03:59:45.385999918,tgi_request_count,http,10.128.4.34:3000,tgis-bam,single,fmaas-monitoring,granite-v3,openshift-user-workload-monitoring/user-workload,tgis-bam,Alan,63566.0
2024-07-23 03:59:50.385999918,tgi_request_count,http,10.128.4.34:3000,tgis-bam,single,fmaas-monitoring,granite-v3,openshift-user-workload-monitoring/user-workload,tgis-bam,Alan,63566.0
2024-07-23 03:59:55.385999918,tgi_request_count,http,10.128.4.34:3000,tgis-bam,single,fmaas-monitoring,granite-v3,openshift-user-workload-monitoring/user-workload,tgis-bam,Alan,63610.0
2024-07-23 04:00:00.385999918,tgi_request_count,http,10.128.4.34:3000,tgis-bam,single,fmaas-monitoring,granite-v3,openshift-user-workload-monitoring/user-workload,tgis-bam,Alan,63610.0
2024-07-23 04:00:05.385999918,tgi_request_count,http,10.128.4.34:3000,tgis-bam,single,fmaas-monitoring,granite-v3,openshift-user-workload-monitoring/user-workload,tgis-bam,Alan,63650.0
2024-07-23 04:00:10.385999918,tgi_request_count,http,10.128.4.34:3000,tgis-bam,single,fmaas-monitoring,granite-v3,openshift-user-workload-monitoring/user-workload,tgis-bam,Alan,63650.0
2024-07-23 04:00:15.385999918,tgi_request_count,http,10.128.4.34:3000,tgis-bam,single,fmaas-monitoring,granite-v3,openshift-user-workload-monitoring/user-workload,tgis-bam,Alan,63693.0
2024-07-23 04:00:20.385999918,tgi_request_count,http,10.128.4.34:3000,tgis-bam,single,fmaas-monitoring,granite-v3,openshift-user-workload-monitoring/user-workload,tgis-bam,Alan,63693.0
2024-07-23 04:00:25.385999918,tgi_request_count,http,10.128.4.34:3000,tgis-bam,single,fmaas-monitoring,granite-v3,openshift-user-workload-monitoring/user-workload,tgis-bam,Alan,63733.0
2024-07-23 04:00:30.385999918,tgi_request_count,http,10.128.4.34:3000,tgis-bam,single,fmaas-monitoring,granite-v3,openshift-user-workload-monitoring/user-workload,tgis-bam,Alan,63733.0
2024-07-23 04:00:35.385999918,tgi_request_count,http,10.128.4.34:3000,tgis-bam,single,fmaas-monitoring,granite-v3,openshift-user-workload-monitoring/user-workload,tgis-bam,Alan,63777.0
2024-07-23 04:00:40.385999918,tgi_request_count,http,10.128.4.34:3000,tgis-bam,single,fmaas-monitoring,granite-v3,openshift-user-workload-monitoring/user-workload,tgis-bam,Alan,63777.0
2024-07-23 04:00:45.385999918,tgi_request_count,http,10.128.4.34:3000,tgis-bam,single,fmaas-monitoring,granite-v3,openshift-user-workload-monitoring/user-workload,tgis-bam,Alan,63815.0
2024-07-23 04:00:50.385999918,tgi_request_count,http,10.128.4.34:3000,tgis-bam,single,fmaas-monitoring,granite-v3,openshift-user-workload-monitoring/user-workload,tgis-bam,Alan,63815.0
2024-07-23 04:00:55.385999918,tgi_request_count,http,10.128.4.34:3000,tgis-bam,single,fmaas-monitoring,granite-v3,openshift-user-workload-monitoring/user-workload,tgis-bam,Alan,63872.0
2024-07-23 04:01:00.385999918,tgi_request_count,http,10.128.4.34:3000,tgis-bam,single,fmaas-monitoring,granite-v3,openshift-user-workload-monitoring/user-workload,tgis-bam,Alan,63872.0
2024-07-23 04:01:05.385999918,tgi_request_count,http,10.128.4.34:3000,tgis-bam,single,fmaas-monitoring,granite-v3,openshift-user-workload-monitoring/user-workload,tgis-bam,Alan,63914.0
2024-07-23 04:01:10.385999918,tgi_request_count,http,10.128.4.34:3000,tgis-bam,single,fmaas-monitoring,granite-v3,openshift-user-workload-monitoring/user-workload,tgis-bam,Alan,63914.0
2024-07-23 04:01:15.385999918,tgi_request_count,http,10.128.4.34:3000,tgis-bam,single,fmaas-monitoring,granite-v3,openshift-user-workload-monitoring/user-workload,tgis-bam,Alan,63955.0
2024-07-23 04:01:20.388000011,tgi_request_count,http,10.128.4.34:3000,tgis-bam,single,fmaas-monitoring,granite-v3,openshift-user-workload-monitoring/user-workload,tgis-bam,Alan,63955.0
2024-07-23 04:01:25.385999918,tgi_request_count,http,10.128.4.34:3000,tgis-bam,single,fmaas-monitoring,granite-v3,openshift-user-workload-monitoring/user-workload,tgis-bam,Alan,63999.0
2024-07-23 04:01:30.385999918,tgi_request_count,http,10.128.4.34:3000,tgis-bam,single,fmaas-monitoring,granite-v3,openshift-user-workload-monitoring/user-workload,tgis-bam,Alan,63999.0
2024-07-23 04:01:35.385999918,tgi_request_count,http,10.128.4.34:3000,tgis-bam,single,fmaas-monitoring,granite-v3,openshift-user-workload-monitoring/user-workload,tgis-bam,Alan,64041.0
2024-07-23 04:01:40.385999918,tgi_request_count,http,10.128.4.34:3000,tgis-bam,single,fmaas-monitoring,granite-v3,openshift-user-workload-monitoring/user-workload,tgis-bam,Alan,64041.0
2024-07-23 04:01:45.385999918,tgi_request_count,http,10.128.4.34:3000,tgis-bam,single,fmaas-monitoring,granite-v3,openshift-user-workload-monitoring/user-workload,tgis-bam,Alan,64083.0
2024-07-23 04:01:50.385999918,tgi_request_count,http,10.128.4.34:3000,tgis-bam,single,fmaas-monitoring,granite-v3,openshift-user-workload-monitoring/user-workload,tgis-bam,Alan,64083.0
2024-07-23 04:01:55.385999918,tgi_request_count,http,10.128.4.34:3000,tgis-bam,single,fmaas-monitoring,granite-v3,openshift-user-workload-monitoring/user-workload,tgis-bam,Alan,64122.0
2024-07-23 04:02:00.385999918,tgi_request_count,http,10.128.4.34:3000,tgis-bam,single,fmaas-monitoring,granite-v3,openshift-user-workload-monitoring/user-workload,tgis-bam,Alan,64122.0
2024-07-23 04:02:05.385999918,tgi_request_count,http,10.128.4.34:3000,tgis-bam,single,fmaas-monitoring,granite-v3,openshift-user-workload-monitoring/user-workload,tgis-bam,Alan,64159.0
2024-07-23 04:02:10.385999918,tgi_request_count,http,10.128.4.34:3000,tgis-bam,single,fmaas-monitoring,granite-v3,openshift-user-workload-monitoring/user-workload,tgis-bam,Alan,64159.0
2024-07-23 04:02:15.463999987,tgi_request_count,http,10.128.4.34:3000,tgis-bam,single,fmaas-monitoring,granite-v3,openshift-user-workload-monitoring/user-workload,tgis-bam,Alan,64206.0
2024-07-23 04:02:20.385999918,tgi_request_count,http,10.128.4.34:3000,tgis-bam,single,fmaas-monitoring,granite-v3,openshift-user-workload-monitoring/user-workload,tgis-bam,Alan,64206.0
2024-07-23 04:02:25.385999918,tgi_request_count,http,10.128.4.34:3000,tgis-bam,single,fmaas-monitoring,granite-v3,openshift-user-workload-monitoring/user-workload,tgis-bam,Alan,64263.0
2024-07-23 04:02:30.385999918,tgi_request_count,http,10.128.4.34:3000,tgis-bam,single,fmaas-monitoring,granite-v3,openshift-user-workload-monitoring/user-workload,tgis-bam,Alan,64263.0
2024-07-23 04:02:35.385999918,tgi_request_count,http,10.128.4.34:3000,tgis-bam,single,fmaas-monitoring,granite-v3,openshift-user-workload-monitoring/user-workload,tgis-bam,Alan,64311.0
2024-07-23 04:02:40.385999918,tgi_request_count,http,10.128.4.34:3000,tgis-bam,single,fmaas-monitoring,granite-v3,openshift-user-workload-monitoring/user-workload,tgis-bam,Alan,64311.0
2024-07-23 04:02:45.385999918,tgi_request_count,http,10.128.4.34:3000,tgis-bam,single,fmaas-monitoring,granite-v3,openshift-user-workload-monitoring/user-workload,tgis-bam,Alan,64349.0
2024-07-23 04:02:50.385999918,tgi_request_count,http,10.128.4.34:3000,tgis-bam,single,fmaas-monitoring,granite-v3,openshift-user-workload-monitoring/user-workload,tgis-bam,Alan,64349.0
2024-07-23 04:02:55.392999887,tgi_request_count,http,10.128.4.34:3000,tgis-bam,single,fmaas-monitoring,granite-v3,openshift-user-workload-monitoring/user-workload,tgis-bam,Alan,64388.0
2024-07-23 04:03:00.385999918,tgi_request_count,http,10.128.4.34:3000,tgis-bam,single,fmaas-monitoring,granite-v3,openshift-user-workload-monitoring/user-workload,tgis-bam,Alan,64388.0
2024-07-23 04:03:05.385999918,tgi_request_count,http,10.128.4.34:3000,tgis-bam,single,fmaas-monitoring,granite-v3,openshift-user-workload-monitoring/user-workload,tgis-bam,Alan,64432.0
2024-07-23 04:03:10.385999918,tgi_request_count,http,10.128.4.34:3000,tgis-bam,single,fmaas-monitoring,granite-v3,openshift-user-workload-monitoring/user-workload,tgis-bam,Alan,64432.0
2024-07-23 04:03:15.385999918,tgi_request_count,http,10.128.4.34:3000,tgis-bam,single,fmaas-monitoring,granite-v3,openshift-user-workload-monitoring/user-workload,tgis-bam,Alan,64491.0
2024-07-23 04:03:20.385999918,tgi_request_count,http,10.128.4.34:3000,tgis-bam,single,fmaas-monitoring,granite-v3,openshift-user-workload-monitoring/user-workload,tgis-bam,Alan,64491.0
2024-07-23 04:03:25.385999918,tgi_request_count,http,10.128.4.34:3000,tgis-bam,single,fmaas-monitoring,granite-v3,openshift-user-workload-monitoring/user-workload,tgis-bam,Alan,64532.0
2024-07-23 04:03:30.385999918,tgi_request_count,http,10.128.4.34:3000,tgis-bam,single,fmaas-monitoring,granite-v3,openshift-user-workload-monitoring/user-workload,tgis-bam,Alan,64532.0
2024-07-23 04:03:35.385999918,tgi_request_count,http,10.128.4.34:3000,tgis-bam,single,fmaas-monitoring,granite-v3,openshift-user-workload-monitoring/user-workload,tgis-bam,Alan,64584.0
2024-07-23 04:03:40.385999918,tgi_request_count,http,10.128.4.34:3000,tgis-bam,single,fmaas-monitoring,granite-v3,openshift-user-workload-monitoring/user-workload,tgis-bam,Alan,64584.0
2024-07-23 04:03:45.385999918,tgi_request_count,http,10.128.4.34:3000,tgis-bam,single,fmaas-monitoring,granite-v3,openshift-user-workload-monitoring/user-workload,tgis-bam,Alan,64636.0
2024-07-23 04:03:50.385999918,tgi_request_count,http,10.128.4.34:3000,tgis-bam,single,fmaas-monitoring,granite-v3,openshift-user-workload-monitoring/user-workload,tgis-bam,Alan,64636.0
2024-07-23 04:03:55.385999918,tgi_request_count,http,10.128.4.34:3000,tgis-bam,single,fmaas-monitoring,granite-v3,openshift-user-workload-monitoring/user-workload,tgis-bam,Alan,64686.0
2024-07-23 04:04:00.385999918,tgi_request_count,http,10.128.4.34:3000,tgis-bam,single,fmaas-monitoring,granite-v3,openshift-user-workload-monitoring/user-workload,tgis-bam,Alan,64686.0
2024-07-23 04:04:05.385999918,tgi_request_count,http,10.128.4.34:3000,tgis-bam,single,fmaas-monitoring,granite-v3,openshift-user-workload-monitoring/user-workload,tgis-bam,Alan,64723.0
2024-07-23 04:04:10.385999918,tgi_request_count,http,10.128.4.34:3000,tgis-bam,single,fmaas-monitoring,granite-v3,openshift-user-workload-monitoring/user-workload,tgis-bam,Alan,64723.0
2024-07-23 04:04:15.385999918,tgi_request_count,http,10.128.4.34:3000,tgis-bam,single,fmaas-monitoring,granite-v3,openshift-user-workload-monitoring/user-workload,tgis-bam,Alan,64773.0
2024-07-23 04:04:20.385999918,tgi_request_count,http,10.128.4.34:3000,tgis-bam,single,fmaas-monitoring,granite-v3,openshift-user-workload-monitoring/user-workload,tgis-bam,Alan,64773.0
2024-07-23 04:04:25.385999918,tgi_request_count,http,10.128.4.34:3000,tgis-bam,single,fmaas-monitoring,granite-v3,openshift-user-workload-monitoring/user-workload,tgis-bam,Alan,64816.0
2024-07-23 04:04:30.385999918,tgi_request_count,http,10.128.4.34:3000,tgis-bam,single,fmaas-monitoring,granite-v3,openshift-user-workload-monitoring/user-workload,tgis-bam,Alan,64816.0
2024-07-23 04:04:35.385999918,tgi_request_count,http,10.128.4.34:3000,tgis-bam,single,fmaas-monitoring,granite-v3,openshift-user-workload-monitoring/user-workload,tgis-bam,Alan,64859.0
2024-07-23 04:04:40.385999918,tgi_request_count,http,10.128.4.34:3000,tgis-bam,single,fmaas-monitoring,granite-v3,openshift-user-workload-monitoring/user-workload,tgis-bam,Alan,64859.0
2024-07-23 04:04:45.385999918,tgi_request_count,http,10.128.4.34:3000,tgis-bam,single,fmaas-monitoring,granite-v3,openshift-user-workload-monitoring/user-workload,tgis-bam,Alan,64901.0
2024-07-23 04:04:50.385999918,tgi_request_count,http,10.128.4.34:3000,tgis-bam,single,fmaas-monitoring,granite-v3,openshift-user-workload-monitoring/user-workload,tgis-bam,Alan,64901.0
2024-07-23 04:04:55.385999918,tgi_request_count,http,10.128.4.34:3000,tgis-bam,single,fmaas-monitoring,granite-v3,openshift-user-workload-monitoring/user-workload,tgis-bam,Alan,64944.0
