timestamp,__name__,endpoint,instance,job,model_name,namespace,pod,prometheus,service,value
2024-07-02 07:24:01.371000051,vllm:num_requests_running,http,10.130.4.194:8000,vllm-llama,/data/hf/8b_instruction_tuned,fmaas-monitoring,vllm-llama3,openshift-user-workload-monitoring/user-workload,vllm-llama,83.0
2024-07-02 07:24:06.371000051,vllm:num_requests_running,http,10.130.4.194:8000,vllm-llama,/data/hf/8b_instruction_tuned,fmaas-monitoring,vllm-llama3,openshift-user-workload-monitoring/user-workload,vllm-llama,34.0
2024-07-02 07:24:11.371000051,vllm:num_requests_running,http,10.130.4.194:8000,vllm-llama,/data/hf/8b_instruction_tuned,fmaas-monitoring,vllm-llama3,openshift-user-workload-monitoring/user-workload,vllm-llama,67.0
2024-07-02 07:24:16.371000051,vllm:num_requests_running,http,10.130.4.194:8000,vllm-llama,/data/hf/8b_instruction_tuned,fmaas-monitoring,vllm-llama3,openshift-user-workload-monitoring/user-workload,vllm-llama,33.0
2024-07-02 07:24:21.371000051,vllm:num_requests_running,http,10.130.4.194:8000,vllm-llama,/data/hf/8b_instruction_tuned,fmaas-monitoring,vllm-llama3,openshift-user-workload-monitoring/user-workload,vllm-llama,83.0
2024-07-02 07:24:26.371000051,vllm:num_requests_running,http,10.130.4.194:8000,vllm-llama,/data/hf/8b_instruction_tuned,fmaas-monitoring,vllm-llama3,openshift-user-workload-monitoring/user-workload,vllm-llama,24.0
2024-07-02 07:24:31.371000051,vllm:num_requests_running,http,10.130.4.194:8000,vllm-llama,/data/hf/8b_instruction_tuned,fmaas-monitoring,vllm-llama3,openshift-user-workload-monitoring/user-workload,vllm-llama,69.0
2024-07-02 07:24:36.371000051,vllm:num_requests_running,http,10.130.4.194:8000,vllm-llama,/data/hf/8b_instruction_tuned,fmaas-monitoring,vllm-llama3,openshift-user-workload-monitoring/user-workload,vllm-llama,113.0
2024-07-02 07:24:41.371000051,vllm:num_requests_running,http,10.130.4.194:8000,vllm-llama,/data/hf/8b_instruction_tuned,fmaas-monitoring,vllm-llama3,openshift-user-workload-monitoring/user-workload,vllm-llama,166.0
2024-07-02 07:24:46.384000063,vllm:num_requests_running,http,10.130.4.194:8000,vllm-llama,/data/hf/8b_instruction_tuned,fmaas-monitoring,vllm-llama3,openshift-user-workload-monitoring/user-workload,vllm-llama,120.0
2024-07-02 07:24:51.371000051,vllm:num_requests_running,http,10.130.4.194:8000,vllm-llama,/data/hf/8b_instruction_tuned,fmaas-monitoring,vllm-llama3,openshift-user-workload-monitoring/user-workload,vllm-llama,164.0
2024-07-02 07:24:56.371000051,vllm:num_requests_running,http,10.130.4.194:8000,vllm-llama,/data/hf/8b_instruction_tuned,fmaas-monitoring,vllm-llama3,openshift-user-workload-monitoring/user-workload,vllm-llama,30.0
2024-07-02 07:25:01.371000051,vllm:num_requests_running,http,10.130.4.194:8000,vllm-llama,/data/hf/8b_instruction_tuned,fmaas-monitoring,vllm-llama3,openshift-user-workload-monitoring/user-workload,vllm-llama,85.0
2024-07-02 07:25:06.371000051,vllm:num_requests_running,http,10.130.4.194:8000,vllm-llama,/data/hf/8b_instruction_tuned,fmaas-monitoring,vllm-llama3,openshift-user-workload-monitoring/user-workload,vllm-llama,31.0
2024-07-02 07:25:11.371000051,vllm:num_requests_running,http,10.130.4.194:8000,vllm-llama,/data/hf/8b_instruction_tuned,fmaas-monitoring,vllm-llama3,openshift-user-workload-monitoring/user-workload,vllm-llama,0.0
2024-07-02 07:25:16.371000051,vllm:num_requests_running,http,10.130.4.194:8000,vllm-llama,/data/hf/8b_instruction_tuned,fmaas-monitoring,vllm-llama3,openshift-user-workload-monitoring/user-workload,vllm-llama,35.0
2024-07-02 07:25:21.371000051,vllm:num_requests_running,http,10.130.4.194:8000,vllm-llama,/data/hf/8b_instruction_tuned,fmaas-monitoring,vllm-llama3,openshift-user-workload-monitoring/user-workload,vllm-llama,0.0
2024-07-02 07:25:26.371000051,vllm:num_requests_running,http,10.130.4.194:8000,vllm-llama,/data/hf/8b_instruction_tuned,fmaas-monitoring,vllm-llama3,openshift-user-workload-monitoring/user-workload,vllm-llama,29.0
2024-07-02 07:25:31.371000051,vllm:num_requests_running,http,10.130.4.194:8000,vllm-llama,/data/hf/8b_instruction_tuned,fmaas-monitoring,vllm-llama3,openshift-user-workload-monitoring/user-workload,vllm-llama,88.0
2024-07-02 07:25:36.371000051,vllm:num_requests_running,http,10.130.4.194:8000,vllm-llama,/data/hf/8b_instruction_tuned,fmaas-monitoring,vllm-llama3,openshift-user-workload-monitoring/user-workload,vllm-llama,119.0
2024-07-02 07:25:41.371000051,vllm:num_requests_running,http,10.130.4.194:8000,vllm-llama,/data/hf/8b_instruction_tuned,fmaas-monitoring,vllm-llama3,openshift-user-workload-monitoring/user-workload,vllm-llama,177.0
2024-07-02 07:25:46.371000051,vllm:num_requests_running,http,10.130.4.194:8000,vllm-llama,/data/hf/8b_instruction_tuned,fmaas-monitoring,vllm-llama3,openshift-user-workload-monitoring/user-workload,vllm-llama,206.0
2024-07-02 07:25:51.371000051,vllm:num_requests_running,http,10.130.4.194:8000,vllm-llama,/data/hf/8b_instruction_tuned,fmaas-monitoring,vllm-llama3,openshift-user-workload-monitoring/user-workload,vllm-llama,164.0
2024-07-02 07:25:56.371000051,vllm:num_requests_running,http,10.130.4.194:8000,vllm-llama,/data/hf/8b_instruction_tuned,fmaas-monitoring,vllm-llama3,openshift-user-workload-monitoring/user-workload,vllm-llama,185.0
2024-07-02 07:26:01.371000051,vllm:num_requests_running,http,10.130.4.194:8000,vllm-llama,/data/hf/8b_instruction_tuned,fmaas-monitoring,vllm-llama3,openshift-user-workload-monitoring/user-workload,vllm-llama,244.0
2024-07-02 07:26:06.371000051,vllm:num_requests_running,http,10.130.4.194:8000,vllm-llama,/data/hf/8b_instruction_tuned,fmaas-monitoring,vllm-llama3,openshift-user-workload-monitoring/user-workload,vllm-llama,121.0
2024-07-02 07:26:11.371000051,vllm:num_requests_running,http,10.130.4.194:8000,vllm-llama,/data/hf/8b_instruction_tuned,fmaas-monitoring,vllm-llama3,openshift-user-workload-monitoring/user-workload,vllm-llama,173.0
2024-07-02 07:26:16.371000051,vllm:num_requests_running,http,10.130.4.194:8000,vllm-llama,/data/hf/8b_instruction_tuned,fmaas-monitoring,vllm-llama3,openshift-user-workload-monitoring/user-workload,vllm-llama,131.0
2024-07-02 07:26:21.371000051,vllm:num_requests_running,http,10.130.4.194:8000,vllm-llama,/data/hf/8b_instruction_tuned,fmaas-monitoring,vllm-llama3,openshift-user-workload-monitoring/user-workload,vllm-llama,84.0
2024-07-02 07:26:26.371000051,vllm:num_requests_running,http,10.130.4.194:8000,vllm-llama,/data/hf/8b_instruction_tuned,fmaas-monitoring,vllm-llama3,openshift-user-workload-monitoring/user-workload,vllm-llama,24.0
2024-07-02 07:26:31.374000072,vllm:num_requests_running,http,10.130.4.194:8000,vllm-llama,/data/hf/8b_instruction_tuned,fmaas-monitoring,vllm-llama3,openshift-user-workload-monitoring/user-workload,vllm-llama,80.0
2024-07-02 07:26:36.371000051,vllm:num_requests_running,http,10.130.4.194:8000,vllm-llama,/data/hf/8b_instruction_tuned,fmaas-monitoring,vllm-llama3,openshift-user-workload-monitoring/user-workload,vllm-llama,113.0
2024-07-02 07:26:41.371000051,vllm:num_requests_running,http,10.130.4.194:8000,vllm-llama,/data/hf/8b_instruction_tuned,fmaas-monitoring,vllm-llama3,openshift-user-workload-monitoring/user-workload,vllm-llama,164.0
2024-07-02 07:26:46.371000051,vllm:num_requests_running,http,10.130.4.194:8000,vllm-llama,/data/hf/8b_instruction_tuned,fmaas-monitoring,vllm-llama3,openshift-user-workload-monitoring/user-workload,vllm-llama,23.0
2024-07-02 07:26:51.371000051,vllm:num_requests_running,http,10.130.4.194:8000,vllm-llama,/data/hf/8b_instruction_tuned,fmaas-monitoring,vllm-llama3,openshift-user-workload-monitoring/user-workload,vllm-llama,72.0
2024-07-02 07:26:56.371000051,vllm:num_requests_running,http,10.130.4.194:8000,vllm-llama,/data/hf/8b_instruction_tuned,fmaas-monitoring,vllm-llama3,openshift-user-workload-monitoring/user-workload,vllm-llama,17.0
2024-07-02 07:27:01.371000051,vllm:num_requests_running,http,10.130.4.194:8000,vllm-llama,/data/hf/8b_instruction_tuned,fmaas-monitoring,vllm-llama3,openshift-user-workload-monitoring/user-workload,vllm-llama,81.0
2024-07-02 07:27:06.371000051,vllm:num_requests_running,http,10.130.4.194:8000,vllm-llama,/data/hf/8b_instruction_tuned,fmaas-monitoring,vllm-llama3,openshift-user-workload-monitoring/user-workload,vllm-llama,28.0
2024-07-02 07:27:11.371000051,vllm:num_requests_running,http,10.130.4.194:8000,vllm-llama,/data/hf/8b_instruction_tuned,fmaas-monitoring,vllm-llama3,openshift-user-workload-monitoring/user-workload,vllm-llama,85.0
2024-07-02 07:27:16.371000051,vllm:num_requests_running,http,10.130.4.194:8000,vllm-llama,/data/hf/8b_instruction_tuned,fmaas-monitoring,vllm-llama3,openshift-user-workload-monitoring/user-workload,vllm-llama,26.0
2024-07-02 07:27:21.371000051,vllm:num_requests_running,http,10.130.4.194:8000,vllm-llama,/data/hf/8b_instruction_tuned,fmaas-monitoring,vllm-llama3,openshift-user-workload-monitoring/user-workload,vllm-llama,67.0
2024-07-02 07:27:26.371000051,vllm:num_requests_running,http,10.130.4.194:8000,vllm-llama,/data/hf/8b_instruction_tuned,fmaas-monitoring,vllm-llama3,openshift-user-workload-monitoring/user-workload,vllm-llama,31.0
2024-07-02 07:27:31.371000051,vllm:num_requests_running,http,10.130.4.194:8000,vllm-llama,/data/hf/8b_instruction_tuned,fmaas-monitoring,vllm-llama3,openshift-user-workload-monitoring/user-workload,vllm-llama,83.0
2024-07-02 07:27:36.371000051,vllm:num_requests_running,http,10.130.4.194:8000,vllm-llama,/data/hf/8b_instruction_tuned,fmaas-monitoring,vllm-llama3,openshift-user-workload-monitoring/user-workload,vllm-llama,31.0
2024-07-02 07:27:41.371000051,vllm:num_requests_running,http,10.130.4.194:8000,vllm-llama,/data/hf/8b_instruction_tuned,fmaas-monitoring,vllm-llama3,openshift-user-workload-monitoring/user-workload,vllm-llama,94.0
2024-07-02 07:27:46.371000051,vllm:num_requests_running,http,10.130.4.194:8000,vllm-llama,/data/hf/8b_instruction_tuned,fmaas-monitoring,vllm-llama3,openshift-user-workload-monitoring/user-workload,vllm-llama,117.0
2024-07-02 07:27:51.371000051,vllm:num_requests_running,http,10.130.4.194:8000,vllm-llama,/data/hf/8b_instruction_tuned,fmaas-monitoring,vllm-llama3,openshift-user-workload-monitoring/user-workload,vllm-llama,155.0
2024-07-02 07:27:56.384999990,vllm:num_requests_running,http,10.130.4.194:8000,vllm-llama,/data/hf/8b_instruction_tuned,fmaas-monitoring,vllm-llama3,openshift-user-workload-monitoring/user-workload,vllm-llama,206.0
2024-07-02 07:28:01.371000051,vllm:num_requests_running,http,10.130.4.194:8000,vllm-llama,/data/hf/8b_instruction_tuned,fmaas-monitoring,vllm-llama3,openshift-user-workload-monitoring/user-workload,vllm-llama,165.0
2024-07-02 07:28:06.371000051,vllm:num_requests_running,http,10.130.4.194:8000,vllm-llama,/data/hf/8b_instruction_tuned,fmaas-monitoring,vllm-llama3,openshift-user-workload-monitoring/user-workload,vllm-llama,192.0
2024-07-02 07:28:11.371000051,vllm:num_requests_running,http,10.130.4.194:8000,vllm-llama,/data/hf/8b_instruction_tuned,fmaas-monitoring,vllm-llama3,openshift-user-workload-monitoring/user-workload,vllm-llama,230.0
2024-07-02 07:28:16.371000051,vllm:num_requests_running,http,10.130.4.194:8000,vllm-llama,/data/hf/8b_instruction_tuned,fmaas-monitoring,vllm-llama3,openshift-user-workload-monitoring/user-workload,vllm-llama,90.0
2024-07-02 07:28:21.374000072,vllm:num_requests_running,http,10.130.4.194:8000,vllm-llama,/data/hf/8b_instruction_tuned,fmaas-monitoring,vllm-llama3,openshift-user-workload-monitoring/user-workload,vllm-llama,143.0
2024-07-02 07:28:26.371000051,vllm:num_requests_running,http,10.130.4.194:8000,vllm-llama,/data/hf/8b_instruction_tuned,fmaas-monitoring,vllm-llama3,openshift-user-workload-monitoring/user-workload,vllm-llama,104.0
2024-07-02 07:28:31.371000051,vllm:num_requests_running,http,10.130.4.194:8000,vllm-llama,/data/hf/8b_instruction_tuned,fmaas-monitoring,vllm-llama3,openshift-user-workload-monitoring/user-workload,vllm-llama,79.0
2024-07-02 07:28:36.371000051,vllm:num_requests_running,http,10.130.4.194:8000,vllm-llama,/data/hf/8b_instruction_tuned,fmaas-monitoring,vllm-llama3,openshift-user-workload-monitoring/user-workload,vllm-llama,34.0
2024-07-02 07:28:41.371000051,vllm:num_requests_running,http,10.130.4.194:8000,vllm-llama,/data/hf/8b_instruction_tuned,fmaas-monitoring,vllm-llama3,openshift-user-workload-monitoring/user-workload,vllm-llama,80.0
2024-07-02 07:28:46.371000051,vllm:num_requests_running,http,10.130.4.194:8000,vllm-llama,/data/hf/8b_instruction_tuned,fmaas-monitoring,vllm-llama3,openshift-user-workload-monitoring/user-workload,vllm-llama,36.0
2024-07-02 07:28:51.371000051,vllm:num_requests_running,http,10.130.4.194:8000,vllm-llama,/data/hf/8b_instruction_tuned,fmaas-monitoring,vllm-llama3,openshift-user-workload-monitoring/user-workload,vllm-llama,0.0
2024-07-02 07:28:56.371000051,vllm:num_requests_running,http,10.130.4.194:8000,vllm-llama,/data/hf/8b_instruction_tuned,fmaas-monitoring,vllm-llama3,openshift-user-workload-monitoring/user-workload,vllm-llama,25.0
2024-07-02 07:29:01.371000051,vllm:num_requests_running,http,10.130.4.194:8000,vllm-llama,/data/hf/8b_instruction_tuned,fmaas-monitoring,vllm-llama3,openshift-user-workload-monitoring/user-workload,vllm-llama,71.0
2024-07-02 07:29:06.371000051,vllm:num_requests_running,http,10.130.4.194:8000,vllm-llama,/data/hf/8b_instruction_tuned,fmaas-monitoring,vllm-llama3,openshift-user-workload-monitoring/user-workload,vllm-llama,114.0
2024-07-02 07:29:11.371000051,vllm:num_requests_running,http,10.130.4.194:8000,vllm-llama,/data/hf/8b_instruction_tuned,fmaas-monitoring,vllm-llama3,openshift-user-workload-monitoring/user-workload,vllm-llama,0.0
2024-07-02 07:29:16.375999928,vllm:num_requests_running,http,10.130.4.194:8000,vllm-llama,/data/hf/8b_instruction_tuned,fmaas-monitoring,vllm-llama3,openshift-user-workload-monitoring/user-workload,vllm-llama,34.0
2024-07-02 07:29:21.371000051,vllm:num_requests_running,http,10.130.4.194:8000,vllm-llama,/data/hf/8b_instruction_tuned,fmaas-monitoring,vllm-llama3,openshift-user-workload-monitoring/user-workload,vllm-llama,75.0
2024-07-02 07:29:26.371000051,vllm:num_requests_running,http,10.130.4.194:8000,vllm-llama,/data/hf/8b_instruction_tuned,fmaas-monitoring,vllm-llama3,openshift-user-workload-monitoring/user-workload,vllm-llama,25.0
2024-07-02 07:29:31.371000051,vllm:num_requests_running,http,10.130.4.194:8000,vllm-llama,/data/hf/8b_instruction_tuned,fmaas-monitoring,vllm-llama3,openshift-user-workload-monitoring/user-workload,vllm-llama,70.0
2024-07-02 07:29:36.371000051,vllm:num_requests_running,http,10.130.4.194:8000,vllm-llama,/data/hf/8b_instruction_tuned,fmaas-monitoring,vllm-llama3,openshift-user-workload-monitoring/user-workload,vllm-llama,41.0
2024-07-02 07:29:41.371000051,vllm:num_requests_running,http,10.130.4.194:8000,vllm-llama,/data/hf/8b_instruction_tuned,fmaas-monitoring,vllm-llama3,openshift-user-workload-monitoring/user-workload,vllm-llama,0.0
2024-07-02 07:29:46.371000051,vllm:num_requests_running,http,10.130.4.194:8000,vllm-llama,/data/hf/8b_instruction_tuned,fmaas-monitoring,vllm-llama3,openshift-user-workload-monitoring/user-workload,vllm-llama,39.0
2024-07-02 07:29:51.371000051,vllm:num_requests_running,http,10.130.4.194:8000,vllm-llama,/data/hf/8b_instruction_tuned,fmaas-monitoring,vllm-llama3,openshift-user-workload-monitoring/user-workload,vllm-llama,77.0
2024-07-02 07:29:56.371000051,vllm:num_requests_running,http,10.130.4.194:8000,vllm-llama,/data/hf/8b_instruction_tuned,fmaas-monitoring,vllm-llama3,openshift-user-workload-monitoring/user-workload,vllm-llama,28.0
2024-07-02 07:30:01.371000051,vllm:num_requests_running,http,10.130.4.194:8000,vllm-llama,/data/hf/8b_instruction_tuned,fmaas-monitoring,vllm-llama3,openshift-user-workload-monitoring/user-workload,vllm-llama,91.0
2024-07-02 07:30:06.371000051,vllm:num_requests_running,http,10.130.4.194:8000,vllm-llama,/data/hf/8b_instruction_tuned,fmaas-monitoring,vllm-llama3,openshift-user-workload-monitoring/user-workload,vllm-llama,122.0
2024-07-02 07:30:11.371000051,vllm:num_requests_running,http,10.130.4.194:8000,vllm-llama,/data/hf/8b_instruction_tuned,fmaas-monitoring,vllm-llama3,openshift-user-workload-monitoring/user-workload,vllm-llama,158.0
2024-07-02 07:30:16.371000051,vllm:num_requests_running,http,10.130.4.194:8000,vllm-llama,/data/hf/8b_instruction_tuned,fmaas-monitoring,vllm-llama3,openshift-user-workload-monitoring/user-workload,vllm-llama,39.0
2024-07-02 07:30:21.371000051,vllm:num_requests_running,http,10.130.4.194:8000,vllm-llama,/data/hf/8b_instruction_tuned,fmaas-monitoring,vllm-llama3,openshift-user-workload-monitoring/user-workload,vllm-llama,81.0
2024-07-02 07:30:26.371000051,vllm:num_requests_running,http,10.130.4.194:8000,vllm-llama,/data/hf/8b_instruction_tuned,fmaas-monitoring,vllm-llama3,openshift-user-workload-monitoring/user-workload,vllm-llama,35.0
2024-07-02 07:30:31.371000051,vllm:num_requests_running,http,10.130.4.194:8000,vllm-llama,/data/hf/8b_instruction_tuned,fmaas-monitoring,vllm-llama3,openshift-user-workload-monitoring/user-workload,vllm-llama,92.0
2024-07-02 07:30:36.371000051,vllm:num_requests_running,http,10.130.4.194:8000,vllm-llama,/data/hf/8b_instruction_tuned,fmaas-monitoring,vllm-llama3,openshift-user-workload-monitoring/user-workload,vllm-llama,29.0
2024-07-02 07:30:41.371000051,vllm:num_requests_running,http,10.130.4.194:8000,vllm-llama,/data/hf/8b_instruction_tuned,fmaas-monitoring,vllm-llama3,openshift-user-workload-monitoring/user-workload,vllm-llama,71.0
2024-07-02 07:30:46.371000051,vllm:num_requests_running,http,10.130.4.194:8000,vllm-llama,/data/hf/8b_instruction_tuned,fmaas-monitoring,vllm-llama3,openshift-user-workload-monitoring/user-workload,vllm-llama,26.0
2024-07-02 07:30:51.371000051,vllm:num_requests_running,http,10.130.4.194:8000,vllm-llama,/data/hf/8b_instruction_tuned,fmaas-monitoring,vllm-llama3,openshift-user-workload-monitoring/user-workload,vllm-llama,78.0
2024-07-02 07:30:56.371000051,vllm:num_requests_running,http,10.130.4.194:8000,vllm-llama,/data/hf/8b_instruction_tuned,fmaas-monitoring,vllm-llama3,openshift-user-workload-monitoring/user-workload,vllm-llama,121.0
2024-07-02 07:31:01.382999897,vllm:num_requests_running,http,10.130.4.194:8000,vllm-llama,/data/hf/8b_instruction_tuned,fmaas-monitoring,vllm-llama3,openshift-user-workload-monitoring/user-workload,vllm-llama,172.0
2024-07-02 07:31:06.371000051,vllm:num_requests_running,http,10.130.4.194:8000,vllm-llama,/data/hf/8b_instruction_tuned,fmaas-monitoring,vllm-llama3,openshift-user-workload-monitoring/user-workload,vllm-llama,114.0
2024-07-02 07:31:11.371000051,vllm:num_requests_running,http,10.130.4.194:8000,vllm-llama,/data/hf/8b_instruction_tuned,fmaas-monitoring,vllm-llama3,openshift-user-workload-monitoring/user-workload,vllm-llama,83.0
2024-07-02 07:31:16.371000051,vllm:num_requests_running,http,10.130.4.194:8000,vllm-llama,/data/hf/8b_instruction_tuned,fmaas-monitoring,vllm-llama3,openshift-user-workload-monitoring/user-workload,vllm-llama,43.0
2024-07-02 07:31:21.371000051,vllm:num_requests_running,http,10.130.4.194:8000,vllm-llama,/data/hf/8b_instruction_tuned,fmaas-monitoring,vllm-llama3,openshift-user-workload-monitoring/user-workload,vllm-llama,75.0
2024-07-02 07:31:26.371000051,vllm:num_requests_running,http,10.130.4.194:8000,vllm-llama,/data/hf/8b_instruction_tuned,fmaas-monitoring,vllm-llama3,openshift-user-workload-monitoring/user-workload,vllm-llama,36.0
2024-07-02 07:31:31.371000051,vllm:num_requests_running,http,10.130.4.194:8000,vllm-llama,/data/hf/8b_instruction_tuned,fmaas-monitoring,vllm-llama3,openshift-user-workload-monitoring/user-workload,vllm-llama,76.0
2024-07-02 07:31:36.371000051,vllm:num_requests_running,http,10.130.4.194:8000,vllm-llama,/data/hf/8b_instruction_tuned,fmaas-monitoring,vllm-llama3,openshift-user-workload-monitoring/user-workload,vllm-llama,29.0
2024-07-02 07:31:41.371000051,vllm:num_requests_running,http,10.130.4.194:8000,vllm-llama,/data/hf/8b_instruction_tuned,fmaas-monitoring,vllm-llama3,openshift-user-workload-monitoring/user-workload,vllm-llama,85.0
2024-07-02 07:31:46.371000051,vllm:num_requests_running,http,10.130.4.194:8000,vllm-llama,/data/hf/8b_instruction_tuned,fmaas-monitoring,vllm-llama3,openshift-user-workload-monitoring/user-workload,vllm-llama,134.0
2024-07-02 07:31:51.371000051,vllm:num_requests_running,http,10.130.4.194:8000,vllm-llama,/data/hf/8b_instruction_tuned,fmaas-monitoring,vllm-llama3,openshift-user-workload-monitoring/user-workload,vllm-llama,200.0
2024-07-02 07:31:56.371000051,vllm:num_requests_running,http,10.130.4.194:8000,vllm-llama,/data/hf/8b_instruction_tuned,fmaas-monitoring,vllm-llama3,openshift-user-workload-monitoring/user-workload,vllm-llama,239.0
2024-07-02 07:32:01.371000051,vllm:num_requests_running,http,10.130.4.194:8000,vllm-llama,/data/hf/8b_instruction_tuned,fmaas-monitoring,vllm-llama3,openshift-user-workload-monitoring/user-workload,vllm-llama,256.0
2024-07-02 07:32:06.371000051,vllm:num_requests_running,http,10.130.4.194:8000,vllm-llama,/data/hf/8b_instruction_tuned,fmaas-monitoring,vllm-llama3,openshift-user-workload-monitoring/user-workload,vllm-llama,101.0
2024-07-02 07:32:11.371000051,vllm:num_requests_running,http,10.130.4.194:8000,vllm-llama,/data/hf/8b_instruction_tuned,fmaas-monitoring,vllm-llama3,openshift-user-workload-monitoring/user-workload,vllm-llama,102.0
2024-07-02 07:32:16.371000051,vllm:num_requests_running,http,10.130.4.194:8000,vllm-llama,/data/hf/8b_instruction_tuned,fmaas-monitoring,vllm-llama3,openshift-user-workload-monitoring/user-workload,vllm-llama,35.0
2024-07-02 07:32:21.371000051,vllm:num_requests_running,http,10.130.4.194:8000,vllm-llama,/data/hf/8b_instruction_tuned,fmaas-monitoring,vllm-llama3,openshift-user-workload-monitoring/user-workload,vllm-llama,0.0
2024-07-02 07:32:26.371000051,vllm:num_requests_running,http,10.130.4.194:8000,vllm-llama,/data/hf/8b_instruction_tuned,fmaas-monitoring,vllm-llama3,openshift-user-workload-monitoring/user-workload,vllm-llama,26.0
2024-07-02 07:32:31.371000051,vllm:num_requests_running,http,10.130.4.194:8000,vllm-llama,/data/hf/8b_instruction_tuned,fmaas-monitoring,vllm-llama3,openshift-user-workload-monitoring/user-workload,vllm-llama,68.0
2024-07-02 07:32:36.371000051,vllm:num_requests_running,http,10.130.4.194:8000,vllm-llama,/data/hf/8b_instruction_tuned,fmaas-monitoring,vllm-llama3,openshift-user-workload-monitoring/user-workload,vllm-llama,36.0
2024-07-02 07:32:41.371000051,vllm:num_requests_running,http,10.130.4.194:8000,vllm-llama,/data/hf/8b_instruction_tuned,fmaas-monitoring,vllm-llama3,openshift-user-workload-monitoring/user-workload,vllm-llama,0.0
2024-07-02 07:32:46.384999990,vllm:num_requests_running,http,10.130.4.194:8000,vllm-llama,/data/hf/8b_instruction_tuned,fmaas-monitoring,vllm-llama3,openshift-user-workload-monitoring/user-workload,vllm-llama,38.0
2024-07-02 07:32:51.371000051,vllm:num_requests_running,http,10.130.4.194:8000,vllm-llama,/data/hf/8b_instruction_tuned,fmaas-monitoring,vllm-llama3,openshift-user-workload-monitoring/user-workload,vllm-llama,83.0
2024-07-02 07:32:56.371000051,vllm:num_requests_running,http,10.130.4.194:8000,vllm-llama,/data/hf/8b_instruction_tuned,fmaas-monitoring,vllm-llama3,openshift-user-workload-monitoring/user-workload,vllm-llama,126.0
2024-07-02 07:33:01.371000051,vllm:num_requests_running,http,10.130.4.194:8000,vllm-llama,/data/hf/8b_instruction_tuned,fmaas-monitoring,vllm-llama3,openshift-user-workload-monitoring/user-workload,vllm-llama,69.0
2024-07-02 07:33:06.371000051,vllm:num_requests_running,http,10.130.4.194:8000,vllm-llama,/data/hf/8b_instruction_tuned,fmaas-monitoring,vllm-llama3,openshift-user-workload-monitoring/user-workload,vllm-llama,21.0
2024-07-02 07:33:11.371000051,vllm:num_requests_running,http,10.130.4.194:8000,vllm-llama,/data/hf/8b_instruction_tuned,fmaas-monitoring,vllm-llama3,openshift-user-workload-monitoring/user-workload,vllm-llama,69.0
2024-07-02 07:33:16.371000051,vllm:num_requests_running,http,10.130.4.194:8000,vllm-llama,/data/hf/8b_instruction_tuned,fmaas-monitoring,vllm-llama3,openshift-user-workload-monitoring/user-workload,vllm-llama,29.0
2024-07-02 07:33:21.371000051,vllm:num_requests_running,http,10.130.4.194:8000,vllm-llama,/data/hf/8b_instruction_tuned,fmaas-monitoring,vllm-llama3,openshift-user-workload-monitoring/user-workload,vllm-llama,84.0
2024-07-02 07:33:26.371000051,vllm:num_requests_running,http,10.130.4.194:8000,vllm-llama,/data/hf/8b_instruction_tuned,fmaas-monitoring,vllm-llama3,openshift-user-workload-monitoring/user-workload,vllm-llama,32.0
2024-07-02 07:33:31.371000051,vllm:num_requests_running,http,10.130.4.194:8000,vllm-llama,/data/hf/8b_instruction_tuned,fmaas-monitoring,vllm-llama3,openshift-user-workload-monitoring/user-workload,vllm-llama,0.0
2024-07-02 07:33:36.371000051,vllm:num_requests_running,http,10.130.4.194:8000,vllm-llama,/data/hf/8b_instruction_tuned,fmaas-monitoring,vllm-llama3,openshift-user-workload-monitoring/user-workload,vllm-llama,33.0
2024-07-02 07:33:41.381000042,vllm:num_requests_running,http,10.130.4.194:8000,vllm-llama,/data/hf/8b_instruction_tuned,fmaas-monitoring,vllm-llama3,openshift-user-workload-monitoring/user-workload,vllm-llama,72.0
2024-07-02 07:33:46.371000051,vllm:num_requests_running,http,10.130.4.194:8000,vllm-llama,/data/hf/8b_instruction_tuned,fmaas-monitoring,vllm-llama3,openshift-user-workload-monitoring/user-workload,vllm-llama,25.0
2024-07-02 07:33:51.371000051,vllm:num_requests_running,http,10.130.4.194:8000,vllm-llama,/data/hf/8b_instruction_tuned,fmaas-monitoring,vllm-llama3,openshift-user-workload-monitoring/user-workload,vllm-llama,75.0
2024-07-02 07:33:56.371000051,vllm:num_requests_running,http,10.130.4.194:8000,vllm-llama,/data/hf/8b_instruction_tuned,fmaas-monitoring,vllm-llama3,openshift-user-workload-monitoring/user-workload,vllm-llama,31.0
2024-07-02 07:34:01.371000051,vllm:num_requests_running,http,10.130.4.194:8000,vllm-llama,/data/hf/8b_instruction_tuned,fmaas-monitoring,vllm-llama3,openshift-user-workload-monitoring/user-workload,vllm-llama,90.0
2024-07-02 07:34:06.371000051,vllm:num_requests_running,http,10.130.4.194:8000,vllm-llama,/data/hf/8b_instruction_tuned,fmaas-monitoring,vllm-llama3,openshift-user-workload-monitoring/user-workload,vllm-llama,32.0
2024-07-02 07:34:11.384999990,vllm:num_requests_running,http,10.130.4.194:8000,vllm-llama,/data/hf/8b_instruction_tuned,fmaas-monitoring,vllm-llama3,openshift-user-workload-monitoring/user-workload,vllm-llama,80.0
2024-07-02 07:34:16.371000051,vllm:num_requests_running,http,10.130.4.194:8000,vllm-llama,/data/hf/8b_instruction_tuned,fmaas-monitoring,vllm-llama3,openshift-user-workload-monitoring/user-workload,vllm-llama,17.0
2024-07-02 07:34:21.371000051,vllm:num_requests_running,http,10.130.4.194:8000,vllm-llama,/data/hf/8b_instruction_tuned,fmaas-monitoring,vllm-llama3,openshift-user-workload-monitoring/user-workload,vllm-llama,75.0
2024-07-02 07:34:26.371000051,vllm:num_requests_running,http,10.130.4.194:8000,vllm-llama,/data/hf/8b_instruction_tuned,fmaas-monitoring,vllm-llama3,openshift-user-workload-monitoring/user-workload,vllm-llama,120.0
2024-07-02 07:34:31.371000051,vllm:num_requests_running,http,10.130.4.194:8000,vllm-llama,/data/hf/8b_instruction_tuned,fmaas-monitoring,vllm-llama3,openshift-user-workload-monitoring/user-workload,vllm-llama,166.0
2024-07-02 07:34:36.375000000,vllm:num_requests_running,http,10.130.4.194:8000,vllm-llama,/data/hf/8b_instruction_tuned,fmaas-monitoring,vllm-llama3,openshift-user-workload-monitoring/user-workload,vllm-llama,105.0
2024-07-02 07:34:41.371000051,vllm:num_requests_running,http,10.130.4.194:8000,vllm-llama,/data/hf/8b_instruction_tuned,fmaas-monitoring,vllm-llama3,openshift-user-workload-monitoring/user-workload,vllm-llama,172.0
2024-07-02 07:34:46.371000051,vllm:num_requests_running,http,10.130.4.194:8000,vllm-llama,/data/hf/8b_instruction_tuned,fmaas-monitoring,vllm-llama3,openshift-user-workload-monitoring/user-workload,vllm-llama,125.0
2024-07-02 07:34:51.371000051,vllm:num_requests_running,http,10.130.4.194:8000,vllm-llama,/data/hf/8b_instruction_tuned,fmaas-monitoring,vllm-llama3,openshift-user-workload-monitoring/user-workload,vllm-llama,176.0
2024-07-02 07:34:56.371000051,vllm:num_requests_running,http,10.130.4.194:8000,vllm-llama,/data/hf/8b_instruction_tuned,fmaas-monitoring,vllm-llama3,openshift-user-workload-monitoring/user-workload,vllm-llama,102.0
2024-07-02 07:35:01.371000051,vllm:num_requests_running,http,10.130.4.194:8000,vllm-llama,/data/hf/8b_instruction_tuned,fmaas-monitoring,vllm-llama3,openshift-user-workload-monitoring/user-workload,vllm-llama,149.0
2024-07-02 07:35:06.371000051,vllm:num_requests_running,http,10.130.4.194:8000,vllm-llama,/data/hf/8b_instruction_tuned,fmaas-monitoring,vllm-llama3,openshift-user-workload-monitoring/user-workload,vllm-llama,125.0
2024-07-02 07:35:11.371000051,vllm:num_requests_running,http,10.130.4.194:8000,vllm-llama,/data/hf/8b_instruction_tuned,fmaas-monitoring,vllm-llama3,openshift-user-workload-monitoring/user-workload,vllm-llama,179.0
2024-07-02 07:35:16.371000051,vllm:num_requests_running,http,10.130.4.194:8000,vllm-llama,/data/hf/8b_instruction_tuned,fmaas-monitoring,vllm-llama3,openshift-user-workload-monitoring/user-workload,vllm-llama,222.0
2024-07-02 07:35:21.371000051,vllm:num_requests_running,http,10.130.4.194:8000,vllm-llama,/data/hf/8b_instruction_tuned,fmaas-monitoring,vllm-llama3,openshift-user-workload-monitoring/user-workload,vllm-llama,252.0
2024-07-02 07:35:26.371000051,vllm:num_requests_running,http,10.130.4.194:8000,vllm-llama,/data/hf/8b_instruction_tuned,fmaas-monitoring,vllm-llama3,openshift-user-workload-monitoring/user-workload,vllm-llama,189.0
2024-07-02 07:35:31.371000051,vllm:num_requests_running,http,10.130.4.194:8000,vllm-llama,/data/hf/8b_instruction_tuned,fmaas-monitoring,vllm-llama3,openshift-user-workload-monitoring/user-workload,vllm-llama,254.0
2024-07-02 07:35:36.371000051,vllm:num_requests_running,http,10.130.4.194:8000,vllm-llama,/data/hf/8b_instruction_tuned,fmaas-monitoring,vllm-llama3,openshift-user-workload-monitoring/user-workload,vllm-llama,124.0
2024-07-02 07:35:41.371000051,vllm:num_requests_running,http,10.130.4.194:8000,vllm-llama,/data/hf/8b_instruction_tuned,fmaas-monitoring,vllm-llama3,openshift-user-workload-monitoring/user-workload,vllm-llama,180.0
2024-07-02 07:35:46.371000051,vllm:num_requests_running,http,10.130.4.194:8000,vllm-llama,/data/hf/8b_instruction_tuned,fmaas-monitoring,vllm-llama3,openshift-user-workload-monitoring/user-workload,vllm-llama,126.0
2024-07-02 07:35:51.371000051,vllm:num_requests_running,http,10.130.4.194:8000,vllm-llama,/data/hf/8b_instruction_tuned,fmaas-monitoring,vllm-llama3,openshift-user-workload-monitoring/user-workload,vllm-llama,82.0
2024-07-02 07:35:56.371000051,vllm:num_requests_running,http,10.130.4.194:8000,vllm-llama,/data/hf/8b_instruction_tuned,fmaas-monitoring,vllm-llama3,openshift-user-workload-monitoring/user-workload,vllm-llama,24.0
2024-07-02 07:36:01.371000051,vllm:num_requests_running,http,10.130.4.194:8000,vllm-llama,/data/hf/8b_instruction_tuned,fmaas-monitoring,vllm-llama3,openshift-user-workload-monitoring/user-workload,vllm-llama,72.0
2024-07-02 07:36:06.371000051,vllm:num_requests_running,http,10.130.4.194:8000,vllm-llama,/data/hf/8b_instruction_tuned,fmaas-monitoring,vllm-llama3,openshift-user-workload-monitoring/user-workload,vllm-llama,23.0
2024-07-02 07:36:11.371000051,vllm:num_requests_running,http,10.130.4.194:8000,vllm-llama,/data/hf/8b_instruction_tuned,fmaas-monitoring,vllm-llama3,openshift-user-workload-monitoring/user-workload,vllm-llama,69.0
2024-07-02 07:36:16.371000051,vllm:num_requests_running,http,10.130.4.194:8000,vllm-llama,/data/hf/8b_instruction_tuned,fmaas-monitoring,vllm-llama3,openshift-user-workload-monitoring/user-workload,vllm-llama,109.0
2024-07-02 07:36:21.371000051,vllm:num_requests_running,http,10.130.4.194:8000,vllm-llama,/data/hf/8b_instruction_tuned,fmaas-monitoring,vllm-llama3,openshift-user-workload-monitoring/user-workload,vllm-llama,166.0
2024-07-02 07:36:26.371000051,vllm:num_requests_running,http,10.130.4.194:8000,vllm-llama,/data/hf/8b_instruction_tuned,fmaas-monitoring,vllm-llama3,openshift-user-workload-monitoring/user-workload,vllm-llama,108.0
2024-07-02 07:36:31.371000051,vllm:num_requests_running,http,10.130.4.194:8000,vllm-llama,/data/hf/8b_instruction_tuned,fmaas-monitoring,vllm-llama3,openshift-user-workload-monitoring/user-workload,vllm-llama,167.0
2024-07-02 07:36:36.371000051,vllm:num_requests_running,http,10.130.4.194:8000,vllm-llama,/data/hf/8b_instruction_tuned,fmaas-monitoring,vllm-llama3,openshift-user-workload-monitoring/user-workload,vllm-llama,119.0
2024-07-02 07:36:41.371000051,vllm:num_requests_running,http,10.130.4.194:8000,vllm-llama,/data/hf/8b_instruction_tuned,fmaas-monitoring,vllm-llama3,openshift-user-workload-monitoring/user-workload,vllm-llama,163.0
2024-07-02 07:36:46.372999907,vllm:num_requests_running,http,10.130.4.194:8000,vllm-llama,/data/hf/8b_instruction_tuned,fmaas-monitoring,vllm-llama3,openshift-user-workload-monitoring/user-workload,vllm-llama,196.0
2024-07-02 07:36:51.371000051,vllm:num_requests_running,http,10.130.4.194:8000,vllm-llama,/data/hf/8b_instruction_tuned,fmaas-monitoring,vllm-llama3,openshift-user-workload-monitoring/user-workload,vllm-llama,141.0
2024-07-02 07:36:56.371000051,vllm:num_requests_running,http,10.130.4.194:8000,vllm-llama,/data/hf/8b_instruction_tuned,fmaas-monitoring,vllm-llama3,openshift-user-workload-monitoring/user-workload,vllm-llama,21.0
2024-07-02 07:37:01.371000051,vllm:num_requests_running,http,10.130.4.194:8000,vllm-llama,/data/hf/8b_instruction_tuned,fmaas-monitoring,vllm-llama3,openshift-user-workload-monitoring/user-workload,vllm-llama,75.0
2024-07-02 07:37:06.371000051,vllm:num_requests_running,http,10.130.4.194:8000,vllm-llama,/data/hf/8b_instruction_tuned,fmaas-monitoring,vllm-llama3,openshift-user-workload-monitoring/user-workload,vllm-llama,39.0
2024-07-02 07:37:11.371000051,vllm:num_requests_running,http,10.130.4.194:8000,vllm-llama,/data/hf/8b_instruction_tuned,fmaas-monitoring,vllm-llama3,openshift-user-workload-monitoring/user-workload,vllm-llama,79.0
2024-07-02 07:37:16.371000051,vllm:num_requests_running,http,10.130.4.194:8000,vllm-llama,/data/hf/8b_instruction_tuned,fmaas-monitoring,vllm-llama3,openshift-user-workload-monitoring/user-workload,vllm-llama,38.0
2024-07-02 07:37:21.371000051,vllm:num_requests_running,http,10.130.4.194:8000,vllm-llama,/data/hf/8b_instruction_tuned,fmaas-monitoring,vllm-llama3,openshift-user-workload-monitoring/user-workload,vllm-llama,0.0
2024-07-02 07:37:26.371000051,vllm:num_requests_running,http,10.130.4.194:8000,vllm-llama,/data/hf/8b_instruction_tuned,fmaas-monitoring,vllm-llama3,openshift-user-workload-monitoring/user-workload,vllm-llama,36.0
2024-07-02 07:37:31.371000051,vllm:num_requests_running,http,10.130.4.194:8000,vllm-llama,/data/hf/8b_instruction_tuned,fmaas-monitoring,vllm-llama3,openshift-user-workload-monitoring/user-workload,vllm-llama,83.0
2024-07-02 07:37:36.371000051,vllm:num_requests_running,http,10.130.4.194:8000,vllm-llama,/data/hf/8b_instruction_tuned,fmaas-monitoring,vllm-llama3,openshift-user-workload-monitoring/user-workload,vllm-llama,25.0
2024-07-02 07:37:41.371000051,vllm:num_requests_running,http,10.130.4.194:8000,vllm-llama,/data/hf/8b_instruction_tuned,fmaas-monitoring,vllm-llama3,openshift-user-workload-monitoring/user-workload,vllm-llama,63.0
2024-07-02 07:37:46.371000051,vllm:num_requests_running,http,10.130.4.194:8000,vllm-llama,/data/hf/8b_instruction_tuned,fmaas-monitoring,vllm-llama3,openshift-user-workload-monitoring/user-workload,vllm-llama,100.0
2024-07-02 07:37:51.371000051,vllm:num_requests_running,http,10.130.4.194:8000,vllm-llama,/data/hf/8b_instruction_tuned,fmaas-monitoring,vllm-llama3,openshift-user-workload-monitoring/user-workload,vllm-llama,90.0
2024-07-02 07:37:56.371000051,vllm:num_requests_running,http,10.130.4.194:8000,vllm-llama,/data/hf/8b_instruction_tuned,fmaas-monitoring,vllm-llama3,openshift-user-workload-monitoring/user-workload,vllm-llama,33.0
2024-07-02 07:38:01.371000051,vllm:num_requests_running,http,10.130.4.194:8000,vllm-llama,/data/hf/8b_instruction_tuned,fmaas-monitoring,vllm-llama3,openshift-user-workload-monitoring/user-workload,vllm-llama,73.0
2024-07-02 07:38:06.371000051,vllm:num_requests_running,http,10.130.4.194:8000,vllm-llama,/data/hf/8b_instruction_tuned,fmaas-monitoring,vllm-llama3,openshift-user-workload-monitoring/user-workload,vllm-llama,16.0
2024-07-02 07:38:11.371000051,vllm:num_requests_running,http,10.130.4.194:8000,vllm-llama,/data/hf/8b_instruction_tuned,fmaas-monitoring,vllm-llama3,openshift-user-workload-monitoring/user-workload,vllm-llama,68.0
2024-07-02 07:38:16.371000051,vllm:num_requests_running,http,10.130.4.194:8000,vllm-llama,/data/hf/8b_instruction_tuned,fmaas-monitoring,vllm-llama3,openshift-user-workload-monitoring/user-workload,vllm-llama,117.0
2024-07-02 07:38:21.371000051,vllm:num_requests_running,http,10.130.4.194:8000,vllm-llama,/data/hf/8b_instruction_tuned,fmaas-monitoring,vllm-llama3,openshift-user-workload-monitoring/user-workload,vllm-llama,176.0
2024-07-02 07:38:26.371000051,vllm:num_requests_running,http,10.130.4.194:8000,vllm-llama,/data/hf/8b_instruction_tuned,fmaas-monitoring,vllm-llama3,openshift-user-workload-monitoring/user-workload,vllm-llama,213.0
2024-07-02 07:38:31.371000051,vllm:num_requests_running,http,10.130.4.194:8000,vllm-llama,/data/hf/8b_instruction_tuned,fmaas-monitoring,vllm-llama3,openshift-user-workload-monitoring/user-workload,vllm-llama,256.0
2024-07-02 07:38:36.387000084,vllm:num_requests_running,http,10.130.4.194:8000,vllm-llama,/data/hf/8b_instruction_tuned,fmaas-monitoring,vllm-llama3,openshift-user-workload-monitoring/user-workload,vllm-llama,106.0
2024-07-02 07:38:41.371000051,vllm:num_requests_running,http,10.130.4.194:8000,vllm-llama,/data/hf/8b_instruction_tuned,fmaas-monitoring,vllm-llama3,openshift-user-workload-monitoring/user-workload,vllm-llama,168.0
2024-07-02 07:38:46.371000051,vllm:num_requests_running,http,10.130.4.194:8000,vllm-llama,/data/hf/8b_instruction_tuned,fmaas-monitoring,vllm-llama3,openshift-user-workload-monitoring/user-workload,vllm-llama,116.0
2024-07-02 07:38:51.371000051,vllm:num_requests_running,http,10.130.4.194:8000,vllm-llama,/data/hf/8b_instruction_tuned,fmaas-monitoring,vllm-llama3,openshift-user-workload-monitoring/user-workload,vllm-llama,78.0
2024-07-02 07:38:56.371000051,vllm:num_requests_running,http,10.130.4.194:8000,vllm-llama,/data/hf/8b_instruction_tuned,fmaas-monitoring,vllm-llama3,openshift-user-workload-monitoring/user-workload,vllm-llama,30.0
2024-07-02 07:39:01.371000051,vllm:num_requests_running,http,10.130.4.194:8000,vllm-llama,/data/hf/8b_instruction_tuned,fmaas-monitoring,vllm-llama3,openshift-user-workload-monitoring/user-workload,vllm-llama,75.0
2024-07-02 07:39:06.371000051,vllm:num_requests_running,http,10.130.4.194:8000,vllm-llama,/data/hf/8b_instruction_tuned,fmaas-monitoring,vllm-llama3,openshift-user-workload-monitoring/user-workload,vllm-llama,105.0
2024-07-02 07:39:11.371000051,vllm:num_requests_running,http,10.130.4.194:8000,vllm-llama,/data/hf/8b_instruction_tuned,fmaas-monitoring,vllm-llama3,openshift-user-workload-monitoring/user-workload,vllm-llama,71.0
2024-07-02 07:39:16.371000051,vllm:num_requests_running,http,10.130.4.194:8000,vllm-llama,/data/hf/8b_instruction_tuned,fmaas-monitoring,vllm-llama3,openshift-user-workload-monitoring/user-workload,vllm-llama,41.0
2024-07-02 07:39:21.371000051,vllm:num_requests_running,http,10.130.4.194:8000,vllm-llama,/data/hf/8b_instruction_tuned,fmaas-monitoring,vllm-llama3,openshift-user-workload-monitoring/user-workload,vllm-llama,0.0
2024-07-02 07:39:26.371000051,vllm:num_requests_running,http,10.130.4.194:8000,vllm-llama,/data/hf/8b_instruction_tuned,fmaas-monitoring,vllm-llama3,openshift-user-workload-monitoring/user-workload,vllm-llama,40.0
2024-07-02 07:39:31.382999897,vllm:num_requests_running,http,10.130.4.194:8000,vllm-llama,/data/hf/8b_instruction_tuned,fmaas-monitoring,vllm-llama3,openshift-user-workload-monitoring/user-workload,vllm-llama,79.0
2024-07-02 07:39:36.371000051,vllm:num_requests_running,http,10.130.4.194:8000,vllm-llama,/data/hf/8b_instruction_tuned,fmaas-monitoring,vllm-llama3,openshift-user-workload-monitoring/user-workload,vllm-llama,29.0
2024-07-02 07:39:41.371000051,vllm:num_requests_running,http,10.130.4.194:8000,vllm-llama,/data/hf/8b_instruction_tuned,fmaas-monitoring,vllm-llama3,openshift-user-workload-monitoring/user-workload,vllm-llama,71.0
2024-07-02 07:39:46.371000051,vllm:num_requests_running,http,10.130.4.194:8000,vllm-llama,/data/hf/8b_instruction_tuned,fmaas-monitoring,vllm-llama3,openshift-user-workload-monitoring/user-workload,vllm-llama,28.0
2024-07-02 07:39:51.371000051,vllm:num_requests_running,http,10.130.4.194:8000,vllm-llama,/data/hf/8b_instruction_tuned,fmaas-monitoring,vllm-llama3,openshift-user-workload-monitoring/user-workload,vllm-llama,85.0
2024-07-02 07:39:56.371000051,vllm:num_requests_running,http,10.130.4.194:8000,vllm-llama,/data/hf/8b_instruction_tuned,fmaas-monitoring,vllm-llama3,openshift-user-workload-monitoring/user-workload,vllm-llama,30.0
2024-07-02 07:40:01.371000051,vllm:num_requests_running,http,10.130.4.194:8000,vllm-llama,/data/hf/8b_instruction_tuned,fmaas-monitoring,vllm-llama3,openshift-user-workload-monitoring/user-workload,vllm-llama,70.0
2024-07-02 07:40:06.371000051,vllm:num_requests_running,http,10.130.4.194:8000,vllm-llama,/data/hf/8b_instruction_tuned,fmaas-monitoring,vllm-llama3,openshift-user-workload-monitoring/user-workload,vllm-llama,30.0
2024-07-02 07:40:11.371000051,vllm:num_requests_running,http,10.130.4.194:8000,vllm-llama,/data/hf/8b_instruction_tuned,fmaas-monitoring,vllm-llama3,openshift-user-workload-monitoring/user-workload,vllm-llama,0.0
2024-07-02 07:40:16.371000051,vllm:num_requests_running,http,10.130.4.194:8000,vllm-llama,/data/hf/8b_instruction_tuned,fmaas-monitoring,vllm-llama3,openshift-user-workload-monitoring/user-workload,vllm-llama,32.0
2024-07-02 07:40:21.371000051,vllm:num_requests_running,http,10.130.4.194:8000,vllm-llama,/data/hf/8b_instruction_tuned,fmaas-monitoring,vllm-llama3,openshift-user-workload-monitoring/user-workload,vllm-llama,64.0
2024-07-02 07:40:26.371000051,vllm:num_requests_running,http,10.130.4.194:8000,vllm-llama,/data/hf/8b_instruction_tuned,fmaas-monitoring,vllm-llama3,openshift-user-workload-monitoring/user-workload,vllm-llama,39.0
2024-07-02 07:40:31.371000051,vllm:num_requests_running,http,10.130.4.194:8000,vllm-llama,/data/hf/8b_instruction_tuned,fmaas-monitoring,vllm-llama3,openshift-user-workload-monitoring/user-workload,vllm-llama,0.0
2024-07-02 07:40:36.371000051,vllm:num_requests_running,http,10.130.4.194:8000,vllm-llama,/data/hf/8b_instruction_tuned,fmaas-monitoring,vllm-llama3,openshift-user-workload-monitoring/user-workload,vllm-llama,27.0
2024-07-02 07:40:41.371000051,vllm:num_requests_running,http,10.130.4.194:8000,vllm-llama,/data/hf/8b_instruction_tuned,fmaas-monitoring,vllm-llama3,openshift-user-workload-monitoring/user-workload,vllm-llama,82.0
2024-07-02 07:40:46.371000051,vllm:num_requests_running,http,10.130.4.194:8000,vllm-llama,/data/hf/8b_instruction_tuned,fmaas-monitoring,vllm-llama3,openshift-user-workload-monitoring/user-workload,vllm-llama,32.0
2024-07-02 07:40:51.371000051,vllm:num_requests_running,http,10.130.4.194:8000,vllm-llama,/data/hf/8b_instruction_tuned,fmaas-monitoring,vllm-llama3,openshift-user-workload-monitoring/user-workload,vllm-llama,80.0
2024-07-02 07:40:56.371000051,vllm:num_requests_running,http,10.130.4.194:8000,vllm-llama,/data/hf/8b_instruction_tuned,fmaas-monitoring,vllm-llama3,openshift-user-workload-monitoring/user-workload,vllm-llama,127.0
2024-07-02 07:41:01.371000051,vllm:num_requests_running,http,10.130.4.194:8000,vllm-llama,/data/hf/8b_instruction_tuned,fmaas-monitoring,vllm-llama3,openshift-user-workload-monitoring/user-workload,vllm-llama,0.0
2024-07-02 07:41:06.371000051,vllm:num_requests_running,http,10.130.4.194:8000,vllm-llama,/data/hf/8b_instruction_tuned,fmaas-monitoring,vllm-llama3,openshift-user-workload-monitoring/user-workload,vllm-llama,34.0
2024-07-02 07:41:11.371000051,vllm:num_requests_running,http,10.130.4.194:8000,vllm-llama,/data/hf/8b_instruction_tuned,fmaas-monitoring,vllm-llama3,openshift-user-workload-monitoring/user-workload,vllm-llama,0.0
2024-07-02 07:41:16.371000051,vllm:num_requests_running,http,10.130.4.194:8000,vllm-llama,/data/hf/8b_instruction_tuned,fmaas-monitoring,vllm-llama3,openshift-user-workload-monitoring/user-workload,vllm-llama,31.0
2024-07-02 07:41:21.371000051,vllm:num_requests_running,http,10.130.4.194:8000,vllm-llama,/data/hf/8b_instruction_tuned,fmaas-monitoring,vllm-llama3,openshift-user-workload-monitoring/user-workload,vllm-llama,80.0
2024-07-02 07:41:26.371000051,vllm:num_requests_running,http,10.130.4.194:8000,vllm-llama,/data/hf/8b_instruction_tuned,fmaas-monitoring,vllm-llama3,openshift-user-workload-monitoring/user-workload,vllm-llama,30.0
2024-07-02 07:41:31.371000051,vllm:num_requests_running,http,10.130.4.194:8000,vllm-llama,/data/hf/8b_instruction_tuned,fmaas-monitoring,vllm-llama3,openshift-user-workload-monitoring/user-workload,vllm-llama,0.0
2024-07-02 07:41:36.371000051,vllm:num_requests_running,http,10.130.4.194:8000,vllm-llama,/data/hf/8b_instruction_tuned,fmaas-monitoring,vllm-llama3,openshift-user-workload-monitoring/user-workload,vllm-llama,39.0
2024-07-02 07:41:41.371000051,vllm:num_requests_running,http,10.130.4.194:8000,vllm-llama,/data/hf/8b_instruction_tuned,fmaas-monitoring,vllm-llama3,openshift-user-workload-monitoring/user-workload,vllm-llama,0.0
2024-07-02 07:41:46.371000051,vllm:num_requests_running,http,10.130.4.194:8000,vllm-llama,/data/hf/8b_instruction_tuned,fmaas-monitoring,vllm-llama3,openshift-user-workload-monitoring/user-workload,vllm-llama,35.0
2024-07-02 07:41:51.371000051,vllm:num_requests_running,http,10.130.4.194:8000,vllm-llama,/data/hf/8b_instruction_tuned,fmaas-monitoring,vllm-llama3,openshift-user-workload-monitoring/user-workload,vllm-llama,84.0
2024-07-02 07:41:56.371000051,vllm:num_requests_running,http,10.130.4.194:8000,vllm-llama,/data/hf/8b_instruction_tuned,fmaas-monitoring,vllm-llama3,openshift-user-workload-monitoring/user-workload,vllm-llama,21.0
2024-07-02 07:42:01.371000051,vllm:num_requests_running,http,10.130.4.194:8000,vllm-llama,/data/hf/8b_instruction_tuned,fmaas-monitoring,vllm-llama3,openshift-user-workload-monitoring/user-workload,vllm-llama,69.0
2024-07-02 07:42:06.371000051,vllm:num_requests_running,http,10.130.4.194:8000,vllm-llama,/data/hf/8b_instruction_tuned,fmaas-monitoring,vllm-llama3,openshift-user-workload-monitoring/user-workload,vllm-llama,116.0
2024-07-02 07:42:11.371000051,vllm:num_requests_running,http,10.130.4.194:8000,vllm-llama,/data/hf/8b_instruction_tuned,fmaas-monitoring,vllm-llama3,openshift-user-workload-monitoring/user-workload,vllm-llama,169.0
2024-07-02 07:42:16.371000051,vllm:num_requests_running,http,10.130.4.194:8000,vllm-llama,/data/hf/8b_instruction_tuned,fmaas-monitoring,vllm-llama3,openshift-user-workload-monitoring/user-workload,vllm-llama,207.0
2024-07-02 07:42:21.371000051,vllm:num_requests_running,http,10.130.4.194:8000,vllm-llama,/data/hf/8b_instruction_tuned,fmaas-monitoring,vllm-llama3,openshift-user-workload-monitoring/user-workload,vllm-llama,256.0
2024-07-02 07:42:26.371000051,vllm:num_requests_running,http,10.130.4.194:8000,vllm-llama,/data/hf/8b_instruction_tuned,fmaas-monitoring,vllm-llama3,openshift-user-workload-monitoring/user-workload,vllm-llama,194.0
2024-07-02 07:42:31.371000051,vllm:num_requests_running,http,10.130.4.194:8000,vllm-llama,/data/hf/8b_instruction_tuned,fmaas-monitoring,vllm-llama3,openshift-user-workload-monitoring/user-workload,vllm-llama,157.0
2024-07-02 07:42:36.371000051,vllm:num_requests_running,http,10.130.4.194:8000,vllm-llama,/data/hf/8b_instruction_tuned,fmaas-monitoring,vllm-llama3,openshift-user-workload-monitoring/user-workload,vllm-llama,26.0
2024-07-02 07:42:41.371000051,vllm:num_requests_running,http,10.130.4.194:8000,vllm-llama,/data/hf/8b_instruction_tuned,fmaas-monitoring,vllm-llama3,openshift-user-workload-monitoring/user-workload,vllm-llama,70.0
2024-07-02 07:42:46.371000051,vllm:num_requests_running,http,10.130.4.194:8000,vllm-llama,/data/hf/8b_instruction_tuned,fmaas-monitoring,vllm-llama3,openshift-user-workload-monitoring/user-workload,vllm-llama,117.0
2024-07-02 07:42:51.371000051,vllm:num_requests_running,http,10.130.4.194:8000,vllm-llama,/data/hf/8b_instruction_tuned,fmaas-monitoring,vllm-llama3,openshift-user-workload-monitoring/user-workload,vllm-llama,162.0
2024-07-02 07:42:56.371000051,vllm:num_requests_running,http,10.130.4.194:8000,vllm-llama,/data/hf/8b_instruction_tuned,fmaas-monitoring,vllm-llama3,openshift-user-workload-monitoring/user-workload,vllm-llama,100.0
2024-07-02 07:43:01.371000051,vllm:num_requests_running,http,10.130.4.194:8000,vllm-llama,/data/hf/8b_instruction_tuned,fmaas-monitoring,vllm-llama3,openshift-user-workload-monitoring/user-workload,vllm-llama,82.0
2024-07-02 07:43:06.371000051,vllm:num_requests_running,http,10.130.4.194:8000,vllm-llama,/data/hf/8b_instruction_tuned,fmaas-monitoring,vllm-llama3,openshift-user-workload-monitoring/user-workload,vllm-llama,44.0
2024-07-02 07:43:11.371000051,vllm:num_requests_running,http,10.130.4.194:8000,vllm-llama,/data/hf/8b_instruction_tuned,fmaas-monitoring,vllm-llama3,openshift-user-workload-monitoring/user-workload,vllm-llama,83.0
2024-07-02 07:43:16.371000051,vllm:num_requests_running,http,10.130.4.194:8000,vllm-llama,/data/hf/8b_instruction_tuned,fmaas-monitoring,vllm-llama3,openshift-user-workload-monitoring/user-workload,vllm-llama,34.0
2024-07-02 07:43:21.371000051,vllm:num_requests_running,http,10.130.4.194:8000,vllm-llama,/data/hf/8b_instruction_tuned,fmaas-monitoring,vllm-llama3,openshift-user-workload-monitoring/user-workload,vllm-llama,72.0
2024-07-02 07:43:26.371000051,vllm:num_requests_running,http,10.130.4.194:8000,vllm-llama,/data/hf/8b_instruction_tuned,fmaas-monitoring,vllm-llama3,openshift-user-workload-monitoring/user-workload,vllm-llama,22.0
2024-07-02 07:43:31.371000051,vllm:num_requests_running,http,10.130.4.194:8000,vllm-llama,/data/hf/8b_instruction_tuned,fmaas-monitoring,vllm-llama3,openshift-user-workload-monitoring/user-workload,vllm-llama,85.0
2024-07-02 07:43:36.371000051,vllm:num_requests_running,http,10.130.4.194:8000,vllm-llama,/data/hf/8b_instruction_tuned,fmaas-monitoring,vllm-llama3,openshift-user-workload-monitoring/user-workload,vllm-llama,26.0
2024-07-02 07:43:41.371000051,vllm:num_requests_running,http,10.130.4.194:8000,vllm-llama,/data/hf/8b_instruction_tuned,fmaas-monitoring,vllm-llama3,openshift-user-workload-monitoring/user-workload,vllm-llama,78.0
2024-07-02 07:43:46.371000051,vllm:num_requests_running,http,10.130.4.194:8000,vllm-llama,/data/hf/8b_instruction_tuned,fmaas-monitoring,vllm-llama3,openshift-user-workload-monitoring/user-workload,vllm-llama,36.0
2024-07-02 07:43:51.371000051,vllm:num_requests_running,http,10.130.4.194:8000,vllm-llama,/data/hf/8b_instruction_tuned,fmaas-monitoring,vllm-llama3,openshift-user-workload-monitoring/user-workload,vllm-llama,77.0
2024-07-02 07:43:56.371000051,vllm:num_requests_running,http,10.130.4.194:8000,vllm-llama,/data/hf/8b_instruction_tuned,fmaas-monitoring,vllm-llama3,openshift-user-workload-monitoring/user-workload,vllm-llama,26.0
2024-07-02 07:44:01.371000051,vllm:num_requests_running,http,10.130.4.194:8000,vllm-llama,/data/hf/8b_instruction_tuned,fmaas-monitoring,vllm-llama3,openshift-user-workload-monitoring/user-workload,vllm-llama,67.0
2024-07-02 07:44:06.371000051,vllm:num_requests_running,http,10.130.4.194:8000,vllm-llama,/data/hf/8b_instruction_tuned,fmaas-monitoring,vllm-llama3,openshift-user-workload-monitoring/user-workload,vllm-llama,35.0
2024-07-02 07:44:11.371000051,vllm:num_requests_running,http,10.130.4.194:8000,vllm-llama,/data/hf/8b_instruction_tuned,fmaas-monitoring,vllm-llama3,openshift-user-workload-monitoring/user-workload,vllm-llama,0.0
2024-07-02 07:44:16.371000051,vllm:num_requests_running,http,10.130.4.194:8000,vllm-llama,/data/hf/8b_instruction_tuned,fmaas-monitoring,vllm-llama3,openshift-user-workload-monitoring/user-workload,vllm-llama,30.0
2024-07-02 07:44:21.371000051,vllm:num_requests_running,http,10.130.4.194:8000,vllm-llama,/data/hf/8b_instruction_tuned,fmaas-monitoring,vllm-llama3,openshift-user-workload-monitoring/user-workload,vllm-llama,78.0
2024-07-02 07:44:26.371000051,vllm:num_requests_running,http,10.130.4.194:8000,vllm-llama,/data/hf/8b_instruction_tuned,fmaas-monitoring,vllm-llama3,openshift-user-workload-monitoring/user-workload,vllm-llama,20.0
2024-07-02 07:44:31.371000051,vllm:num_requests_running,http,10.130.4.194:8000,vllm-llama,/data/hf/8b_instruction_tuned,fmaas-monitoring,vllm-llama3,openshift-user-workload-monitoring/user-workload,vllm-llama,85.0
2024-07-02 07:44:36.371000051,vllm:num_requests_running,http,10.130.4.194:8000,vllm-llama,/data/hf/8b_instruction_tuned,fmaas-monitoring,vllm-llama3,openshift-user-workload-monitoring/user-workload,vllm-llama,117.0
2024-07-02 07:44:41.371000051,vllm:num_requests_running,http,10.130.4.194:8000,vllm-llama,/data/hf/8b_instruction_tuned,fmaas-monitoring,vllm-llama3,openshift-user-workload-monitoring/user-workload,vllm-llama,65.0
2024-07-02 07:44:46.371000051,vllm:num_requests_running,http,10.130.4.194:8000,vllm-llama,/data/hf/8b_instruction_tuned,fmaas-monitoring,vllm-llama3,openshift-user-workload-monitoring/user-workload,vllm-llama,31.0
2024-07-02 07:44:51.371000051,vllm:num_requests_running,http,10.130.4.194:8000,vllm-llama,/data/hf/8b_instruction_tuned,fmaas-monitoring,vllm-llama3,openshift-user-workload-monitoring/user-workload,vllm-llama,82.0
2024-07-02 07:44:56.371000051,vllm:num_requests_running,http,10.130.4.194:8000,vllm-llama,/data/hf/8b_instruction_tuned,fmaas-monitoring,vllm-llama3,openshift-user-workload-monitoring/user-workload,vllm-llama,115.0
2024-07-02 07:45:01.371000051,vllm:num_requests_running,http,10.130.4.194:8000,vllm-llama,/data/hf/8b_instruction_tuned,fmaas-monitoring,vllm-llama3,openshift-user-workload-monitoring/user-workload,vllm-llama,174.0
2024-07-02 07:45:06.371000051,vllm:num_requests_running,http,10.130.4.194:8000,vllm-llama,/data/hf/8b_instruction_tuned,fmaas-monitoring,vllm-llama3,openshift-user-workload-monitoring/user-workload,vllm-llama,126.0
2024-07-02 07:45:11.371000051,vllm:num_requests_running,http,10.130.4.194:8000,vllm-llama,/data/hf/8b_instruction_tuned,fmaas-monitoring,vllm-llama3,openshift-user-workload-monitoring/user-workload,vllm-llama,173.0
2024-07-02 07:45:16.371000051,vllm:num_requests_running,http,10.130.4.194:8000,vllm-llama,/data/hf/8b_instruction_tuned,fmaas-monitoring,vllm-llama3,openshift-user-workload-monitoring/user-workload,vllm-llama,25.0
2024-07-02 07:45:21.371000051,vllm:num_requests_running,http,10.130.4.194:8000,vllm-llama,/data/hf/8b_instruction_tuned,fmaas-monitoring,vllm-llama3,openshift-user-workload-monitoring/user-workload,vllm-llama,79.0
2024-07-02 07:45:26.371000051,vllm:num_requests_running,http,10.130.4.194:8000,vllm-llama,/data/hf/8b_instruction_tuned,fmaas-monitoring,vllm-llama3,openshift-user-workload-monitoring/user-workload,vllm-llama,25.0
2024-07-02 07:45:31.371000051,vllm:num_requests_running,http,10.130.4.194:8000,vllm-llama,/data/hf/8b_instruction_tuned,fmaas-monitoring,vllm-llama3,openshift-user-workload-monitoring/user-workload,vllm-llama,75.0
2024-07-02 07:45:36.371000051,vllm:num_requests_running,http,10.130.4.194:8000,vllm-llama,/data/hf/8b_instruction_tuned,fmaas-monitoring,vllm-llama3,openshift-user-workload-monitoring/user-workload,vllm-llama,120.0
2024-07-02 07:45:41.372999907,vllm:num_requests_running,http,10.130.4.194:8000,vllm-llama,/data/hf/8b_instruction_tuned,fmaas-monitoring,vllm-llama3,openshift-user-workload-monitoring/user-workload,vllm-llama,154.0
2024-07-02 07:45:46.371000051,vllm:num_requests_running,http,10.130.4.194:8000,vllm-llama,/data/hf/8b_instruction_tuned,fmaas-monitoring,vllm-llama3,openshift-user-workload-monitoring/user-workload,vllm-llama,23.0
2024-07-02 07:45:51.371000051,vllm:num_requests_running,http,10.130.4.194:8000,vllm-llama,/data/hf/8b_instruction_tuned,fmaas-monitoring,vllm-llama3,openshift-user-workload-monitoring/user-workload,vllm-llama,66.0
2024-07-02 07:45:56.371000051,vllm:num_requests_running,http,10.130.4.194:8000,vllm-llama,/data/hf/8b_instruction_tuned,fmaas-monitoring,vllm-llama3,openshift-user-workload-monitoring/user-workload,vllm-llama,25.0
2024-07-02 07:46:01.371000051,vllm:num_requests_running,http,10.130.4.194:8000,vllm-llama,/data/hf/8b_instruction_tuned,fmaas-monitoring,vllm-llama3,openshift-user-workload-monitoring/user-workload,vllm-llama,82.0
2024-07-02 07:46:06.371000051,vllm:num_requests_running,http,10.130.4.194:8000,vllm-llama,/data/hf/8b_instruction_tuned,fmaas-monitoring,vllm-llama3,openshift-user-workload-monitoring/user-workload,vllm-llama,109.0
2024-07-02 07:46:11.371000051,vllm:num_requests_running,http,10.130.4.194:8000,vllm-llama,/data/hf/8b_instruction_tuned,fmaas-monitoring,vllm-llama3,openshift-user-workload-monitoring/user-workload,vllm-llama,67.0
2024-07-02 07:46:16.371000051,vllm:num_requests_running,http,10.130.4.194:8000,vllm-llama,/data/hf/8b_instruction_tuned,fmaas-monitoring,vllm-llama3,openshift-user-workload-monitoring/user-workload,vllm-llama,27.0
2024-07-02 07:46:21.371000051,vllm:num_requests_running,http,10.130.4.194:8000,vllm-llama,/data/hf/8b_instruction_tuned,fmaas-monitoring,vllm-llama3,openshift-user-workload-monitoring/user-workload,vllm-llama,80.0
2024-07-02 07:46:26.371000051,vllm:num_requests_running,http,10.130.4.194:8000,vllm-llama,/data/hf/8b_instruction_tuned,fmaas-monitoring,vllm-llama3,openshift-user-workload-monitoring/user-workload,vllm-llama,21.0
2024-07-02 07:46:31.371000051,vllm:num_requests_running,http,10.130.4.194:8000,vllm-llama,/data/hf/8b_instruction_tuned,fmaas-monitoring,vllm-llama3,openshift-user-workload-monitoring/user-workload,vllm-llama,67.0
2024-07-02 07:46:36.371000051,vllm:num_requests_running,http,10.130.4.194:8000,vllm-llama,/data/hf/8b_instruction_tuned,fmaas-monitoring,vllm-llama3,openshift-user-workload-monitoring/user-workload,vllm-llama,33.0
2024-07-02 07:46:41.371000051,vllm:num_requests_running,http,10.130.4.194:8000,vllm-llama,/data/hf/8b_instruction_tuned,fmaas-monitoring,vllm-llama3,openshift-user-workload-monitoring/user-workload,vllm-llama,85.0
2024-07-02 07:46:46.371000051,vllm:num_requests_running,http,10.130.4.194:8000,vllm-llama,/data/hf/8b_instruction_tuned,fmaas-monitoring,vllm-llama3,openshift-user-workload-monitoring/user-workload,vllm-llama,32.0
2024-07-02 07:46:51.371000051,vllm:num_requests_running,http,10.130.4.194:8000,vllm-llama,/data/hf/8b_instruction_tuned,fmaas-monitoring,vllm-llama3,openshift-user-workload-monitoring/user-workload,vllm-llama,0.0
2024-07-02 07:46:56.371000051,vllm:num_requests_running,http,10.130.4.194:8000,vllm-llama,/data/hf/8b_instruction_tuned,fmaas-monitoring,vllm-llama3,openshift-user-workload-monitoring/user-workload,vllm-llama,25.0
2024-07-02 07:47:01.384000063,vllm:num_requests_running,http,10.130.4.194:8000,vllm-llama,/data/hf/8b_instruction_tuned,fmaas-monitoring,vllm-llama3,openshift-user-workload-monitoring/user-workload,vllm-llama,80.0
2024-07-02 07:47:06.371000051,vllm:num_requests_running,http,10.130.4.194:8000,vllm-llama,/data/hf/8b_instruction_tuned,fmaas-monitoring,vllm-llama3,openshift-user-workload-monitoring/user-workload,vllm-llama,119.0
2024-07-02 07:47:11.371000051,vllm:num_requests_running,http,10.130.4.194:8000,vllm-llama,/data/hf/8b_instruction_tuned,fmaas-monitoring,vllm-llama3,openshift-user-workload-monitoring/user-workload,vllm-llama,167.0
2024-07-02 07:47:16.371000051,vllm:num_requests_running,http,10.130.4.194:8000,vllm-llama,/data/hf/8b_instruction_tuned,fmaas-monitoring,vllm-llama3,openshift-user-workload-monitoring/user-workload,vllm-llama,33.0
2024-07-02 07:47:21.371000051,vllm:num_requests_running,http,10.130.4.194:8000,vllm-llama,/data/hf/8b_instruction_tuned,fmaas-monitoring,vllm-llama3,openshift-user-workload-monitoring/user-workload,vllm-llama,72.0
2024-07-02 07:47:26.371000051,vllm:num_requests_running,http,10.130.4.194:8000,vllm-llama,/data/hf/8b_instruction_tuned,fmaas-monitoring,vllm-llama3,openshift-user-workload-monitoring/user-workload,vllm-llama,28.0
2024-07-02 07:47:31.371000051,vllm:num_requests_running,http,10.130.4.194:8000,vllm-llama,/data/hf/8b_instruction_tuned,fmaas-monitoring,vllm-llama3,openshift-user-workload-monitoring/user-workload,vllm-llama,89.0
2024-07-02 07:47:36.371000051,vllm:num_requests_running,http,10.130.4.194:8000,vllm-llama,/data/hf/8b_instruction_tuned,fmaas-monitoring,vllm-llama3,openshift-user-workload-monitoring/user-workload,vllm-llama,20.0
2024-07-02 07:47:41.371000051,vllm:num_requests_running,http,10.130.4.194:8000,vllm-llama,/data/hf/8b_instruction_tuned,fmaas-monitoring,vllm-llama3,openshift-user-workload-monitoring/user-workload,vllm-llama,72.0
2024-07-02 07:47:46.371000051,vllm:num_requests_running,http,10.130.4.194:8000,vllm-llama,/data/hf/8b_instruction_tuned,fmaas-monitoring,vllm-llama3,openshift-user-workload-monitoring/user-workload,vllm-llama,96.0
2024-07-02 07:47:51.371000051,vllm:num_requests_running,http,10.130.4.194:8000,vllm-llama,/data/hf/8b_instruction_tuned,fmaas-monitoring,vllm-llama3,openshift-user-workload-monitoring/user-workload,vllm-llama,145.0
2024-07-02 07:47:56.371000051,vllm:num_requests_running,http,10.130.4.194:8000,vllm-llama,/data/hf/8b_instruction_tuned,fmaas-monitoring,vllm-llama3,openshift-user-workload-monitoring/user-workload,vllm-llama,94.0
2024-07-02 07:48:01.371000051,vllm:num_requests_running,http,10.130.4.194:8000,vllm-llama,/data/hf/8b_instruction_tuned,fmaas-monitoring,vllm-llama3,openshift-user-workload-monitoring/user-workload,vllm-llama,86.0
2024-07-02 07:48:06.371000051,vllm:num_requests_running,http,10.130.4.194:8000,vllm-llama,/data/hf/8b_instruction_tuned,fmaas-monitoring,vllm-llama3,openshift-user-workload-monitoring/user-workload,vllm-llama,27.0
2024-07-02 07:48:11.371000051,vllm:num_requests_running,http,10.130.4.194:8000,vllm-llama,/data/hf/8b_instruction_tuned,fmaas-monitoring,vllm-llama3,openshift-user-workload-monitoring/user-workload,vllm-llama,81.0
2024-07-02 07:48:16.371000051,vllm:num_requests_running,http,10.130.4.194:8000,vllm-llama,/data/hf/8b_instruction_tuned,fmaas-monitoring,vllm-llama3,openshift-user-workload-monitoring/user-workload,vllm-llama,120.0
2024-07-02 07:48:21.371000051,vllm:num_requests_running,http,10.130.4.194:8000,vllm-llama,/data/hf/8b_instruction_tuned,fmaas-monitoring,vllm-llama3,openshift-user-workload-monitoring/user-workload,vllm-llama,79.0
2024-07-02 07:48:26.371000051,vllm:num_requests_running,http,10.130.4.194:8000,vllm-llama,/data/hf/8b_instruction_tuned,fmaas-monitoring,vllm-llama3,openshift-user-workload-monitoring/user-workload,vllm-llama,30.0
2024-07-02 07:48:31.371000051,vllm:num_requests_running,http,10.130.4.194:8000,vllm-llama,/data/hf/8b_instruction_tuned,fmaas-monitoring,vllm-llama3,openshift-user-workload-monitoring/user-workload,vllm-llama,85.0
2024-07-02 07:48:36.371000051,vllm:num_requests_running,http,10.130.4.194:8000,vllm-llama,/data/hf/8b_instruction_tuned,fmaas-monitoring,vllm-llama3,openshift-user-workload-monitoring/user-workload,vllm-llama,32.0
2024-07-02 07:48:41.371000051,vllm:num_requests_running,http,10.130.4.194:8000,vllm-llama,/data/hf/8b_instruction_tuned,fmaas-monitoring,vllm-llama3,openshift-user-workload-monitoring/user-workload,vllm-llama,0.0
2024-07-02 07:48:46.371000051,vllm:num_requests_running,http,10.130.4.194:8000,vllm-llama,/data/hf/8b_instruction_tuned,fmaas-monitoring,vllm-llama3,openshift-user-workload-monitoring/user-workload,vllm-llama,29.0
2024-07-02 07:48:51.371000051,vllm:num_requests_running,http,10.130.4.194:8000,vllm-llama,/data/hf/8b_instruction_tuned,fmaas-monitoring,vllm-llama3,openshift-user-workload-monitoring/user-workload,vllm-llama,71.0
2024-07-02 07:48:56.371000051,vllm:num_requests_running,http,10.130.4.194:8000,vllm-llama,/data/hf/8b_instruction_tuned,fmaas-monitoring,vllm-llama3,openshift-user-workload-monitoring/user-workload,vllm-llama,22.0
2024-07-02 07:49:01.371000051,vllm:num_requests_running,http,10.130.4.194:8000,vllm-llama,/data/hf/8b_instruction_tuned,fmaas-monitoring,vllm-llama3,openshift-user-workload-monitoring/user-workload,vllm-llama,85.0
2024-07-02 07:49:06.371000051,vllm:num_requests_running,http,10.130.4.194:8000,vllm-llama,/data/hf/8b_instruction_tuned,fmaas-monitoring,vllm-llama3,openshift-user-workload-monitoring/user-workload,vllm-llama,41.0
2024-07-02 07:49:11.381000042,vllm:num_requests_running,http,10.130.4.194:8000,vllm-llama,/data/hf/8b_instruction_tuned,fmaas-monitoring,vllm-llama3,openshift-user-workload-monitoring/user-workload,vllm-llama,0.0
2024-07-02 07:49:16.371000051,vllm:num_requests_running,http,10.130.4.194:8000,vllm-llama,/data/hf/8b_instruction_tuned,fmaas-monitoring,vllm-llama3,openshift-user-workload-monitoring/user-workload,vllm-llama,36.0
2024-07-02 07:49:21.371000051,vllm:num_requests_running,http,10.130.4.194:8000,vllm-llama,/data/hf/8b_instruction_tuned,fmaas-monitoring,vllm-llama3,openshift-user-workload-monitoring/user-workload,vllm-llama,68.0
2024-07-02 07:49:26.371000051,vllm:num_requests_running,http,10.130.4.194:8000,vllm-llama,/data/hf/8b_instruction_tuned,fmaas-monitoring,vllm-llama3,openshift-user-workload-monitoring/user-workload,vllm-llama,29.0
2024-07-02 07:49:31.371000051,vllm:num_requests_running,http,10.130.4.194:8000,vllm-llama,/data/hf/8b_instruction_tuned,fmaas-monitoring,vllm-llama3,openshift-user-workload-monitoring/user-workload,vllm-llama,89.0
2024-07-02 07:49:36.371000051,vllm:num_requests_running,http,10.130.4.194:8000,vllm-llama,/data/hf/8b_instruction_tuned,fmaas-monitoring,vllm-llama3,openshift-user-workload-monitoring/user-workload,vllm-llama,26.0
2024-07-02 07:49:41.371000051,vllm:num_requests_running,http,10.130.4.194:8000,vllm-llama,/data/hf/8b_instruction_tuned,fmaas-monitoring,vllm-llama3,openshift-user-workload-monitoring/user-workload,vllm-llama,0.0
2024-07-02 07:49:46.371000051,vllm:num_requests_running,http,10.130.4.194:8000,vllm-llama,/data/hf/8b_instruction_tuned,fmaas-monitoring,vllm-llama3,openshift-user-workload-monitoring/user-workload,vllm-llama,28.0
2024-07-02 07:49:51.371000051,vllm:num_requests_running,http,10.130.4.194:8000,vllm-llama,/data/hf/8b_instruction_tuned,fmaas-monitoring,vllm-llama3,openshift-user-workload-monitoring/user-workload,vllm-llama,87.0
2024-07-02 07:49:56.371000051,vllm:num_requests_running,http,10.130.4.194:8000,vllm-llama,/data/hf/8b_instruction_tuned,fmaas-monitoring,vllm-llama3,openshift-user-workload-monitoring/user-workload,vllm-llama,27.0
2024-07-02 07:50:01.371000051,vllm:num_requests_running,http,10.130.4.194:8000,vllm-llama,/data/hf/8b_instruction_tuned,fmaas-monitoring,vllm-llama3,openshift-user-workload-monitoring/user-workload,vllm-llama,76.0
2024-07-02 07:50:06.371000051,vllm:num_requests_running,http,10.130.4.194:8000,vllm-llama,/data/hf/8b_instruction_tuned,fmaas-monitoring,vllm-llama3,openshift-user-workload-monitoring/user-workload,vllm-llama,29.0
2024-07-02 07:50:11.371000051,vllm:num_requests_running,http,10.130.4.194:8000,vllm-llama,/data/hf/8b_instruction_tuned,fmaas-monitoring,vllm-llama3,openshift-user-workload-monitoring/user-workload,vllm-llama,80.0
2024-07-02 07:50:16.371000051,vllm:num_requests_running,http,10.130.4.194:8000,vllm-llama,/data/hf/8b_instruction_tuned,fmaas-monitoring,vllm-llama3,openshift-user-workload-monitoring/user-workload,vllm-llama,20.0
2024-07-02 07:50:21.371000051,vllm:num_requests_running,http,10.130.4.194:8000,vllm-llama,/data/hf/8b_instruction_tuned,fmaas-monitoring,vllm-llama3,openshift-user-workload-monitoring/user-workload,vllm-llama,79.0
2024-07-02 07:50:26.371000051,vllm:num_requests_running,http,10.130.4.194:8000,vllm-llama,/data/hf/8b_instruction_tuned,fmaas-monitoring,vllm-llama3,openshift-user-workload-monitoring/user-workload,vllm-llama,122.0
2024-07-02 07:50:31.371000051,vllm:num_requests_running,http,10.130.4.194:8000,vllm-llama,/data/hf/8b_instruction_tuned,fmaas-monitoring,vllm-llama3,openshift-user-workload-monitoring/user-workload,vllm-llama,81.0
2024-07-02 07:50:36.371000051,vllm:num_requests_running,http,10.130.4.194:8000,vllm-llama,/data/hf/8b_instruction_tuned,fmaas-monitoring,vllm-llama3,openshift-user-workload-monitoring/user-workload,vllm-llama,28.0
2024-07-02 07:50:41.371000051,vllm:num_requests_running,http,10.130.4.194:8000,vllm-llama,/data/hf/8b_instruction_tuned,fmaas-monitoring,vllm-llama3,openshift-user-workload-monitoring/user-workload,vllm-llama,79.0
2024-07-02 07:50:46.371000051,vllm:num_requests_running,http,10.130.4.194:8000,vllm-llama,/data/hf/8b_instruction_tuned,fmaas-monitoring,vllm-llama3,openshift-user-workload-monitoring/user-workload,vllm-llama,48.0
2024-07-02 07:50:51.371000051,vllm:num_requests_running,http,10.130.4.194:8000,vllm-llama,/data/hf/8b_instruction_tuned,fmaas-monitoring,vllm-llama3,openshift-user-workload-monitoring/user-workload,vllm-llama,81.0
2024-07-02 07:50:56.371000051,vllm:num_requests_running,http,10.130.4.194:8000,vllm-llama,/data/hf/8b_instruction_tuned,fmaas-monitoring,vllm-llama3,openshift-user-workload-monitoring/user-workload,vllm-llama,35.0
2024-07-02 07:51:01.371000051,vllm:num_requests_running,http,10.130.4.194:8000,vllm-llama,/data/hf/8b_instruction_tuned,fmaas-monitoring,vllm-llama3,openshift-user-workload-monitoring/user-workload,vllm-llama,74.0
2024-07-02 07:51:06.371000051,vllm:num_requests_running,http,10.130.4.194:8000,vllm-llama,/data/hf/8b_instruction_tuned,fmaas-monitoring,vllm-llama3,openshift-user-workload-monitoring/user-workload,vllm-llama,27.0
2024-07-02 07:51:11.371000051,vllm:num_requests_running,http,10.130.4.194:8000,vllm-llama,/data/hf/8b_instruction_tuned,fmaas-monitoring,vllm-llama3,openshift-user-workload-monitoring/user-workload,vllm-llama,73.0
2024-07-02 07:51:16.371000051,vllm:num_requests_running,http,10.130.4.194:8000,vllm-llama,/data/hf/8b_instruction_tuned,fmaas-monitoring,vllm-llama3,openshift-user-workload-monitoring/user-workload,vllm-llama,21.0
2024-07-02 07:51:21.371000051,vllm:num_requests_running,http,10.130.4.194:8000,vllm-llama,/data/hf/8b_instruction_tuned,fmaas-monitoring,vllm-llama3,openshift-user-workload-monitoring/user-workload,vllm-llama,75.0
2024-07-02 07:51:26.371000051,vllm:num_requests_running,http,10.130.4.194:8000,vllm-llama,/data/hf/8b_instruction_tuned,fmaas-monitoring,vllm-llama3,openshift-user-workload-monitoring/user-workload,vllm-llama,117.0
2024-07-02 07:51:31.371000051,vllm:num_requests_running,http,10.130.4.194:8000,vllm-llama,/data/hf/8b_instruction_tuned,fmaas-monitoring,vllm-llama3,openshift-user-workload-monitoring/user-workload,vllm-llama,0.0
2024-07-02 07:51:36.371000051,vllm:num_requests_running,http,10.130.4.194:8000,vllm-llama,/data/hf/8b_instruction_tuned,fmaas-monitoring,vllm-llama3,openshift-user-workload-monitoring/user-workload,vllm-llama,38.0
2024-07-02 07:51:41.371000051,vllm:num_requests_running,http,10.130.4.194:8000,vllm-llama,/data/hf/8b_instruction_tuned,fmaas-monitoring,vllm-llama3,openshift-user-workload-monitoring/user-workload,vllm-llama,84.0
2024-07-02 07:51:46.371000051,vllm:num_requests_running,http,10.130.4.194:8000,vllm-llama,/data/hf/8b_instruction_tuned,fmaas-monitoring,vllm-llama3,openshift-user-workload-monitoring/user-workload,vllm-llama,32.0
2024-07-02 07:51:51.371000051,vllm:num_requests_running,http,10.130.4.194:8000,vllm-llama,/data/hf/8b_instruction_tuned,fmaas-monitoring,vllm-llama3,openshift-user-workload-monitoring/user-workload,vllm-llama,73.0
2024-07-02 07:51:56.371000051,vllm:num_requests_running,http,10.130.4.194:8000,vllm-llama,/data/hf/8b_instruction_tuned,fmaas-monitoring,vllm-llama3,openshift-user-workload-monitoring/user-workload,vllm-llama,23.0
2024-07-02 07:52:01.371000051,vllm:num_requests_running,http,10.130.4.194:8000,vllm-llama,/data/hf/8b_instruction_tuned,fmaas-monitoring,vllm-llama3,openshift-user-workload-monitoring/user-workload,vllm-llama,88.0
2024-07-02 07:52:06.371000051,vllm:num_requests_running,http,10.130.4.194:8000,vllm-llama,/data/hf/8b_instruction_tuned,fmaas-monitoring,vllm-llama3,openshift-user-workload-monitoring/user-workload,vllm-llama,22.0
2024-07-02 07:52:11.371000051,vllm:num_requests_running,http,10.130.4.194:8000,vllm-llama,/data/hf/8b_instruction_tuned,fmaas-monitoring,vllm-llama3,openshift-user-workload-monitoring/user-workload,vllm-llama,70.0
2024-07-02 07:52:16.372999907,vllm:num_requests_running,http,10.130.4.194:8000,vllm-llama,/data/hf/8b_instruction_tuned,fmaas-monitoring,vllm-llama3,openshift-user-workload-monitoring/user-workload,vllm-llama,111.0
2024-07-02 07:52:21.371000051,vllm:num_requests_running,http,10.130.4.194:8000,vllm-llama,/data/hf/8b_instruction_tuned,fmaas-monitoring,vllm-llama3,openshift-user-workload-monitoring/user-workload,vllm-llama,174.0
2024-07-02 07:52:26.371000051,vllm:num_requests_running,http,10.130.4.194:8000,vllm-llama,/data/hf/8b_instruction_tuned,fmaas-monitoring,vllm-llama3,openshift-user-workload-monitoring/user-workload,vllm-llama,194.0
2024-07-02 07:52:31.371000051,vllm:num_requests_running,http,10.130.4.194:8000,vllm-llama,/data/hf/8b_instruction_tuned,fmaas-monitoring,vllm-llama3,openshift-user-workload-monitoring/user-workload,vllm-llama,154.0
2024-07-02 07:52:36.371000051,vllm:num_requests_running,http,10.130.4.194:8000,vllm-llama,/data/hf/8b_instruction_tuned,fmaas-monitoring,vllm-llama3,openshift-user-workload-monitoring/user-workload,vllm-llama,25.0
2024-07-02 07:52:41.371000051,vllm:num_requests_running,http,10.130.4.194:8000,vllm-llama,/data/hf/8b_instruction_tuned,fmaas-monitoring,vllm-llama3,openshift-user-workload-monitoring/user-workload,vllm-llama,80.0
2024-07-02 07:52:46.371000051,vllm:num_requests_running,http,10.130.4.194:8000,vllm-llama,/data/hf/8b_instruction_tuned,fmaas-monitoring,vllm-llama3,openshift-user-workload-monitoring/user-workload,vllm-llama,30.0
2024-07-02 07:52:51.371000051,vllm:num_requests_running,http,10.130.4.194:8000,vllm-llama,/data/hf/8b_instruction_tuned,fmaas-monitoring,vllm-llama3,openshift-user-workload-monitoring/user-workload,vllm-llama,79.0
2024-07-02 07:52:56.371000051,vllm:num_requests_running,http,10.130.4.194:8000,vllm-llama,/data/hf/8b_instruction_tuned,fmaas-monitoring,vllm-llama3,openshift-user-workload-monitoring/user-workload,vllm-llama,22.0
