timestamp,__name__,endpoint,instance,job,kind,namespace,pod,prometheus,service,value
2024-05-20 18:10:31.548000097,tgi_request_count,http,10.128.2.43:3000,tgis-bam,single,fmaas-monitoring,llama3-mig3g-40gb,openshift-user-workload-monitoring/user-workload,tgis-bam,2419.0
2024-05-20 18:10:36.548000097,tgi_request_count,http,10.128.2.43:3000,tgis-bam,single,fmaas-monitoring,llama3-mig3g-40gb,openshift-user-workload-monitoring/user-workload,tgis-bam,2423.0
2024-05-20 18:10:41.548000097,tgi_request_count,http,10.128.2.43:3000,tgis-bam,single,fmaas-monitoring,llama3-mig3g-40gb,openshift-user-workload-monitoring/user-workload,tgis-bam,2440.0
2024-05-20 18:10:46.548000097,tgi_request_count,http,10.128.2.43:3000,tgis-bam,single,fmaas-monitoring,llama3-mig3g-40gb,openshift-user-workload-monitoring/user-workload,tgis-bam,2445.0
2024-05-20 18:10:51.548000097,tgi_request_count,http,10.128.2.43:3000,tgis-bam,single,fmaas-monitoring,llama3-mig3g-40gb,openshift-user-workload-monitoring/user-workload,tgis-bam,2448.0
2024-05-20 18:10:56.548000097,tgi_request_count,http,10.128.2.43:3000,tgis-bam,single,fmaas-monitoring,llama3-mig3g-40gb,openshift-user-workload-monitoring/user-workload,tgis-bam,2452.0
2024-05-20 18:11:01.548000097,tgi_request_count,http,10.128.2.43:3000,tgis-bam,single,fmaas-monitoring,llama3-mig3g-40gb,openshift-user-workload-monitoring/user-workload,tgis-bam,2456.0
2024-05-20 18:11:06.548000097,tgi_request_count,http,10.128.2.43:3000,tgis-bam,single,fmaas-monitoring,llama3-mig3g-40gb,openshift-user-workload-monitoring/user-workload,tgis-bam,2458.0
2024-05-20 18:11:11.548000097,tgi_request_count,http,10.128.2.43:3000,tgis-bam,single,fmaas-monitoring,llama3-mig3g-40gb,openshift-user-workload-monitoring/user-workload,tgis-bam,2458.0
2024-05-20 18:11:16.548000097,tgi_request_count,http,10.128.2.43:3000,tgis-bam,single,fmaas-monitoring,llama3-mig3g-40gb,openshift-user-workload-monitoring/user-workload,tgis-bam,2458.0
2024-05-20 18:11:21.548000097,tgi_request_count,http,10.128.2.43:3000,tgis-bam,single,fmaas-monitoring,llama3-mig3g-40gb,openshift-user-workload-monitoring/user-workload,tgis-bam,2458.0
2024-05-20 18:11:26.548000097,tgi_request_count,http,10.128.2.43:3000,tgis-bam,single,fmaas-monitoring,llama3-mig3g-40gb,openshift-user-workload-monitoring/user-workload,tgis-bam,2458.0
2024-05-20 18:11:31.548000097,tgi_request_count,http,10.128.2.43:3000,tgis-bam,single,fmaas-monitoring,llama3-mig3g-40gb,openshift-user-workload-monitoring/user-workload,tgis-bam,2462.0
2024-05-20 18:11:36.548000097,tgi_request_count,http,10.128.2.43:3000,tgis-bam,single,fmaas-monitoring,llama3-mig3g-40gb,openshift-user-workload-monitoring/user-workload,tgis-bam,2468.0
2024-05-20 18:11:41.548000097,tgi_request_count,http,10.128.2.43:3000,tgis-bam,single,fmaas-monitoring,llama3-mig3g-40gb,openshift-user-workload-monitoring/user-workload,tgis-bam,2473.0
2024-05-20 18:11:46.548000097,tgi_request_count,http,10.128.2.43:3000,tgis-bam,single,fmaas-monitoring,llama3-mig3g-40gb,openshift-user-workload-monitoring/user-workload,tgis-bam,2474.0
2024-05-20 18:11:51.548000097,tgi_request_count,http,10.128.2.43:3000,tgis-bam,single,fmaas-monitoring,llama3-mig3g-40gb,openshift-user-workload-monitoring/user-workload,tgis-bam,2474.0
2024-05-20 18:11:56.548000097,tgi_request_count,http,10.128.2.43:3000,tgis-bam,single,fmaas-monitoring,llama3-mig3g-40gb,openshift-user-workload-monitoring/user-workload,tgis-bam,2481.0
2024-05-20 18:12:01.568000078,tgi_request_count,http,10.128.2.43:3000,tgis-bam,single,fmaas-monitoring,llama3-mig3g-40gb,openshift-user-workload-monitoring/user-workload,tgis-bam,2484.0
2024-05-20 18:12:06.548000097,tgi_request_count,http,10.128.2.43:3000,tgis-bam,single,fmaas-monitoring,llama3-mig3g-40gb,openshift-user-workload-monitoring/user-workload,tgis-bam,2489.0
2024-05-20 18:12:11.548000097,tgi_request_count,http,10.128.2.43:3000,tgis-bam,single,fmaas-monitoring,llama3-mig3g-40gb,openshift-user-workload-monitoring/user-workload,tgis-bam,2491.0
2024-05-20 18:12:16.548000097,tgi_request_count,http,10.128.2.43:3000,tgis-bam,single,fmaas-monitoring,llama3-mig3g-40gb,openshift-user-workload-monitoring/user-workload,tgis-bam,2494.0
2024-05-20 18:12:21.572999954,tgi_request_count,http,10.128.2.43:3000,tgis-bam,single,fmaas-monitoring,llama3-mig3g-40gb,openshift-user-workload-monitoring/user-workload,tgis-bam,2495.0
2024-05-20 18:12:26.548000097,tgi_request_count,http,10.128.2.43:3000,tgis-bam,single,fmaas-monitoring,llama3-mig3g-40gb,openshift-user-workload-monitoring/user-workload,tgis-bam,2495.0
2024-05-20 18:12:31.548000097,tgi_request_count,http,10.128.2.43:3000,tgis-bam,single,fmaas-monitoring,llama3-mig3g-40gb,openshift-user-workload-monitoring/user-workload,tgis-bam,2499.0
2024-05-20 18:12:36.548000097,tgi_request_count,http,10.128.2.43:3000,tgis-bam,single,fmaas-monitoring,llama3-mig3g-40gb,openshift-user-workload-monitoring/user-workload,tgis-bam,2504.0
2024-05-20 18:12:41.548000097,tgi_request_count,http,10.128.2.43:3000,tgis-bam,single,fmaas-monitoring,llama3-mig3g-40gb,openshift-user-workload-monitoring/user-workload,tgis-bam,2510.0
2024-05-20 18:12:46.548000097,tgi_request_count,http,10.128.2.43:3000,tgis-bam,single,fmaas-monitoring,llama3-mig3g-40gb,openshift-user-workload-monitoring/user-workload,tgis-bam,2514.0
2024-05-20 18:12:51.548000097,tgi_request_count,http,10.128.2.43:3000,tgis-bam,single,fmaas-monitoring,llama3-mig3g-40gb,openshift-user-workload-monitoring/user-workload,tgis-bam,2519.0
2024-05-20 18:12:56.548000097,tgi_request_count,http,10.128.2.43:3000,tgis-bam,single,fmaas-monitoring,llama3-mig3g-40gb,openshift-user-workload-monitoring/user-workload,tgis-bam,2527.0
2024-05-20 18:13:01.548000097,tgi_request_count,http,10.128.2.43:3000,tgis-bam,single,fmaas-monitoring,llama3-mig3g-40gb,openshift-user-workload-monitoring/user-workload,tgis-bam,2537.0
2024-05-20 18:13:06.548000097,tgi_request_count,http,10.128.2.43:3000,tgis-bam,single,fmaas-monitoring,llama3-mig3g-40gb,openshift-user-workload-monitoring/user-workload,tgis-bam,2537.0
2024-05-20 18:13:11.548000097,tgi_request_count,http,10.128.2.43:3000,tgis-bam,single,fmaas-monitoring,llama3-mig3g-40gb,openshift-user-workload-monitoring/user-workload,tgis-bam,2537.0
2024-05-20 18:13:16.548000097,tgi_request_count,http,10.128.2.43:3000,tgis-bam,single,fmaas-monitoring,llama3-mig3g-40gb,openshift-user-workload-monitoring/user-workload,tgis-bam,2537.0
2024-05-20 18:13:21.548000097,tgi_request_count,http,10.128.2.43:3000,tgis-bam,single,fmaas-monitoring,llama3-mig3g-40gb,openshift-user-workload-monitoring/user-workload,tgis-bam,2537.0
2024-05-20 18:13:26.548000097,tgi_request_count,http,10.128.2.43:3000,tgis-bam,single,fmaas-monitoring,llama3-mig3g-40gb,openshift-user-workload-monitoring/user-workload,tgis-bam,2537.0
2024-05-20 18:13:31.548000097,tgi_request_count,http,10.128.2.43:3000,tgis-bam,single,fmaas-monitoring,llama3-mig3g-40gb,openshift-user-workload-monitoring/user-workload,tgis-bam,2538.0
2024-05-20 18:13:36.548000097,tgi_request_count,http,10.128.2.43:3000,tgis-bam,single,fmaas-monitoring,llama3-mig3g-40gb,openshift-user-workload-monitoring/user-workload,tgis-bam,2555.0
2024-05-20 18:13:41.548000097,tgi_request_count,http,10.128.2.43:3000,tgis-bam,single,fmaas-monitoring,llama3-mig3g-40gb,openshift-user-workload-monitoring/user-workload,tgis-bam,2555.0
2024-05-20 18:13:46.548000097,tgi_request_count,http,10.128.2.43:3000,tgis-bam,single,fmaas-monitoring,llama3-mig3g-40gb,openshift-user-workload-monitoring/user-workload,tgis-bam,2562.0
2024-05-20 18:13:51.548000097,tgi_request_count,http,10.128.2.43:3000,tgis-bam,single,fmaas-monitoring,llama3-mig3g-40gb,openshift-user-workload-monitoring/user-workload,tgis-bam,2563.0
2024-05-20 18:13:56.548000097,tgi_request_count,http,10.128.2.43:3000,tgis-bam,single,fmaas-monitoring,llama3-mig3g-40gb,openshift-user-workload-monitoring/user-workload,tgis-bam,2573.0
2024-05-20 18:14:01.548000097,tgi_request_count,http,10.128.2.43:3000,tgis-bam,single,fmaas-monitoring,llama3-mig3g-40gb,openshift-user-workload-monitoring/user-workload,tgis-bam,2577.0
2024-05-20 18:14:06.548000097,tgi_request_count,http,10.128.2.43:3000,tgis-bam,single,fmaas-monitoring,llama3-mig3g-40gb,openshift-user-workload-monitoring/user-workload,tgis-bam,2580.0
2024-05-20 18:14:11.548000097,tgi_request_count,http,10.128.2.43:3000,tgis-bam,single,fmaas-monitoring,llama3-mig3g-40gb,openshift-user-workload-monitoring/user-workload,tgis-bam,2583.0
2024-05-20 18:14:16.548000097,tgi_request_count,http,10.128.2.43:3000,tgis-bam,single,fmaas-monitoring,llama3-mig3g-40gb,openshift-user-workload-monitoring/user-workload,tgis-bam,2583.0
2024-05-20 18:14:21.599999905,tgi_request_count,http,10.128.2.43:3000,tgis-bam,single,fmaas-monitoring,llama3-mig3g-40gb,openshift-user-workload-monitoring/user-workload,tgis-bam,2583.0
2024-05-20 18:14:26.548000097,tgi_request_count,http,10.128.2.43:3000,tgis-bam,single,fmaas-monitoring,llama3-mig3g-40gb,openshift-user-workload-monitoring/user-workload,tgis-bam,2583.0
2024-05-20 18:14:31.548000097,tgi_request_count,http,10.128.2.43:3000,tgis-bam,single,fmaas-monitoring,llama3-mig3g-40gb,openshift-user-workload-monitoring/user-workload,tgis-bam,2584.0
2024-05-20 18:14:36.548000097,tgi_request_count,http,10.128.2.43:3000,tgis-bam,single,fmaas-monitoring,llama3-mig3g-40gb,openshift-user-workload-monitoring/user-workload,tgis-bam,2587.0
2024-05-20 18:14:41.548000097,tgi_request_count,http,10.128.2.43:3000,tgis-bam,single,fmaas-monitoring,llama3-mig3g-40gb,openshift-user-workload-monitoring/user-workload,tgis-bam,2596.0
2024-05-20 18:14:46.548000097,tgi_request_count,http,10.128.2.43:3000,tgis-bam,single,fmaas-monitoring,llama3-mig3g-40gb,openshift-user-workload-monitoring/user-workload,tgis-bam,2604.0
2024-05-20 18:14:51.548000097,tgi_request_count,http,10.128.2.43:3000,tgis-bam,single,fmaas-monitoring,llama3-mig3g-40gb,openshift-user-workload-monitoring/user-workload,tgis-bam,2611.0
2024-05-20 18:14:56.548000097,tgi_request_count,http,10.128.2.43:3000,tgis-bam,single,fmaas-monitoring,llama3-mig3g-40gb,openshift-user-workload-monitoring/user-workload,tgis-bam,2618.0
2024-05-20 18:15:01.548000097,tgi_request_count,http,10.128.2.43:3000,tgis-bam,single,fmaas-monitoring,llama3-mig3g-40gb,openshift-user-workload-monitoring/user-workload,tgis-bam,2630.0
2024-05-20 18:15:06.548000097,tgi_request_count,http,10.128.2.43:3000,tgis-bam,single,fmaas-monitoring,llama3-mig3g-40gb,openshift-user-workload-monitoring/user-workload,tgis-bam,2630.0
2024-05-20 18:15:11.548000097,tgi_request_count,http,10.128.2.43:3000,tgis-bam,single,fmaas-monitoring,llama3-mig3g-40gb,openshift-user-workload-monitoring/user-workload,tgis-bam,2630.0
2024-05-20 18:15:16.548000097,tgi_request_count,http,10.128.2.43:3000,tgis-bam,single,fmaas-monitoring,llama3-mig3g-40gb,openshift-user-workload-monitoring/user-workload,tgis-bam,2630.0
2024-05-20 18:15:21.548000097,tgi_request_count,http,10.128.2.43:3000,tgis-bam,single,fmaas-monitoring,llama3-mig3g-40gb,openshift-user-workload-monitoring/user-workload,tgis-bam,2630.0
2024-05-20 18:15:26.548000097,tgi_request_count,http,10.128.2.43:3000,tgis-bam,single,fmaas-monitoring,llama3-mig3g-40gb,openshift-user-workload-monitoring/user-workload,tgis-bam,2630.0
2024-05-20 18:15:31.548000097,tgi_request_count,http,10.128.2.43:3000,tgis-bam,single,fmaas-monitoring,llama3-mig3g-40gb,openshift-user-workload-monitoring/user-workload,tgis-bam,2634.0
2024-05-20 18:15:36.548000097,tgi_request_count,http,10.128.2.43:3000,tgis-bam,single,fmaas-monitoring,llama3-mig3g-40gb,openshift-user-workload-monitoring/user-workload,tgis-bam,2643.0
2024-05-20 18:15:41.548000097,tgi_request_count,http,10.128.2.43:3000,tgis-bam,single,fmaas-monitoring,llama3-mig3g-40gb,openshift-user-workload-monitoring/user-workload,tgis-bam,2650.0
2024-05-20 18:15:46.548000097,tgi_request_count,http,10.128.2.43:3000,tgis-bam,single,fmaas-monitoring,llama3-mig3g-40gb,openshift-user-workload-monitoring/user-workload,tgis-bam,2653.0
2024-05-20 18:15:51.548000097,tgi_request_count,http,10.128.2.43:3000,tgis-bam,single,fmaas-monitoring,llama3-mig3g-40gb,openshift-user-workload-monitoring/user-workload,tgis-bam,2655.0
2024-05-20 18:15:56.548000097,tgi_request_count,http,10.128.2.43:3000,tgis-bam,single,fmaas-monitoring,llama3-mig3g-40gb,openshift-user-workload-monitoring/user-workload,tgis-bam,2659.0
2024-05-20 18:16:01.548000097,tgi_request_count,http,10.128.2.43:3000,tgis-bam,single,fmaas-monitoring,llama3-mig3g-40gb,openshift-user-workload-monitoring/user-workload,tgis-bam,2665.0
2024-05-20 18:16:06.548000097,tgi_request_count,http,10.128.2.43:3000,tgis-bam,single,fmaas-monitoring,llama3-mig3g-40gb,openshift-user-workload-monitoring/user-workload,tgis-bam,2667.0
2024-05-20 18:16:11.548000097,tgi_request_count,http,10.128.2.43:3000,tgis-bam,single,fmaas-monitoring,llama3-mig3g-40gb,openshift-user-workload-monitoring/user-workload,tgis-bam,2667.0
2024-05-20 18:16:16.548000097,tgi_request_count,http,10.128.2.43:3000,tgis-bam,single,fmaas-monitoring,llama3-mig3g-40gb,openshift-user-workload-monitoring/user-workload,tgis-bam,2667.0
2024-05-20 18:16:21.548000097,tgi_request_count,http,10.128.2.43:3000,tgis-bam,single,fmaas-monitoring,llama3-mig3g-40gb,openshift-user-workload-monitoring/user-workload,tgis-bam,2667.0
2024-05-20 18:16:26.548000097,tgi_request_count,http,10.128.2.43:3000,tgis-bam,single,fmaas-monitoring,llama3-mig3g-40gb,openshift-user-workload-monitoring/user-workload,tgis-bam,2667.0
2024-05-20 18:16:31.548000097,tgi_request_count,http,10.128.2.43:3000,tgis-bam,single,fmaas-monitoring,llama3-mig3g-40gb,openshift-user-workload-monitoring/user-workload,tgis-bam,2669.0
2024-05-20 18:16:36.548000097,tgi_request_count,http,10.128.2.43:3000,tgis-bam,single,fmaas-monitoring,llama3-mig3g-40gb,openshift-user-workload-monitoring/user-workload,tgis-bam,2673.0
2024-05-20 18:16:41.548000097,tgi_request_count,http,10.128.2.43:3000,tgis-bam,single,fmaas-monitoring,llama3-mig3g-40gb,openshift-user-workload-monitoring/user-workload,tgis-bam,2675.0
2024-05-20 18:16:46.548000097,tgi_request_count,http,10.128.2.43:3000,tgis-bam,single,fmaas-monitoring,llama3-mig3g-40gb,openshift-user-workload-monitoring/user-workload,tgis-bam,2677.0
2024-05-20 18:16:51.548000097,tgi_request_count,http,10.128.2.43:3000,tgis-bam,single,fmaas-monitoring,llama3-mig3g-40gb,openshift-user-workload-monitoring/user-workload,tgis-bam,2682.0
2024-05-20 18:16:56.548000097,tgi_request_count,http,10.128.2.43:3000,tgis-bam,single,fmaas-monitoring,llama3-mig3g-40gb,openshift-user-workload-monitoring/user-workload,tgis-bam,2692.0
2024-05-20 18:17:01.548000097,tgi_request_count,http,10.128.2.43:3000,tgis-bam,single,fmaas-monitoring,llama3-mig3g-40gb,openshift-user-workload-monitoring/user-workload,tgis-bam,2702.0
2024-05-20 18:17:06.548000097,tgi_request_count,http,10.128.2.43:3000,tgis-bam,single,fmaas-monitoring,llama3-mig3g-40gb,openshift-user-workload-monitoring/user-workload,tgis-bam,2703.0
2024-05-20 18:17:11.548000097,tgi_request_count,http,10.128.2.43:3000,tgis-bam,single,fmaas-monitoring,llama3-mig3g-40gb,openshift-user-workload-monitoring/user-workload,tgis-bam,2708.0
2024-05-20 18:17:16.559999943,tgi_request_count,http,10.128.2.43:3000,tgis-bam,single,fmaas-monitoring,llama3-mig3g-40gb,openshift-user-workload-monitoring/user-workload,tgis-bam,2709.0
2024-05-20 18:17:21.548000097,tgi_request_count,http,10.128.2.43:3000,tgis-bam,single,fmaas-monitoring,llama3-mig3g-40gb,openshift-user-workload-monitoring/user-workload,tgis-bam,2709.0
2024-05-20 18:17:26.548000097,tgi_request_count,http,10.128.2.43:3000,tgis-bam,single,fmaas-monitoring,llama3-mig3g-40gb,openshift-user-workload-monitoring/user-workload,tgis-bam,2709.0
2024-05-20 18:17:31.548000097,tgi_request_count,http,10.128.2.43:3000,tgis-bam,single,fmaas-monitoring,llama3-mig3g-40gb,openshift-user-workload-monitoring/user-workload,tgis-bam,2711.0
2024-05-20 18:17:36.548000097,tgi_request_count,http,10.128.2.43:3000,tgis-bam,single,fmaas-monitoring,llama3-mig3g-40gb,openshift-user-workload-monitoring/user-workload,tgis-bam,2714.0
2024-05-20 18:17:41.548000097,tgi_request_count,http,10.128.2.43:3000,tgis-bam,single,fmaas-monitoring,llama3-mig3g-40gb,openshift-user-workload-monitoring/user-workload,tgis-bam,2720.0
2024-05-20 18:17:46.548000097,tgi_request_count,http,10.128.2.43:3000,tgis-bam,single,fmaas-monitoring,llama3-mig3g-40gb,openshift-user-workload-monitoring/user-workload,tgis-bam,2723.0
2024-05-20 18:17:51.548000097,tgi_request_count,http,10.128.2.43:3000,tgis-bam,single,fmaas-monitoring,llama3-mig3g-40gb,openshift-user-workload-monitoring/user-workload,tgis-bam,2731.0
2024-05-20 18:17:56.548000097,tgi_request_count,http,10.128.2.43:3000,tgis-bam,single,fmaas-monitoring,llama3-mig3g-40gb,openshift-user-workload-monitoring/user-workload,tgis-bam,2739.0
2024-05-20 18:18:01.548000097,tgi_request_count,http,10.128.2.43:3000,tgis-bam,single,fmaas-monitoring,llama3-mig3g-40gb,openshift-user-workload-monitoring/user-workload,tgis-bam,2740.0
2024-05-20 18:18:06.548000097,tgi_request_count,http,10.128.2.43:3000,tgis-bam,single,fmaas-monitoring,llama3-mig3g-40gb,openshift-user-workload-monitoring/user-workload,tgis-bam,2740.0
2024-05-20 18:18:11.548000097,tgi_request_count,http,10.128.2.43:3000,tgis-bam,single,fmaas-monitoring,llama3-mig3g-40gb,openshift-user-workload-monitoring/user-workload,tgis-bam,2746.0
2024-05-20 18:18:16.548000097,tgi_request_count,http,10.128.2.43:3000,tgis-bam,single,fmaas-monitoring,llama3-mig3g-40gb,openshift-user-workload-monitoring/user-workload,tgis-bam,2748.0
2024-05-20 18:18:21.548000097,tgi_request_count,http,10.128.2.43:3000,tgis-bam,single,fmaas-monitoring,llama3-mig3g-40gb,openshift-user-workload-monitoring/user-workload,tgis-bam,2748.0
2024-05-20 18:18:26.548000097,tgi_request_count,http,10.128.2.43:3000,tgis-bam,single,fmaas-monitoring,llama3-mig3g-40gb,openshift-user-workload-monitoring/user-workload,tgis-bam,2748.0
2024-05-20 18:18:31.548000097,tgi_request_count,http,10.128.2.43:3000,tgis-bam,single,fmaas-monitoring,llama3-mig3g-40gb,openshift-user-workload-monitoring/user-workload,tgis-bam,2749.0
2024-05-20 18:18:36.548000097,tgi_request_count,http,10.128.2.43:3000,tgis-bam,single,fmaas-monitoring,llama3-mig3g-40gb,openshift-user-workload-monitoring/user-workload,tgis-bam,2752.0
2024-05-20 18:18:41.548000097,tgi_request_count,http,10.128.2.43:3000,tgis-bam,single,fmaas-monitoring,llama3-mig3g-40gb,openshift-user-workload-monitoring/user-workload,tgis-bam,2755.0
2024-05-20 18:18:46.548000097,tgi_request_count,http,10.128.2.43:3000,tgis-bam,single,fmaas-monitoring,llama3-mig3g-40gb,openshift-user-workload-monitoring/user-workload,tgis-bam,2766.0
2024-05-20 18:18:51.548000097,tgi_request_count,http,10.128.2.43:3000,tgis-bam,single,fmaas-monitoring,llama3-mig3g-40gb,openshift-user-workload-monitoring/user-workload,tgis-bam,2770.0
2024-05-20 18:18:56.548000097,tgi_request_count,http,10.128.2.43:3000,tgis-bam,single,fmaas-monitoring,llama3-mig3g-40gb,openshift-user-workload-monitoring/user-workload,tgis-bam,2772.0
2024-05-20 18:19:01.548000097,tgi_request_count,http,10.128.2.43:3000,tgis-bam,single,fmaas-monitoring,llama3-mig3g-40gb,openshift-user-workload-monitoring/user-workload,tgis-bam,2773.0
2024-05-20 18:19:06.548000097,tgi_request_count,http,10.128.2.43:3000,tgis-bam,single,fmaas-monitoring,llama3-mig3g-40gb,openshift-user-workload-monitoring/user-workload,tgis-bam,2775.0
2024-05-20 18:19:11.548000097,tgi_request_count,http,10.128.2.43:3000,tgis-bam,single,fmaas-monitoring,llama3-mig3g-40gb,openshift-user-workload-monitoring/user-workload,tgis-bam,2777.0
2024-05-20 18:19:16.548000097,tgi_request_count,http,10.128.2.43:3000,tgis-bam,single,fmaas-monitoring,llama3-mig3g-40gb,openshift-user-workload-monitoring/user-workload,tgis-bam,2784.0
2024-05-20 18:19:21.548000097,tgi_request_count,http,10.128.2.43:3000,tgis-bam,single,fmaas-monitoring,llama3-mig3g-40gb,openshift-user-workload-monitoring/user-workload,tgis-bam,2786.0
2024-05-20 18:19:26.548000097,tgi_request_count,http,10.128.2.43:3000,tgis-bam,single,fmaas-monitoring,llama3-mig3g-40gb,openshift-user-workload-monitoring/user-workload,tgis-bam,2791.0
2024-05-20 18:19:31.548000097,tgi_request_count,http,10.128.2.43:3000,tgis-bam,single,fmaas-monitoring,llama3-mig3g-40gb,openshift-user-workload-monitoring/user-workload,tgis-bam,2797.0
2024-05-20 18:19:36.548000097,tgi_request_count,http,10.128.2.43:3000,tgis-bam,single,fmaas-monitoring,llama3-mig3g-40gb,openshift-user-workload-monitoring/user-workload,tgis-bam,2803.0
2024-05-20 18:19:41.548000097,tgi_request_count,http,10.128.2.43:3000,tgis-bam,single,fmaas-monitoring,llama3-mig3g-40gb,openshift-user-workload-monitoring/user-workload,tgis-bam,2805.0
2024-05-20 18:19:46.548000097,tgi_request_count,http,10.128.2.43:3000,tgis-bam,single,fmaas-monitoring,llama3-mig3g-40gb,openshift-user-workload-monitoring/user-workload,tgis-bam,2807.0
2024-05-20 18:19:51.548000097,tgi_request_count,http,10.128.2.43:3000,tgis-bam,single,fmaas-monitoring,llama3-mig3g-40gb,openshift-user-workload-monitoring/user-workload,tgis-bam,2810.0
2024-05-20 18:19:56.548000097,tgi_request_count,http,10.128.2.43:3000,tgis-bam,single,fmaas-monitoring,llama3-mig3g-40gb,openshift-user-workload-monitoring/user-workload,tgis-bam,2812.0
2024-05-20 18:20:01.548000097,tgi_request_count,http,10.128.2.43:3000,tgis-bam,single,fmaas-monitoring,llama3-mig3g-40gb,openshift-user-workload-monitoring/user-workload,tgis-bam,2816.0
2024-05-20 18:20:06.548000097,tgi_request_count,http,10.128.2.43:3000,tgis-bam,single,fmaas-monitoring,llama3-mig3g-40gb,openshift-user-workload-monitoring/user-workload,tgis-bam,2821.0
2024-05-20 18:20:11.548000097,tgi_request_count,http,10.128.2.43:3000,tgis-bam,single,fmaas-monitoring,llama3-mig3g-40gb,openshift-user-workload-monitoring/user-workload,tgis-bam,2824.0
2024-05-20 18:20:16.548000097,tgi_request_count,http,10.128.2.43:3000,tgis-bam,single,fmaas-monitoring,llama3-mig3g-40gb,openshift-user-workload-monitoring/user-workload,tgis-bam,2830.0
2024-05-20 18:20:21.548000097,tgi_request_count,http,10.128.2.43:3000,tgis-bam,single,fmaas-monitoring,llama3-mig3g-40gb,openshift-user-workload-monitoring/user-workload,tgis-bam,2832.0
2024-05-20 18:20:26.548000097,tgi_request_count,http,10.128.2.43:3000,tgis-bam,single,fmaas-monitoring,llama3-mig3g-40gb,openshift-user-workload-monitoring/user-workload,tgis-bam,2832.0
2024-05-20 18:20:31.548000097,tgi_request_count,http,10.128.2.43:3000,tgis-bam,single,fmaas-monitoring,llama3-mig3g-40gb,openshift-user-workload-monitoring/user-workload,tgis-bam,2835.0
2024-05-20 18:20:36.548000097,tgi_request_count,http,10.128.2.43:3000,tgis-bam,single,fmaas-monitoring,llama3-mig3g-40gb,openshift-user-workload-monitoring/user-workload,tgis-bam,2838.0
2024-05-20 18:20:41.548000097,tgi_request_count,http,10.128.2.43:3000,tgis-bam,single,fmaas-monitoring,llama3-mig3g-40gb,openshift-user-workload-monitoring/user-workload,tgis-bam,2843.0
2024-05-20 18:20:46.548000097,tgi_request_count,http,10.128.2.43:3000,tgis-bam,single,fmaas-monitoring,llama3-mig3g-40gb,openshift-user-workload-monitoring/user-workload,tgis-bam,2849.0
2024-05-20 18:20:51.548000097,tgi_request_count,http,10.128.2.43:3000,tgis-bam,single,fmaas-monitoring,llama3-mig3g-40gb,openshift-user-workload-monitoring/user-workload,tgis-bam,2855.0
2024-05-20 18:20:56.548000097,tgi_request_count,http,10.128.2.43:3000,tgis-bam,single,fmaas-monitoring,llama3-mig3g-40gb,openshift-user-workload-monitoring/user-workload,tgis-bam,2860.0
2024-05-20 18:21:01.548000097,tgi_request_count,http,10.128.2.43:3000,tgis-bam,single,fmaas-monitoring,llama3-mig3g-40gb,openshift-user-workload-monitoring/user-workload,tgis-bam,2867.0
2024-05-20 18:21:06.548000097,tgi_request_count,http,10.128.2.43:3000,tgis-bam,single,fmaas-monitoring,llama3-mig3g-40gb,openshift-user-workload-monitoring/user-workload,tgis-bam,2870.0
2024-05-20 18:21:11.548000097,tgi_request_count,http,10.128.2.43:3000,tgis-bam,single,fmaas-monitoring,llama3-mig3g-40gb,openshift-user-workload-monitoring/user-workload,tgis-bam,2874.0
2024-05-20 18:21:16.548000097,tgi_request_count,http,10.128.2.43:3000,tgis-bam,single,fmaas-monitoring,llama3-mig3g-40gb,openshift-user-workload-monitoring/user-workload,tgis-bam,2874.0
2024-05-20 18:21:21.548000097,tgi_request_count,http,10.128.2.43:3000,tgis-bam,single,fmaas-monitoring,llama3-mig3g-40gb,openshift-user-workload-monitoring/user-workload,tgis-bam,2874.0
2024-05-20 18:21:26.548000097,tgi_request_count,http,10.128.2.43:3000,tgis-bam,single,fmaas-monitoring,llama3-mig3g-40gb,openshift-user-workload-monitoring/user-workload,tgis-bam,2874.0
2024-05-20 18:21:31.549999952,tgi_request_count,http,10.128.2.43:3000,tgis-bam,single,fmaas-monitoring,llama3-mig3g-40gb,openshift-user-workload-monitoring/user-workload,tgis-bam,2876.0
2024-05-20 18:21:36.556999922,tgi_request_count,http,10.128.2.43:3000,tgis-bam,single,fmaas-monitoring,llama3-mig3g-40gb,openshift-user-workload-monitoring/user-workload,tgis-bam,2879.0
2024-05-20 18:21:41.548000097,tgi_request_count,http,10.128.2.43:3000,tgis-bam,single,fmaas-monitoring,llama3-mig3g-40gb,openshift-user-workload-monitoring/user-workload,tgis-bam,2885.0
2024-05-20 18:21:46.548000097,tgi_request_count,http,10.128.2.43:3000,tgis-bam,single,fmaas-monitoring,llama3-mig3g-40gb,openshift-user-workload-monitoring/user-workload,tgis-bam,2892.0
2024-05-20 18:21:51.548000097,tgi_request_count,http,10.128.2.43:3000,tgis-bam,single,fmaas-monitoring,llama3-mig3g-40gb,openshift-user-workload-monitoring/user-workload,tgis-bam,2898.0
2024-05-20 18:21:56.548000097,tgi_request_count,http,10.128.2.43:3000,tgis-bam,single,fmaas-monitoring,llama3-mig3g-40gb,openshift-user-workload-monitoring/user-workload,tgis-bam,2909.0
2024-05-20 18:22:01.548000097,tgi_request_count,http,10.128.2.43:3000,tgis-bam,single,fmaas-monitoring,llama3-mig3g-40gb,openshift-user-workload-monitoring/user-workload,tgis-bam,2911.0
2024-05-20 18:22:06.548000097,tgi_request_count,http,10.128.2.43:3000,tgis-bam,single,fmaas-monitoring,llama3-mig3g-40gb,openshift-user-workload-monitoring/user-workload,tgis-bam,2912.0
2024-05-20 18:22:11.548000097,tgi_request_count,http,10.128.2.43:3000,tgis-bam,single,fmaas-monitoring,llama3-mig3g-40gb,openshift-user-workload-monitoring/user-workload,tgis-bam,2912.0
2024-05-20 18:22:16.548000097,tgi_request_count,http,10.128.2.43:3000,tgis-bam,single,fmaas-monitoring,llama3-mig3g-40gb,openshift-user-workload-monitoring/user-workload,tgis-bam,2912.0
2024-05-20 18:22:21.548000097,tgi_request_count,http,10.128.2.43:3000,tgis-bam,single,fmaas-monitoring,llama3-mig3g-40gb,openshift-user-workload-monitoring/user-workload,tgis-bam,2912.0
2024-05-20 18:22:26.548000097,tgi_request_count,http,10.128.2.43:3000,tgis-bam,single,fmaas-monitoring,llama3-mig3g-40gb,openshift-user-workload-monitoring/user-workload,tgis-bam,2912.0
2024-05-20 18:22:31.548000097,tgi_request_count,http,10.128.2.43:3000,tgis-bam,single,fmaas-monitoring,llama3-mig3g-40gb,openshift-user-workload-monitoring/user-workload,tgis-bam,2913.0
2024-05-20 18:22:36.548000097,tgi_request_count,http,10.128.2.43:3000,tgis-bam,single,fmaas-monitoring,llama3-mig3g-40gb,openshift-user-workload-monitoring/user-workload,tgis-bam,2921.0
2024-05-20 18:22:41.548000097,tgi_request_count,http,10.128.2.43:3000,tgis-bam,single,fmaas-monitoring,llama3-mig3g-40gb,openshift-user-workload-monitoring/user-workload,tgis-bam,2930.0
2024-05-20 18:22:46.548000097,tgi_request_count,http,10.128.2.43:3000,tgis-bam,single,fmaas-monitoring,llama3-mig3g-40gb,openshift-user-workload-monitoring/user-workload,tgis-bam,2935.0
2024-05-20 18:22:51.548000097,tgi_request_count,http,10.128.2.43:3000,tgis-bam,single,fmaas-monitoring,llama3-mig3g-40gb,openshift-user-workload-monitoring/user-workload,tgis-bam,2938.0
2024-05-20 18:22:56.548000097,tgi_request_count,http,10.128.2.43:3000,tgis-bam,single,fmaas-monitoring,llama3-mig3g-40gb,openshift-user-workload-monitoring/user-workload,tgis-bam,2944.0
2024-05-20 18:23:01.548000097,tgi_request_count,http,10.128.2.43:3000,tgis-bam,single,fmaas-monitoring,llama3-mig3g-40gb,openshift-user-workload-monitoring/user-workload,tgis-bam,2949.0
2024-05-20 18:23:06.548000097,tgi_request_count,http,10.128.2.43:3000,tgis-bam,single,fmaas-monitoring,llama3-mig3g-40gb,openshift-user-workload-monitoring/user-workload,tgis-bam,2952.0
2024-05-20 18:23:11.548000097,tgi_request_count,http,10.128.2.43:3000,tgis-bam,single,fmaas-monitoring,llama3-mig3g-40gb,openshift-user-workload-monitoring/user-workload,tgis-bam,2952.0
2024-05-20 18:23:16.548000097,tgi_request_count,http,10.128.2.43:3000,tgis-bam,single,fmaas-monitoring,llama3-mig3g-40gb,openshift-user-workload-monitoring/user-workload,tgis-bam,2952.0
2024-05-20 18:23:21.548000097,tgi_request_count,http,10.128.2.43:3000,tgis-bam,single,fmaas-monitoring,llama3-mig3g-40gb,openshift-user-workload-monitoring/user-workload,tgis-bam,2952.0
2024-05-20 18:23:26.548000097,tgi_request_count,http,10.128.2.43:3000,tgis-bam,single,fmaas-monitoring,llama3-mig3g-40gb,openshift-user-workload-monitoring/user-workload,tgis-bam,2952.0
2024-05-20 18:23:31.548000097,tgi_request_count,http,10.128.2.43:3000,tgis-bam,single,fmaas-monitoring,llama3-mig3g-40gb,openshift-user-workload-monitoring/user-workload,tgis-bam,2953.0
2024-05-20 18:23:36.548000097,tgi_request_count,http,10.128.2.43:3000,tgis-bam,single,fmaas-monitoring,llama3-mig3g-40gb,openshift-user-workload-monitoring/user-workload,tgis-bam,2962.0
2024-05-20 18:23:41.548000097,tgi_request_count,http,10.128.2.43:3000,tgis-bam,single,fmaas-monitoring,llama3-mig3g-40gb,openshift-user-workload-monitoring/user-workload,tgis-bam,2969.0
2024-05-20 18:23:46.548000097,tgi_request_count,http,10.128.2.43:3000,tgis-bam,single,fmaas-monitoring,llama3-mig3g-40gb,openshift-user-workload-monitoring/user-workload,tgis-bam,2975.0
2024-05-20 18:23:51.548000097,tgi_request_count,http,10.128.2.43:3000,tgis-bam,single,fmaas-monitoring,llama3-mig3g-40gb,openshift-user-workload-monitoring/user-workload,tgis-bam,2984.0
2024-05-20 18:23:56.548000097,tgi_request_count,http,10.128.2.43:3000,tgis-bam,single,fmaas-monitoring,llama3-mig3g-40gb,openshift-user-workload-monitoring/user-workload,tgis-bam,2986.0
2024-05-20 18:24:01.548000097,tgi_request_count,http,10.128.2.43:3000,tgis-bam,single,fmaas-monitoring,llama3-mig3g-40gb,openshift-user-workload-monitoring/user-workload,tgis-bam,2987.0
2024-05-20 18:24:06.548000097,tgi_request_count,http,10.128.2.43:3000,tgis-bam,single,fmaas-monitoring,llama3-mig3g-40gb,openshift-user-workload-monitoring/user-workload,tgis-bam,2995.0
2024-05-20 18:24:11.548000097,tgi_request_count,http,10.128.2.43:3000,tgis-bam,single,fmaas-monitoring,llama3-mig3g-40gb,openshift-user-workload-monitoring/user-workload,tgis-bam,2995.0
2024-05-20 18:24:16.548000097,tgi_request_count,http,10.128.2.43:3000,tgis-bam,single,fmaas-monitoring,llama3-mig3g-40gb,openshift-user-workload-monitoring/user-workload,tgis-bam,2995.0
2024-05-20 18:24:21.548000097,tgi_request_count,http,10.128.2.43:3000,tgis-bam,single,fmaas-monitoring,llama3-mig3g-40gb,openshift-user-workload-monitoring/user-workload,tgis-bam,2995.0
2024-05-20 18:24:26.548000097,tgi_request_count,http,10.128.2.43:3000,tgis-bam,single,fmaas-monitoring,llama3-mig3g-40gb,openshift-user-workload-monitoring/user-workload,tgis-bam,2995.0
2024-05-20 18:24:31.548000097,tgi_request_count,http,10.128.2.43:3000,tgis-bam,single,fmaas-monitoring,llama3-mig3g-40gb,openshift-user-workload-monitoring/user-workload,tgis-bam,2997.0
2024-05-20 18:24:36.548000097,tgi_request_count,http,10.128.2.43:3000,tgis-bam,single,fmaas-monitoring,llama3-mig3g-40gb,openshift-user-workload-monitoring/user-workload,tgis-bam,3003.0
2024-05-20 18:24:41.548000097,tgi_request_count,http,10.128.2.43:3000,tgis-bam,single,fmaas-monitoring,llama3-mig3g-40gb,openshift-user-workload-monitoring/user-workload,tgis-bam,3008.0
2024-05-20 18:24:46.548000097,tgi_request_count,http,10.128.2.43:3000,tgis-bam,single,fmaas-monitoring,llama3-mig3g-40gb,openshift-user-workload-monitoring/user-workload,tgis-bam,3013.0
2024-05-20 18:24:51.548000097,tgi_request_count,http,10.128.2.43:3000,tgis-bam,single,fmaas-monitoring,llama3-mig3g-40gb,openshift-user-workload-monitoring/user-workload,tgis-bam,3014.0
2024-05-20 18:24:56.548000097,tgi_request_count,http,10.128.2.43:3000,tgis-bam,single,fmaas-monitoring,llama3-mig3g-40gb,openshift-user-workload-monitoring/user-workload,tgis-bam,3016.0
2024-05-20 18:25:01.548000097,tgi_request_count,http,10.128.2.43:3000,tgis-bam,single,fmaas-monitoring,llama3-mig3g-40gb,openshift-user-workload-monitoring/user-workload,tgis-bam,3020.0
2024-05-20 18:25:06.548000097,tgi_request_count,http,10.128.2.43:3000,tgis-bam,single,fmaas-monitoring,llama3-mig3g-40gb,openshift-user-workload-monitoring/user-workload,tgis-bam,3022.0
2024-05-20 18:25:11.548000097,tgi_request_count,http,10.128.2.43:3000,tgis-bam,single,fmaas-monitoring,llama3-mig3g-40gb,openshift-user-workload-monitoring/user-workload,tgis-bam,3027.0
2024-05-20 18:25:16.548000097,tgi_request_count,http,10.128.2.43:3000,tgis-bam,single,fmaas-monitoring,llama3-mig3g-40gb,openshift-user-workload-monitoring/user-workload,tgis-bam,3034.0
2024-05-20 18:25:21.548000097,tgi_request_count,http,10.128.2.43:3000,tgis-bam,single,fmaas-monitoring,llama3-mig3g-40gb,openshift-user-workload-monitoring/user-workload,tgis-bam,3034.0
2024-05-20 18:25:26.548000097,tgi_request_count,http,10.128.2.43:3000,tgis-bam,single,fmaas-monitoring,llama3-mig3g-40gb,openshift-user-workload-monitoring/user-workload,tgis-bam,3034.0
2024-05-20 18:25:31.548000097,tgi_request_count,http,10.128.2.43:3000,tgis-bam,single,fmaas-monitoring,llama3-mig3g-40gb,openshift-user-workload-monitoring/user-workload,tgis-bam,3035.0
2024-05-20 18:25:36.553999901,tgi_request_count,http,10.128.2.43:3000,tgis-bam,single,fmaas-monitoring,llama3-mig3g-40gb,openshift-user-workload-monitoring/user-workload,tgis-bam,3044.0
2024-05-20 18:25:41.548000097,tgi_request_count,http,10.128.2.43:3000,tgis-bam,single,fmaas-monitoring,llama3-mig3g-40gb,openshift-user-workload-monitoring/user-workload,tgis-bam,3046.0
2024-05-20 18:25:46.548000097,tgi_request_count,http,10.128.2.43:3000,tgis-bam,single,fmaas-monitoring,llama3-mig3g-40gb,openshift-user-workload-monitoring/user-workload,tgis-bam,3048.0
2024-05-20 18:25:51.548000097,tgi_request_count,http,10.128.2.43:3000,tgis-bam,single,fmaas-monitoring,llama3-mig3g-40gb,openshift-user-workload-monitoring/user-workload,tgis-bam,3056.0
2024-05-20 18:25:56.548000097,tgi_request_count,http,10.128.2.43:3000,tgis-bam,single,fmaas-monitoring,llama3-mig3g-40gb,openshift-user-workload-monitoring/user-workload,tgis-bam,3060.0
2024-05-20 18:26:01.548000097,tgi_request_count,http,10.128.2.43:3000,tgis-bam,single,fmaas-monitoring,llama3-mig3g-40gb,openshift-user-workload-monitoring/user-workload,tgis-bam,3064.0
2024-05-20 18:26:06.548000097,tgi_request_count,http,10.128.2.43:3000,tgis-bam,single,fmaas-monitoring,llama3-mig3g-40gb,openshift-user-workload-monitoring/user-workload,tgis-bam,3067.0
2024-05-20 18:26:11.548000097,tgi_request_count,http,10.128.2.43:3000,tgis-bam,single,fmaas-monitoring,llama3-mig3g-40gb,openshift-user-workload-monitoring/user-workload,tgis-bam,3071.0
2024-05-20 18:26:16.559000015,tgi_request_count,http,10.128.2.43:3000,tgis-bam,single,fmaas-monitoring,llama3-mig3g-40gb,openshift-user-workload-monitoring/user-workload,tgis-bam,3071.0
2024-05-20 18:26:21.548000097,tgi_request_count,http,10.128.2.43:3000,tgis-bam,single,fmaas-monitoring,llama3-mig3g-40gb,openshift-user-workload-monitoring/user-workload,tgis-bam,3071.0
2024-05-20 18:26:26.548000097,tgi_request_count,http,10.128.2.43:3000,tgis-bam,single,fmaas-monitoring,llama3-mig3g-40gb,openshift-user-workload-monitoring/user-workload,tgis-bam,3071.0
2024-05-20 18:26:31.548000097,tgi_request_count,http,10.128.2.43:3000,tgis-bam,single,fmaas-monitoring,llama3-mig3g-40gb,openshift-user-workload-monitoring/user-workload,tgis-bam,3073.0
2024-05-20 18:26:36.548000097,tgi_request_count,http,10.128.2.43:3000,tgis-bam,single,fmaas-monitoring,llama3-mig3g-40gb,openshift-user-workload-monitoring/user-workload,tgis-bam,3075.0
2024-05-20 18:26:41.548000097,tgi_request_count,http,10.128.2.43:3000,tgis-bam,single,fmaas-monitoring,llama3-mig3g-40gb,openshift-user-workload-monitoring/user-workload,tgis-bam,3083.0
2024-05-20 18:26:46.548000097,tgi_request_count,http,10.128.2.43:3000,tgis-bam,single,fmaas-monitoring,llama3-mig3g-40gb,openshift-user-workload-monitoring/user-workload,tgis-bam,3090.0
2024-05-20 18:26:51.548000097,tgi_request_count,http,10.128.2.43:3000,tgis-bam,single,fmaas-monitoring,llama3-mig3g-40gb,openshift-user-workload-monitoring/user-workload,tgis-bam,3095.0
2024-05-20 18:26:56.548000097,tgi_request_count,http,10.128.2.43:3000,tgis-bam,single,fmaas-monitoring,llama3-mig3g-40gb,openshift-user-workload-monitoring/user-workload,tgis-bam,3105.0
2024-05-20 18:27:01.548000097,tgi_request_count,http,10.128.2.43:3000,tgis-bam,single,fmaas-monitoring,llama3-mig3g-40gb,openshift-user-workload-monitoring/user-workload,tgis-bam,3111.0
2024-05-20 18:27:06.548000097,tgi_request_count,http,10.128.2.43:3000,tgis-bam,single,fmaas-monitoring,llama3-mig3g-40gb,openshift-user-workload-monitoring/user-workload,tgis-bam,3113.0
2024-05-20 18:27:11.548000097,tgi_request_count,http,10.128.2.43:3000,tgis-bam,single,fmaas-monitoring,llama3-mig3g-40gb,openshift-user-workload-monitoring/user-workload,tgis-bam,3118.0
2024-05-20 18:27:16.548000097,tgi_request_count,http,10.128.2.43:3000,tgis-bam,single,fmaas-monitoring,llama3-mig3g-40gb,openshift-user-workload-monitoring/user-workload,tgis-bam,3118.0
2024-05-20 18:27:21.548000097,tgi_request_count,http,10.128.2.43:3000,tgis-bam,single,fmaas-monitoring,llama3-mig3g-40gb,openshift-user-workload-monitoring/user-workload,tgis-bam,3118.0
2024-05-20 18:27:26.548000097,tgi_request_count,http,10.128.2.43:3000,tgis-bam,single,fmaas-monitoring,llama3-mig3g-40gb,openshift-user-workload-monitoring/user-workload,tgis-bam,3118.0
2024-05-20 18:27:31.548000097,tgi_request_count,http,10.128.2.43:3000,tgis-bam,single,fmaas-monitoring,llama3-mig3g-40gb,openshift-user-workload-monitoring/user-workload,tgis-bam,3121.0
2024-05-20 18:27:36.548000097,tgi_request_count,http,10.128.2.43:3000,tgis-bam,single,fmaas-monitoring,llama3-mig3g-40gb,openshift-user-workload-monitoring/user-workload,tgis-bam,3124.0
2024-05-20 18:27:41.548000097,tgi_request_count,http,10.128.2.43:3000,tgis-bam,single,fmaas-monitoring,llama3-mig3g-40gb,openshift-user-workload-monitoring/user-workload,tgis-bam,3134.0
2024-05-20 18:27:46.548000097,tgi_request_count,http,10.128.2.43:3000,tgis-bam,single,fmaas-monitoring,llama3-mig3g-40gb,openshift-user-workload-monitoring/user-workload,tgis-bam,3135.0
2024-05-20 18:27:51.548000097,tgi_request_count,http,10.128.2.43:3000,tgis-bam,single,fmaas-monitoring,llama3-mig3g-40gb,openshift-user-workload-monitoring/user-workload,tgis-bam,3142.0
2024-05-20 18:27:56.548000097,tgi_request_count,http,10.128.2.43:3000,tgis-bam,single,fmaas-monitoring,llama3-mig3g-40gb,openshift-user-workload-monitoring/user-workload,tgis-bam,3145.0
2024-05-20 18:28:01.548000097,tgi_request_count,http,10.128.2.43:3000,tgis-bam,single,fmaas-monitoring,llama3-mig3g-40gb,openshift-user-workload-monitoring/user-workload,tgis-bam,3148.0
2024-05-20 18:28:06.548000097,tgi_request_count,http,10.128.2.43:3000,tgis-bam,single,fmaas-monitoring,llama3-mig3g-40gb,openshift-user-workload-monitoring/user-workload,tgis-bam,3152.0
2024-05-20 18:28:11.548000097,tgi_request_count,http,10.128.2.43:3000,tgis-bam,single,fmaas-monitoring,llama3-mig3g-40gb,openshift-user-workload-monitoring/user-workload,tgis-bam,3158.0
2024-05-20 18:28:16.548000097,tgi_request_count,http,10.128.2.43:3000,tgis-bam,single,fmaas-monitoring,llama3-mig3g-40gb,openshift-user-workload-monitoring/user-workload,tgis-bam,3160.0
2024-05-20 18:28:21.548000097,tgi_request_count,http,10.128.2.43:3000,tgis-bam,single,fmaas-monitoring,llama3-mig3g-40gb,openshift-user-workload-monitoring/user-workload,tgis-bam,3160.0
2024-05-20 18:28:26.548000097,tgi_request_count,http,10.128.2.43:3000,tgis-bam,single,fmaas-monitoring,llama3-mig3g-40gb,openshift-user-workload-monitoring/user-workload,tgis-bam,3160.0
2024-05-20 18:28:31.548000097,tgi_request_count,http,10.128.2.43:3000,tgis-bam,single,fmaas-monitoring,llama3-mig3g-40gb,openshift-user-workload-monitoring/user-workload,tgis-bam,3162.0
2024-05-20 18:28:36.548000097,tgi_request_count,http,10.128.2.43:3000,tgis-bam,single,fmaas-monitoring,llama3-mig3g-40gb,openshift-user-workload-monitoring/user-workload,tgis-bam,3166.0
2024-05-20 18:28:41.548000097,tgi_request_count,http,10.128.2.43:3000,tgis-bam,single,fmaas-monitoring,llama3-mig3g-40gb,openshift-user-workload-monitoring/user-workload,tgis-bam,3170.0
2024-05-20 18:28:46.548000097,tgi_request_count,http,10.128.2.43:3000,tgis-bam,single,fmaas-monitoring,llama3-mig3g-40gb,openshift-user-workload-monitoring/user-workload,tgis-bam,3173.0
2024-05-20 18:28:51.548000097,tgi_request_count,http,10.128.2.43:3000,tgis-bam,single,fmaas-monitoring,llama3-mig3g-40gb,openshift-user-workload-monitoring/user-workload,tgis-bam,3174.0
2024-05-20 18:28:56.548000097,tgi_request_count,http,10.128.2.43:3000,tgis-bam,single,fmaas-monitoring,llama3-mig3g-40gb,openshift-user-workload-monitoring/user-workload,tgis-bam,3176.0
2024-05-20 18:29:01.548000097,tgi_request_count,http,10.128.2.43:3000,tgis-bam,single,fmaas-monitoring,llama3-mig3g-40gb,openshift-user-workload-monitoring/user-workload,tgis-bam,3180.0
2024-05-20 18:29:06.548000097,tgi_request_count,http,10.128.2.43:3000,tgis-bam,single,fmaas-monitoring,llama3-mig3g-40gb,openshift-user-workload-monitoring/user-workload,tgis-bam,3187.0
2024-05-20 18:29:11.548000097,tgi_request_count,http,10.128.2.43:3000,tgis-bam,single,fmaas-monitoring,llama3-mig3g-40gb,openshift-user-workload-monitoring/user-workload,tgis-bam,3189.0
2024-05-20 18:29:16.548000097,tgi_request_count,http,10.128.2.43:3000,tgis-bam,single,fmaas-monitoring,llama3-mig3g-40gb,openshift-user-workload-monitoring/user-workload,tgis-bam,3195.0
2024-05-20 18:29:21.548000097,tgi_request_count,http,10.128.2.43:3000,tgis-bam,single,fmaas-monitoring,llama3-mig3g-40gb,openshift-user-workload-monitoring/user-workload,tgis-bam,3195.0
2024-05-20 18:29:26.548000097,tgi_request_count,http,10.128.2.43:3000,tgis-bam,single,fmaas-monitoring,llama3-mig3g-40gb,openshift-user-workload-monitoring/user-workload,tgis-bam,3195.0
2024-05-20 18:29:31.548000097,tgi_request_count,http,10.128.2.43:3000,tgis-bam,single,fmaas-monitoring,llama3-mig3g-40gb,openshift-user-workload-monitoring/user-workload,tgis-bam,3196.0
2024-05-20 18:29:36.548000097,tgi_request_count,http,10.128.2.43:3000,tgis-bam,single,fmaas-monitoring,llama3-mig3g-40gb,openshift-user-workload-monitoring/user-workload,tgis-bam,3196.0
2024-05-20 18:29:41.548000097,tgi_request_count,http,10.128.2.43:3000,tgis-bam,single,fmaas-monitoring,llama3-mig3g-40gb,openshift-user-workload-monitoring/user-workload,tgis-bam,3196.0
2024-05-20 18:29:46.548000097,tgi_request_count,http,10.128.2.43:3000,tgis-bam,single,fmaas-monitoring,llama3-mig3g-40gb,openshift-user-workload-monitoring/user-workload,tgis-bam,3197.0
2024-05-20 18:29:51.548000097,tgi_request_count,http,10.128.2.43:3000,tgis-bam,single,fmaas-monitoring,llama3-mig3g-40gb,openshift-user-workload-monitoring/user-workload,tgis-bam,3201.0
2024-05-20 18:29:56.548000097,tgi_request_count,http,10.128.2.43:3000,tgis-bam,single,fmaas-monitoring,llama3-mig3g-40gb,openshift-user-workload-monitoring/user-workload,tgis-bam,3206.0
2024-05-20 18:30:01.548000097,tgi_request_count,http,10.128.2.43:3000,tgis-bam,single,fmaas-monitoring,llama3-mig3g-40gb,openshift-user-workload-monitoring/user-workload,tgis-bam,3211.0
2024-05-20 18:30:06.548000097,tgi_request_count,http,10.128.2.43:3000,tgis-bam,single,fmaas-monitoring,llama3-mig3g-40gb,openshift-user-workload-monitoring/user-workload,tgis-bam,3212.0
2024-05-20 18:30:11.548000097,tgi_request_count,http,10.128.2.43:3000,tgis-bam,single,fmaas-monitoring,llama3-mig3g-40gb,openshift-user-workload-monitoring/user-workload,tgis-bam,3214.0
2024-05-20 18:30:16.548000097,tgi_request_count,http,10.128.2.43:3000,tgis-bam,single,fmaas-monitoring,llama3-mig3g-40gb,openshift-user-workload-monitoring/user-workload,tgis-bam,3216.0
2024-05-20 18:30:21.548000097,tgi_request_count,http,10.128.2.43:3000,tgis-bam,single,fmaas-monitoring,llama3-mig3g-40gb,openshift-user-workload-monitoring/user-workload,tgis-bam,3218.0
2024-05-20 18:30:26.548000097,tgi_request_count,http,10.128.2.43:3000,tgis-bam,single,fmaas-monitoring,llama3-mig3g-40gb,openshift-user-workload-monitoring/user-workload,tgis-bam,3219.0
2024-05-20 18:30:31.548000097,tgi_request_count,http,10.128.2.43:3000,tgis-bam,single,fmaas-monitoring,llama3-mig3g-40gb,openshift-user-workload-monitoring/user-workload,tgis-bam,3231.0
2024-05-20 18:30:36.548000097,tgi_request_count,http,10.128.2.43:3000,tgis-bam,single,fmaas-monitoring,llama3-mig3g-40gb,openshift-user-workload-monitoring/user-workload,tgis-bam,3236.0
2024-05-20 18:30:41.548000097,tgi_request_count,http,10.128.2.43:3000,tgis-bam,single,fmaas-monitoring,llama3-mig3g-40gb,openshift-user-workload-monitoring/user-workload,tgis-bam,3237.0
2024-05-20 18:30:46.548000097,tgi_request_count,http,10.128.2.43:3000,tgis-bam,single,fmaas-monitoring,llama3-mig3g-40gb,openshift-user-workload-monitoring/user-workload,tgis-bam,3241.0
2024-05-20 18:30:51.548000097,tgi_request_count,http,10.128.2.43:3000,tgis-bam,single,fmaas-monitoring,llama3-mig3g-40gb,openshift-user-workload-monitoring/user-workload,tgis-bam,3243.0
2024-05-20 18:30:56.548000097,tgi_request_count,http,10.128.2.43:3000,tgis-bam,single,fmaas-monitoring,llama3-mig3g-40gb,openshift-user-workload-monitoring/user-workload,tgis-bam,3246.0
2024-05-20 18:31:01.548000097,tgi_request_count,http,10.128.2.43:3000,tgis-bam,single,fmaas-monitoring,llama3-mig3g-40gb,openshift-user-workload-monitoring/user-workload,tgis-bam,3249.0
2024-05-20 18:31:06.548000097,tgi_request_count,http,10.128.2.43:3000,tgis-bam,single,fmaas-monitoring,llama3-mig3g-40gb,openshift-user-workload-monitoring/user-workload,tgis-bam,3252.0
2024-05-20 18:31:11.548000097,tgi_request_count,http,10.128.2.43:3000,tgis-bam,single,fmaas-monitoring,llama3-mig3g-40gb,openshift-user-workload-monitoring/user-workload,tgis-bam,3255.0
2024-05-20 18:31:16.548000097,tgi_request_count,http,10.128.2.43:3000,tgis-bam,single,fmaas-monitoring,llama3-mig3g-40gb,openshift-user-workload-monitoring/user-workload,tgis-bam,3259.0
2024-05-20 18:31:21.548000097,tgi_request_count,http,10.128.2.43:3000,tgis-bam,single,fmaas-monitoring,llama3-mig3g-40gb,openshift-user-workload-monitoring/user-workload,tgis-bam,3261.0
2024-05-20 18:31:26.548000097,tgi_request_count,http,10.128.2.43:3000,tgis-bam,single,fmaas-monitoring,llama3-mig3g-40gb,openshift-user-workload-monitoring/user-workload,tgis-bam,3261.0
2024-05-20 18:31:31.548000097,tgi_request_count,http,10.128.2.43:3000,tgis-bam,single,fmaas-monitoring,llama3-mig3g-40gb,openshift-user-workload-monitoring/user-workload,tgis-bam,3264.0
2024-05-20 18:31:36.548000097,tgi_request_count,http,10.128.2.43:3000,tgis-bam,single,fmaas-monitoring,llama3-mig3g-40gb,openshift-user-workload-monitoring/user-workload,tgis-bam,3269.0
2024-05-20 18:31:41.548000097,tgi_request_count,http,10.128.2.43:3000,tgis-bam,single,fmaas-monitoring,llama3-mig3g-40gb,openshift-user-workload-monitoring/user-workload,tgis-bam,3282.0
2024-05-20 18:31:46.548000097,tgi_request_count,http,10.128.2.43:3000,tgis-bam,single,fmaas-monitoring,llama3-mig3g-40gb,openshift-user-workload-monitoring/user-workload,tgis-bam,3290.0
2024-05-20 18:31:51.548000097,tgi_request_count,http,10.128.2.43:3000,tgis-bam,single,fmaas-monitoring,llama3-mig3g-40gb,openshift-user-workload-monitoring/user-workload,tgis-bam,3291.0
2024-05-20 18:31:56.548000097,tgi_request_count,http,10.128.2.43:3000,tgis-bam,single,fmaas-monitoring,llama3-mig3g-40gb,openshift-user-workload-monitoring/user-workload,tgis-bam,3302.0
2024-05-20 18:32:01.548000097,tgi_request_count,http,10.128.2.43:3000,tgis-bam,single,fmaas-monitoring,llama3-mig3g-40gb,openshift-user-workload-monitoring/user-workload,tgis-bam,3302.0
2024-05-20 18:32:06.548000097,tgi_request_count,http,10.128.2.43:3000,tgis-bam,single,fmaas-monitoring,llama3-mig3g-40gb,openshift-user-workload-monitoring/user-workload,tgis-bam,3302.0
2024-05-20 18:32:11.548000097,tgi_request_count,http,10.128.2.43:3000,tgis-bam,single,fmaas-monitoring,llama3-mig3g-40gb,openshift-user-workload-monitoring/user-workload,tgis-bam,3302.0
2024-05-20 18:32:16.548000097,tgi_request_count,http,10.128.2.43:3000,tgis-bam,single,fmaas-monitoring,llama3-mig3g-40gb,openshift-user-workload-monitoring/user-workload,tgis-bam,3302.0
2024-05-20 18:32:21.548000097,tgi_request_count,http,10.128.2.43:3000,tgis-bam,single,fmaas-monitoring,llama3-mig3g-40gb,openshift-user-workload-monitoring/user-workload,tgis-bam,3302.0
2024-05-20 18:32:26.548000097,tgi_request_count,http,10.128.2.43:3000,tgis-bam,single,fmaas-monitoring,llama3-mig3g-40gb,openshift-user-workload-monitoring/user-workload,tgis-bam,3302.0
2024-05-20 18:32:31.548000097,tgi_request_count,http,10.128.2.43:3000,tgis-bam,single,fmaas-monitoring,llama3-mig3g-40gb,openshift-user-workload-monitoring/user-workload,tgis-bam,3307.0
2024-05-20 18:32:36.553999901,tgi_request_count,http,10.128.2.43:3000,tgis-bam,single,fmaas-monitoring,llama3-mig3g-40gb,openshift-user-workload-monitoring/user-workload,tgis-bam,3314.0
2024-05-20 18:32:41.548000097,tgi_request_count,http,10.128.2.43:3000,tgis-bam,single,fmaas-monitoring,llama3-mig3g-40gb,openshift-user-workload-monitoring/user-workload,tgis-bam,3316.0
2024-05-20 18:32:46.548000097,tgi_request_count,http,10.128.2.43:3000,tgis-bam,single,fmaas-monitoring,llama3-mig3g-40gb,openshift-user-workload-monitoring/user-workload,tgis-bam,3323.0
2024-05-20 18:32:51.548000097,tgi_request_count,http,10.128.2.43:3000,tgis-bam,single,fmaas-monitoring,llama3-mig3g-40gb,openshift-user-workload-monitoring/user-workload,tgis-bam,3326.0
2024-05-20 18:32:56.562000036,tgi_request_count,http,10.128.2.43:3000,tgis-bam,single,fmaas-monitoring,llama3-mig3g-40gb,openshift-user-workload-monitoring/user-workload,tgis-bam,3331.0
2024-05-20 18:33:01.548000097,tgi_request_count,http,10.128.2.43:3000,tgis-bam,single,fmaas-monitoring,llama3-mig3g-40gb,openshift-user-workload-monitoring/user-workload,tgis-bam,3343.0
2024-05-20 18:33:06.548000097,tgi_request_count,http,10.128.2.43:3000,tgis-bam,single,fmaas-monitoring,llama3-mig3g-40gb,openshift-user-workload-monitoring/user-workload,tgis-bam,3358.0
2024-05-20 18:33:11.548000097,tgi_request_count,http,10.128.2.43:3000,tgis-bam,single,fmaas-monitoring,llama3-mig3g-40gb,openshift-user-workload-monitoring/user-workload,tgis-bam,3358.0
2024-05-20 18:33:16.579999924,tgi_request_count,http,10.128.2.43:3000,tgis-bam,single,fmaas-monitoring,llama3-mig3g-40gb,openshift-user-workload-monitoring/user-workload,tgis-bam,3358.0
2024-05-20 18:33:21.548000097,tgi_request_count,http,10.128.2.43:3000,tgis-bam,single,fmaas-monitoring,llama3-mig3g-40gb,openshift-user-workload-monitoring/user-workload,tgis-bam,3358.0
2024-05-20 18:33:26.548000097,tgi_request_count,http,10.128.2.43:3000,tgis-bam,single,fmaas-monitoring,llama3-mig3g-40gb,openshift-user-workload-monitoring/user-workload,tgis-bam,3358.0
2024-05-20 18:33:31.548000097,tgi_request_count,http,10.128.2.43:3000,tgis-bam,single,fmaas-monitoring,llama3-mig3g-40gb,openshift-user-workload-monitoring/user-workload,tgis-bam,3365.0
2024-05-20 18:33:36.551000118,tgi_request_count,http,10.128.2.43:3000,tgis-bam,single,fmaas-monitoring,llama3-mig3g-40gb,openshift-user-workload-monitoring/user-workload,tgis-bam,3371.0
2024-05-20 18:33:41.548000097,tgi_request_count,http,10.128.2.43:3000,tgis-bam,single,fmaas-monitoring,llama3-mig3g-40gb,openshift-user-workload-monitoring/user-workload,tgis-bam,3380.0
2024-05-20 18:33:46.548000097,tgi_request_count,http,10.128.2.43:3000,tgis-bam,single,fmaas-monitoring,llama3-mig3g-40gb,openshift-user-workload-monitoring/user-workload,tgis-bam,3393.0
2024-05-20 18:33:51.548000097,tgi_request_count,http,10.128.2.43:3000,tgis-bam,single,fmaas-monitoring,llama3-mig3g-40gb,openshift-user-workload-monitoring/user-workload,tgis-bam,3394.0
2024-05-20 18:33:56.548000097,tgi_request_count,http,10.128.2.43:3000,tgis-bam,single,fmaas-monitoring,llama3-mig3g-40gb,openshift-user-workload-monitoring/user-workload,tgis-bam,3398.0
2024-05-20 18:34:01.548000097,tgi_request_count,http,10.128.2.43:3000,tgis-bam,single,fmaas-monitoring,llama3-mig3g-40gb,openshift-user-workload-monitoring/user-workload,tgis-bam,3410.0
2024-05-20 18:34:06.548000097,tgi_request_count,http,10.128.2.43:3000,tgis-bam,single,fmaas-monitoring,llama3-mig3g-40gb,openshift-user-workload-monitoring/user-workload,tgis-bam,3410.0
2024-05-20 18:34:11.548000097,tgi_request_count,http,10.128.2.43:3000,tgis-bam,single,fmaas-monitoring,llama3-mig3g-40gb,openshift-user-workload-monitoring/user-workload,tgis-bam,3410.0
2024-05-20 18:34:16.562000036,tgi_request_count,http,10.128.2.43:3000,tgis-bam,single,fmaas-monitoring,llama3-mig3g-40gb,openshift-user-workload-monitoring/user-workload,tgis-bam,3410.0
2024-05-20 18:34:21.548000097,tgi_request_count,http,10.128.2.43:3000,tgis-bam,single,fmaas-monitoring,llama3-mig3g-40gb,openshift-user-workload-monitoring/user-workload,tgis-bam,3410.0
2024-05-20 18:34:26.548000097,tgi_request_count,http,10.128.2.43:3000,tgis-bam,single,fmaas-monitoring,llama3-mig3g-40gb,openshift-user-workload-monitoring/user-workload,tgis-bam,3410.0
2024-05-20 18:34:31.548000097,tgi_request_count,http,10.128.2.43:3000,tgis-bam,single,fmaas-monitoring,llama3-mig3g-40gb,openshift-user-workload-monitoring/user-workload,tgis-bam,3411.0
2024-05-20 18:34:36.548000097,tgi_request_count,http,10.128.2.43:3000,tgis-bam,single,fmaas-monitoring,llama3-mig3g-40gb,openshift-user-workload-monitoring/user-workload,tgis-bam,3421.0
2024-05-20 18:34:41.548000097,tgi_request_count,http,10.128.2.43:3000,tgis-bam,single,fmaas-monitoring,llama3-mig3g-40gb,openshift-user-workload-monitoring/user-workload,tgis-bam,3423.0
2024-05-20 18:34:46.548000097,tgi_request_count,http,10.128.2.43:3000,tgis-bam,single,fmaas-monitoring,llama3-mig3g-40gb,openshift-user-workload-monitoring/user-workload,tgis-bam,3427.0
2024-05-20 18:34:51.548000097,tgi_request_count,http,10.128.2.43:3000,tgis-bam,single,fmaas-monitoring,llama3-mig3g-40gb,openshift-user-workload-monitoring/user-workload,tgis-bam,3430.0
2024-05-20 18:34:56.555000067,tgi_request_count,http,10.128.2.43:3000,tgis-bam,single,fmaas-monitoring,llama3-mig3g-40gb,openshift-user-workload-monitoring/user-workload,tgis-bam,3437.0
2024-05-20 18:35:01.548000097,tgi_request_count,http,10.128.2.43:3000,tgis-bam,single,fmaas-monitoring,llama3-mig3g-40gb,openshift-user-workload-monitoring/user-workload,tgis-bam,3447.0
2024-05-20 18:35:06.548000097,tgi_request_count,http,10.128.2.43:3000,tgis-bam,single,fmaas-monitoring,llama3-mig3g-40gb,openshift-user-workload-monitoring/user-workload,tgis-bam,3450.0
2024-05-20 18:35:11.548000097,tgi_request_count,http,10.128.2.43:3000,tgis-bam,single,fmaas-monitoring,llama3-mig3g-40gb,openshift-user-workload-monitoring/user-workload,tgis-bam,3451.0
2024-05-20 18:35:16.548000097,tgi_request_count,http,10.128.2.43:3000,tgis-bam,single,fmaas-monitoring,llama3-mig3g-40gb,openshift-user-workload-monitoring/user-workload,tgis-bam,3457.0
2024-05-20 18:35:21.548000097,tgi_request_count,http,10.128.2.43:3000,tgis-bam,single,fmaas-monitoring,llama3-mig3g-40gb,openshift-user-workload-monitoring/user-workload,tgis-bam,3457.0
2024-05-20 18:35:26.548000097,tgi_request_count,http,10.128.2.43:3000,tgis-bam,single,fmaas-monitoring,llama3-mig3g-40gb,openshift-user-workload-monitoring/user-workload,tgis-bam,3457.0
2024-05-20 18:35:31.548000097,tgi_request_count,http,10.128.2.43:3000,tgis-bam,single,fmaas-monitoring,llama3-mig3g-40gb,openshift-user-workload-monitoring/user-workload,tgis-bam,3460.0
2024-05-20 18:35:36.605999947,tgi_request_count,http,10.128.2.43:3000,tgis-bam,single,fmaas-monitoring,llama3-mig3g-40gb,openshift-user-workload-monitoring/user-workload,tgis-bam,3469.0
2024-05-20 18:35:41.548000097,tgi_request_count,http,10.128.2.43:3000,tgis-bam,single,fmaas-monitoring,llama3-mig3g-40gb,openshift-user-workload-monitoring/user-workload,tgis-bam,3472.0
2024-05-20 18:35:46.548000097,tgi_request_count,http,10.128.2.43:3000,tgis-bam,single,fmaas-monitoring,llama3-mig3g-40gb,openshift-user-workload-monitoring/user-workload,tgis-bam,3480.0
2024-05-20 18:35:51.548000097,tgi_request_count,http,10.128.2.43:3000,tgis-bam,single,fmaas-monitoring,llama3-mig3g-40gb,openshift-user-workload-monitoring/user-workload,tgis-bam,3482.0
2024-05-20 18:35:56.548000097,tgi_request_count,http,10.128.2.43:3000,tgis-bam,single,fmaas-monitoring,llama3-mig3g-40gb,openshift-user-workload-monitoring/user-workload,tgis-bam,3486.0
2024-05-20 18:36:01.548000097,tgi_request_count,http,10.128.2.43:3000,tgis-bam,single,fmaas-monitoring,llama3-mig3g-40gb,openshift-user-workload-monitoring/user-workload,tgis-bam,3489.0
2024-05-20 18:36:06.548000097,tgi_request_count,http,10.128.2.43:3000,tgis-bam,single,fmaas-monitoring,llama3-mig3g-40gb,openshift-user-workload-monitoring/user-workload,tgis-bam,3494.0
2024-05-20 18:36:11.548000097,tgi_request_count,http,10.128.2.43:3000,tgis-bam,single,fmaas-monitoring,llama3-mig3g-40gb,openshift-user-workload-monitoring/user-workload,tgis-bam,3498.0
2024-05-20 18:36:16.548000097,tgi_request_count,http,10.128.2.43:3000,tgis-bam,single,fmaas-monitoring,llama3-mig3g-40gb,openshift-user-workload-monitoring/user-workload,tgis-bam,3500.0
2024-05-20 18:36:21.548000097,tgi_request_count,http,10.128.2.43:3000,tgis-bam,single,fmaas-monitoring,llama3-mig3g-40gb,openshift-user-workload-monitoring/user-workload,tgis-bam,3500.0
2024-05-20 18:36:26.548000097,tgi_request_count,http,10.128.2.43:3000,tgis-bam,single,fmaas-monitoring,llama3-mig3g-40gb,openshift-user-workload-monitoring/user-workload,tgis-bam,3500.0
2024-05-20 18:36:31.548000097,tgi_request_count,http,10.128.2.43:3000,tgis-bam,single,fmaas-monitoring,llama3-mig3g-40gb,openshift-user-workload-monitoring/user-workload,tgis-bam,3501.0
2024-05-20 18:36:36.548000097,tgi_request_count,http,10.128.2.43:3000,tgis-bam,single,fmaas-monitoring,llama3-mig3g-40gb,openshift-user-workload-monitoring/user-workload,tgis-bam,3503.0
2024-05-20 18:36:41.548000097,tgi_request_count,http,10.128.2.43:3000,tgis-bam,single,fmaas-monitoring,llama3-mig3g-40gb,openshift-user-workload-monitoring/user-workload,tgis-bam,3506.0
2024-05-20 18:36:46.548000097,tgi_request_count,http,10.128.2.43:3000,tgis-bam,single,fmaas-monitoring,llama3-mig3g-40gb,openshift-user-workload-monitoring/user-workload,tgis-bam,3510.0
2024-05-20 18:36:51.548000097,tgi_request_count,http,10.128.2.43:3000,tgis-bam,single,fmaas-monitoring,llama3-mig3g-40gb,openshift-user-workload-monitoring/user-workload,tgis-bam,3517.0
2024-05-20 18:36:56.548000097,tgi_request_count,http,10.128.2.43:3000,tgis-bam,single,fmaas-monitoring,llama3-mig3g-40gb,openshift-user-workload-monitoring/user-workload,tgis-bam,3523.0
2024-05-20 18:37:01.548000097,tgi_request_count,http,10.128.2.43:3000,tgis-bam,single,fmaas-monitoring,llama3-mig3g-40gb,openshift-user-workload-monitoring/user-workload,tgis-bam,3531.0
2024-05-20 18:37:06.548000097,tgi_request_count,http,10.128.2.43:3000,tgis-bam,single,fmaas-monitoring,llama3-mig3g-40gb,openshift-user-workload-monitoring/user-workload,tgis-bam,3542.0
2024-05-20 18:37:11.548000097,tgi_request_count,http,10.128.2.43:3000,tgis-bam,single,fmaas-monitoring,llama3-mig3g-40gb,openshift-user-workload-monitoring/user-workload,tgis-bam,3542.0
2024-05-20 18:37:16.548000097,tgi_request_count,http,10.128.2.43:3000,tgis-bam,single,fmaas-monitoring,llama3-mig3g-40gb,openshift-user-workload-monitoring/user-workload,tgis-bam,3542.0
2024-05-20 18:37:21.548000097,tgi_request_count,http,10.128.2.43:3000,tgis-bam,single,fmaas-monitoring,llama3-mig3g-40gb,openshift-user-workload-monitoring/user-workload,tgis-bam,3542.0
2024-05-20 18:37:26.548000097,tgi_request_count,http,10.128.2.43:3000,tgis-bam,single,fmaas-monitoring,llama3-mig3g-40gb,openshift-user-workload-monitoring/user-workload,tgis-bam,3542.0
2024-05-20 18:37:31.548000097,tgi_request_count,http,10.128.2.43:3000,tgis-bam,single,fmaas-monitoring,llama3-mig3g-40gb,openshift-user-workload-monitoring/user-workload,tgis-bam,3544.0
2024-05-20 18:37:36.548000097,tgi_request_count,http,10.128.2.43:3000,tgis-bam,single,fmaas-monitoring,llama3-mig3g-40gb,openshift-user-workload-monitoring/user-workload,tgis-bam,3548.0
2024-05-20 18:37:41.548000097,tgi_request_count,http,10.128.2.43:3000,tgis-bam,single,fmaas-monitoring,llama3-mig3g-40gb,openshift-user-workload-monitoring/user-workload,tgis-bam,3549.0
2024-05-20 18:37:46.548000097,tgi_request_count,http,10.128.2.43:3000,tgis-bam,single,fmaas-monitoring,llama3-mig3g-40gb,openshift-user-workload-monitoring/user-workload,tgis-bam,3555.0
2024-05-20 18:37:51.548000097,tgi_request_count,http,10.128.2.43:3000,tgis-bam,single,fmaas-monitoring,llama3-mig3g-40gb,openshift-user-workload-monitoring/user-workload,tgis-bam,3559.0
2024-05-20 18:37:56.548000097,tgi_request_count,http,10.128.2.43:3000,tgis-bam,single,fmaas-monitoring,llama3-mig3g-40gb,openshift-user-workload-monitoring/user-workload,tgis-bam,3564.0
2024-05-20 18:38:01.548000097,tgi_request_count,http,10.128.2.43:3000,tgis-bam,single,fmaas-monitoring,llama3-mig3g-40gb,openshift-user-workload-monitoring/user-workload,tgis-bam,3572.0
2024-05-20 18:38:06.548000097,tgi_request_count,http,10.128.2.43:3000,tgis-bam,single,fmaas-monitoring,llama3-mig3g-40gb,openshift-user-workload-monitoring/user-workload,tgis-bam,3579.0
2024-05-20 18:38:11.548000097,tgi_request_count,http,10.128.2.43:3000,tgis-bam,single,fmaas-monitoring,llama3-mig3g-40gb,openshift-user-workload-monitoring/user-workload,tgis-bam,3583.0
2024-05-20 18:38:16.548000097,tgi_request_count,http,10.128.2.43:3000,tgis-bam,single,fmaas-monitoring,llama3-mig3g-40gb,openshift-user-workload-monitoring/user-workload,tgis-bam,3584.0
2024-05-20 18:38:21.548000097,tgi_request_count,http,10.128.2.43:3000,tgis-bam,single,fmaas-monitoring,llama3-mig3g-40gb,openshift-user-workload-monitoring/user-workload,tgis-bam,3584.0
2024-05-20 18:38:26.548000097,tgi_request_count,http,10.128.2.43:3000,tgis-bam,single,fmaas-monitoring,llama3-mig3g-40gb,openshift-user-workload-monitoring/user-workload,tgis-bam,3584.0
2024-05-20 18:38:31.548000097,tgi_request_count,http,10.128.2.43:3000,tgis-bam,single,fmaas-monitoring,llama3-mig3g-40gb,openshift-user-workload-monitoring/user-workload,tgis-bam,3585.0
2024-05-20 18:38:36.548000097,tgi_request_count,http,10.128.2.43:3000,tgis-bam,single,fmaas-monitoring,llama3-mig3g-40gb,openshift-user-workload-monitoring/user-workload,tgis-bam,3593.0
2024-05-20 18:38:41.548000097,tgi_request_count,http,10.128.2.43:3000,tgis-bam,single,fmaas-monitoring,llama3-mig3g-40gb,openshift-user-workload-monitoring/user-workload,tgis-bam,3600.0
2024-05-20 18:38:46.548000097,tgi_request_count,http,10.128.2.43:3000,tgis-bam,single,fmaas-monitoring,llama3-mig3g-40gb,openshift-user-workload-monitoring/user-workload,tgis-bam,3604.0
2024-05-20 18:38:51.552000046,tgi_request_count,http,10.128.2.43:3000,tgis-bam,single,fmaas-monitoring,llama3-mig3g-40gb,openshift-user-workload-monitoring/user-workload,tgis-bam,3615.0
2024-05-20 18:38:56.548000097,tgi_request_count,http,10.128.2.43:3000,tgis-bam,single,fmaas-monitoring,llama3-mig3g-40gb,openshift-user-workload-monitoring/user-workload,tgis-bam,3617.0
2024-05-20 18:39:01.548000097,tgi_request_count,http,10.128.2.43:3000,tgis-bam,single,fmaas-monitoring,llama3-mig3g-40gb,openshift-user-workload-monitoring/user-workload,tgis-bam,3620.0
2024-05-20 18:39:06.548000097,tgi_request_count,http,10.128.2.43:3000,tgis-bam,single,fmaas-monitoring,llama3-mig3g-40gb,openshift-user-workload-monitoring/user-workload,tgis-bam,3622.0
2024-05-20 18:39:11.548000097,tgi_request_count,http,10.128.2.43:3000,tgis-bam,single,fmaas-monitoring,llama3-mig3g-40gb,openshift-user-workload-monitoring/user-workload,tgis-bam,3622.0
2024-05-20 18:39:16.548000097,tgi_request_count,http,10.128.2.43:3000,tgis-bam,single,fmaas-monitoring,llama3-mig3g-40gb,openshift-user-workload-monitoring/user-workload,tgis-bam,3622.0
2024-05-20 18:39:21.548000097,tgi_request_count,http,10.128.2.43:3000,tgis-bam,single,fmaas-monitoring,llama3-mig3g-40gb,openshift-user-workload-monitoring/user-workload,tgis-bam,3622.0
2024-05-20 18:39:26.548000097,tgi_request_count,http,10.128.2.43:3000,tgis-bam,single,fmaas-monitoring,llama3-mig3g-40gb,openshift-user-workload-monitoring/user-workload,tgis-bam,3622.0
2024-05-20 18:39:31.558000088,tgi_request_count,http,10.128.2.43:3000,tgis-bam,single,fmaas-monitoring,llama3-mig3g-40gb,openshift-user-workload-monitoring/user-workload,tgis-bam,3624.0
2024-05-20 18:39:36.548000097,tgi_request_count,http,10.128.2.43:3000,tgis-bam,single,fmaas-monitoring,llama3-mig3g-40gb,openshift-user-workload-monitoring/user-workload,tgis-bam,3628.0
2024-05-20 18:39:41.548000097,tgi_request_count,http,10.128.2.43:3000,tgis-bam,single,fmaas-monitoring,llama3-mig3g-40gb,openshift-user-workload-monitoring/user-workload,tgis-bam,3633.0
2024-05-20 18:39:46.548000097,tgi_request_count,http,10.128.2.43:3000,tgis-bam,single,fmaas-monitoring,llama3-mig3g-40gb,openshift-user-workload-monitoring/user-workload,tgis-bam,3638.0
2024-05-20 18:39:51.548000097,tgi_request_count,http,10.128.2.43:3000,tgis-bam,single,fmaas-monitoring,llama3-mig3g-40gb,openshift-user-workload-monitoring/user-workload,tgis-bam,3643.0
2024-05-20 18:39:56.548000097,tgi_request_count,http,10.128.2.43:3000,tgis-bam,single,fmaas-monitoring,llama3-mig3g-40gb,openshift-user-workload-monitoring/user-workload,tgis-bam,3645.0
2024-05-20 18:40:01.548000097,tgi_request_count,http,10.128.2.43:3000,tgis-bam,single,fmaas-monitoring,llama3-mig3g-40gb,openshift-user-workload-monitoring/user-workload,tgis-bam,3648.0
2024-05-20 18:40:06.548000097,tgi_request_count,http,10.128.2.43:3000,tgis-bam,single,fmaas-monitoring,llama3-mig3g-40gb,openshift-user-workload-monitoring/user-workload,tgis-bam,3652.0
2024-05-20 18:40:11.548000097,tgi_request_count,http,10.128.2.43:3000,tgis-bam,single,fmaas-monitoring,llama3-mig3g-40gb,openshift-user-workload-monitoring/user-workload,tgis-bam,3654.0
2024-05-20 18:40:16.548000097,tgi_request_count,http,10.128.2.43:3000,tgis-bam,single,fmaas-monitoring,llama3-mig3g-40gb,openshift-user-workload-monitoring/user-workload,tgis-bam,3656.0
2024-05-20 18:40:21.548000097,tgi_request_count,http,10.128.2.43:3000,tgis-bam,single,fmaas-monitoring,llama3-mig3g-40gb,openshift-user-workload-monitoring/user-workload,tgis-bam,3656.0
2024-05-20 18:40:26.548000097,tgi_request_count,http,10.128.2.43:3000,tgis-bam,single,fmaas-monitoring,llama3-mig3g-40gb,openshift-user-workload-monitoring/user-workload,tgis-bam,3656.0
2024-05-20 18:40:31.548000097,tgi_request_count,http,10.128.2.43:3000,tgis-bam,single,fmaas-monitoring,llama3-mig3g-40gb,openshift-user-workload-monitoring/user-workload,tgis-bam,3659.0
2024-05-20 18:40:36.548000097,tgi_request_count,http,10.128.2.43:3000,tgis-bam,single,fmaas-monitoring,llama3-mig3g-40gb,openshift-user-workload-monitoring/user-workload,tgis-bam,3663.0
2024-05-20 18:40:41.548000097,tgi_request_count,http,10.128.2.43:3000,tgis-bam,single,fmaas-monitoring,llama3-mig3g-40gb,openshift-user-workload-monitoring/user-workload,tgis-bam,3665.0
2024-05-20 18:40:46.548000097,tgi_request_count,http,10.128.2.43:3000,tgis-bam,single,fmaas-monitoring,llama3-mig3g-40gb,openshift-user-workload-monitoring/user-workload,tgis-bam,3669.0
2024-05-20 18:40:51.548000097,tgi_request_count,http,10.128.2.43:3000,tgis-bam,single,fmaas-monitoring,llama3-mig3g-40gb,openshift-user-workload-monitoring/user-workload,tgis-bam,3673.0
2024-05-20 18:40:56.548000097,tgi_request_count,http,10.128.2.43:3000,tgis-bam,single,fmaas-monitoring,llama3-mig3g-40gb,openshift-user-workload-monitoring/user-workload,tgis-bam,3680.0
2024-05-20 18:41:01.548000097,tgi_request_count,http,10.128.2.43:3000,tgis-bam,single,fmaas-monitoring,llama3-mig3g-40gb,openshift-user-workload-monitoring/user-workload,tgis-bam,3682.0
2024-05-20 18:41:06.548000097,tgi_request_count,http,10.128.2.43:3000,tgis-bam,single,fmaas-monitoring,llama3-mig3g-40gb,openshift-user-workload-monitoring/user-workload,tgis-bam,3683.0
2024-05-20 18:41:11.548000097,tgi_request_count,http,10.128.2.43:3000,tgis-bam,single,fmaas-monitoring,llama3-mig3g-40gb,openshift-user-workload-monitoring/user-workload,tgis-bam,3684.0
2024-05-20 18:41:16.548000097,tgi_request_count,http,10.128.2.43:3000,tgis-bam,single,fmaas-monitoring,llama3-mig3g-40gb,openshift-user-workload-monitoring/user-workload,tgis-bam,3690.0
2024-05-20 18:41:21.548000097,tgi_request_count,http,10.128.2.43:3000,tgis-bam,single,fmaas-monitoring,llama3-mig3g-40gb,openshift-user-workload-monitoring/user-workload,tgis-bam,3690.0
2024-05-20 18:41:26.548000097,tgi_request_count,http,10.128.2.43:3000,tgis-bam,single,fmaas-monitoring,llama3-mig3g-40gb,openshift-user-workload-monitoring/user-workload,tgis-bam,3690.0
2024-05-20 18:41:31.548000097,tgi_request_count,http,10.128.2.43:3000,tgis-bam,single,fmaas-monitoring,llama3-mig3g-40gb,openshift-user-workload-monitoring/user-workload,tgis-bam,3691.0
2024-05-20 18:41:36.548000097,tgi_request_count,http,10.128.2.43:3000,tgis-bam,single,fmaas-monitoring,llama3-mig3g-40gb,openshift-user-workload-monitoring/user-workload,tgis-bam,3694.0
2024-05-20 18:41:41.548000097,tgi_request_count,http,10.128.2.43:3000,tgis-bam,single,fmaas-monitoring,llama3-mig3g-40gb,openshift-user-workload-monitoring/user-workload,tgis-bam,3695.0
2024-05-20 18:41:46.548000097,tgi_request_count,http,10.128.2.43:3000,tgis-bam,single,fmaas-monitoring,llama3-mig3g-40gb,openshift-user-workload-monitoring/user-workload,tgis-bam,3695.0
2024-05-20 18:41:51.548000097,tgi_request_count,http,10.128.2.43:3000,tgis-bam,single,fmaas-monitoring,llama3-mig3g-40gb,openshift-user-workload-monitoring/user-workload,tgis-bam,3697.0
2024-05-20 18:41:56.548000097,tgi_request_count,http,10.128.2.43:3000,tgis-bam,single,fmaas-monitoring,llama3-mig3g-40gb,openshift-user-workload-monitoring/user-workload,tgis-bam,3700.0
2024-05-20 18:42:01.548000097,tgi_request_count,http,10.128.2.43:3000,tgis-bam,single,fmaas-monitoring,llama3-mig3g-40gb,openshift-user-workload-monitoring/user-workload,tgis-bam,3702.0
2024-05-20 18:42:06.548000097,tgi_request_count,http,10.128.2.43:3000,tgis-bam,single,fmaas-monitoring,llama3-mig3g-40gb,openshift-user-workload-monitoring/user-workload,tgis-bam,3705.0
2024-05-20 18:42:11.548000097,tgi_request_count,http,10.128.2.43:3000,tgis-bam,single,fmaas-monitoring,llama3-mig3g-40gb,openshift-user-workload-monitoring/user-workload,tgis-bam,3709.0
2024-05-20 18:42:16.548000097,tgi_request_count,http,10.128.2.43:3000,tgis-bam,single,fmaas-monitoring,llama3-mig3g-40gb,openshift-user-workload-monitoring/user-workload,tgis-bam,3713.0
2024-05-20 18:42:21.548000097,tgi_request_count,http,10.128.2.43:3000,tgis-bam,single,fmaas-monitoring,llama3-mig3g-40gb,openshift-user-workload-monitoring/user-workload,tgis-bam,3718.0
2024-05-20 18:42:26.548000097,tgi_request_count,http,10.128.2.43:3000,tgis-bam,single,fmaas-monitoring,llama3-mig3g-40gb,openshift-user-workload-monitoring/user-workload,tgis-bam,3720.0
2024-05-20 18:42:31.548000097,tgi_request_count,http,10.128.2.43:3000,tgis-bam,single,fmaas-monitoring,llama3-mig3g-40gb,openshift-user-workload-monitoring/user-workload,tgis-bam,3724.0
2024-05-20 18:42:36.548000097,tgi_request_count,http,10.128.2.43:3000,tgis-bam,single,fmaas-monitoring,llama3-mig3g-40gb,openshift-user-workload-monitoring/user-workload,tgis-bam,3731.0
2024-05-20 18:42:41.548000097,tgi_request_count,http,10.128.2.43:3000,tgis-bam,single,fmaas-monitoring,llama3-mig3g-40gb,openshift-user-workload-monitoring/user-workload,tgis-bam,3735.0
2024-05-20 18:42:46.548000097,tgi_request_count,http,10.128.2.43:3000,tgis-bam,single,fmaas-monitoring,llama3-mig3g-40gb,openshift-user-workload-monitoring/user-workload,tgis-bam,3740.0
2024-05-20 18:42:51.548000097,tgi_request_count,http,10.128.2.43:3000,tgis-bam,single,fmaas-monitoring,llama3-mig3g-40gb,openshift-user-workload-monitoring/user-workload,tgis-bam,3740.0
2024-05-20 18:42:56.548000097,tgi_request_count,http,10.128.2.43:3000,tgis-bam,single,fmaas-monitoring,llama3-mig3g-40gb,openshift-user-workload-monitoring/user-workload,tgis-bam,3742.0
2024-05-20 18:43:01.548000097,tgi_request_count,http,10.128.2.43:3000,tgis-bam,single,fmaas-monitoring,llama3-mig3g-40gb,openshift-user-workload-monitoring/user-workload,tgis-bam,3750.0
2024-05-20 18:43:06.548000097,tgi_request_count,http,10.128.2.43:3000,tgis-bam,single,fmaas-monitoring,llama3-mig3g-40gb,openshift-user-workload-monitoring/user-workload,tgis-bam,3752.0
2024-05-20 18:43:11.548000097,tgi_request_count,http,10.128.2.43:3000,tgis-bam,single,fmaas-monitoring,llama3-mig3g-40gb,openshift-user-workload-monitoring/user-workload,tgis-bam,3752.0
2024-05-20 18:43:16.548000097,tgi_request_count,http,10.128.2.43:3000,tgis-bam,single,fmaas-monitoring,llama3-mig3g-40gb,openshift-user-workload-monitoring/user-workload,tgis-bam,3755.0
2024-05-20 18:43:21.548000097,tgi_request_count,http,10.128.2.43:3000,tgis-bam,single,fmaas-monitoring,llama3-mig3g-40gb,openshift-user-workload-monitoring/user-workload,tgis-bam,3757.0
2024-05-20 18:43:26.548000097,tgi_request_count,http,10.128.2.43:3000,tgis-bam,single,fmaas-monitoring,llama3-mig3g-40gb,openshift-user-workload-monitoring/user-workload,tgis-bam,3757.0
2024-05-20 18:43:31.548000097,tgi_request_count,http,10.128.2.43:3000,tgis-bam,single,fmaas-monitoring,llama3-mig3g-40gb,openshift-user-workload-monitoring/user-workload,tgis-bam,3759.0
2024-05-20 18:43:36.548000097,tgi_request_count,http,10.128.2.43:3000,tgis-bam,single,fmaas-monitoring,llama3-mig3g-40gb,openshift-user-workload-monitoring/user-workload,tgis-bam,3762.0
2024-05-20 18:43:41.548000097,tgi_request_count,http,10.128.2.43:3000,tgis-bam,single,fmaas-monitoring,llama3-mig3g-40gb,openshift-user-workload-monitoring/user-workload,tgis-bam,3763.0
2024-05-20 18:43:46.548000097,tgi_request_count,http,10.128.2.43:3000,tgis-bam,single,fmaas-monitoring,llama3-mig3g-40gb,openshift-user-workload-monitoring/user-workload,tgis-bam,3766.0
2024-05-20 18:43:51.548000097,tgi_request_count,http,10.128.2.43:3000,tgis-bam,single,fmaas-monitoring,llama3-mig3g-40gb,openshift-user-workload-monitoring/user-workload,tgis-bam,3769.0
2024-05-20 18:43:56.548000097,tgi_request_count,http,10.128.2.43:3000,tgis-bam,single,fmaas-monitoring,llama3-mig3g-40gb,openshift-user-workload-monitoring/user-workload,tgis-bam,3776.0
2024-05-20 18:44:01.548000097,tgi_request_count,http,10.128.2.43:3000,tgis-bam,single,fmaas-monitoring,llama3-mig3g-40gb,openshift-user-workload-monitoring/user-workload,tgis-bam,3781.0
2024-05-20 18:44:06.555999994,tgi_request_count,http,10.128.2.43:3000,tgis-bam,single,fmaas-monitoring,llama3-mig3g-40gb,openshift-user-workload-monitoring/user-workload,tgis-bam,3785.0
2024-05-20 18:44:11.548000097,tgi_request_count,http,10.128.2.43:3000,tgis-bam,single,fmaas-monitoring,llama3-mig3g-40gb,openshift-user-workload-monitoring/user-workload,tgis-bam,3787.0
2024-05-20 18:44:16.548000097,tgi_request_count,http,10.128.2.43:3000,tgis-bam,single,fmaas-monitoring,llama3-mig3g-40gb,openshift-user-workload-monitoring/user-workload,tgis-bam,3788.0
2024-05-20 18:44:21.548000097,tgi_request_count,http,10.128.2.43:3000,tgis-bam,single,fmaas-monitoring,llama3-mig3g-40gb,openshift-user-workload-monitoring/user-workload,tgis-bam,3788.0
2024-05-20 18:44:26.548000097,tgi_request_count,http,10.128.2.43:3000,tgis-bam,single,fmaas-monitoring,llama3-mig3g-40gb,openshift-user-workload-monitoring/user-workload,tgis-bam,3788.0
2024-05-20 18:44:31.548000097,tgi_request_count,http,10.128.2.43:3000,tgis-bam,single,fmaas-monitoring,llama3-mig3g-40gb,openshift-user-workload-monitoring/user-workload,tgis-bam,3790.0
2024-05-20 18:44:36.548000097,tgi_request_count,http,10.128.2.43:3000,tgis-bam,single,fmaas-monitoring,llama3-mig3g-40gb,openshift-user-workload-monitoring/user-workload,tgis-bam,3796.0
2024-05-20 18:44:41.548000097,tgi_request_count,http,10.128.2.43:3000,tgis-bam,single,fmaas-monitoring,llama3-mig3g-40gb,openshift-user-workload-monitoring/user-workload,tgis-bam,3803.0
2024-05-20 18:44:46.548000097,tgi_request_count,http,10.128.2.43:3000,tgis-bam,single,fmaas-monitoring,llama3-mig3g-40gb,openshift-user-workload-monitoring/user-workload,tgis-bam,3805.0
2024-05-20 18:44:51.548000097,tgi_request_count,http,10.128.2.43:3000,tgis-bam,single,fmaas-monitoring,llama3-mig3g-40gb,openshift-user-workload-monitoring/user-workload,tgis-bam,3808.0
2024-05-20 18:44:56.548000097,tgi_request_count,http,10.128.2.43:3000,tgis-bam,single,fmaas-monitoring,llama3-mig3g-40gb,openshift-user-workload-monitoring/user-workload,tgis-bam,3815.0
2024-05-20 18:45:01.548000097,tgi_request_count,http,10.128.2.43:3000,tgis-bam,single,fmaas-monitoring,llama3-mig3g-40gb,openshift-user-workload-monitoring/user-workload,tgis-bam,3824.0
2024-05-20 18:45:06.548000097,tgi_request_count,http,10.128.2.43:3000,tgis-bam,single,fmaas-monitoring,llama3-mig3g-40gb,openshift-user-workload-monitoring/user-workload,tgis-bam,3827.0
2024-05-20 18:45:11.548000097,tgi_request_count,http,10.128.2.43:3000,tgis-bam,single,fmaas-monitoring,llama3-mig3g-40gb,openshift-user-workload-monitoring/user-workload,tgis-bam,3827.0
2024-05-20 18:45:16.548000097,tgi_request_count,http,10.128.2.43:3000,tgis-bam,single,fmaas-monitoring,llama3-mig3g-40gb,openshift-user-workload-monitoring/user-workload,tgis-bam,3827.0
2024-05-20 18:45:21.548000097,tgi_request_count,http,10.128.2.43:3000,tgis-bam,single,fmaas-monitoring,llama3-mig3g-40gb,openshift-user-workload-monitoring/user-workload,tgis-bam,3827.0
2024-05-20 18:45:26.548000097,tgi_request_count,http,10.128.2.43:3000,tgis-bam,single,fmaas-monitoring,llama3-mig3g-40gb,openshift-user-workload-monitoring/user-workload,tgis-bam,3827.0
2024-05-20 18:45:31.548000097,tgi_request_count,http,10.128.2.43:3000,tgis-bam,single,fmaas-monitoring,llama3-mig3g-40gb,openshift-user-workload-monitoring/user-workload,tgis-bam,3829.0
2024-05-20 18:45:36.548000097,tgi_request_count,http,10.128.2.43:3000,tgis-bam,single,fmaas-monitoring,llama3-mig3g-40gb,openshift-user-workload-monitoring/user-workload,tgis-bam,3832.0
2024-05-20 18:45:41.548000097,tgi_request_count,http,10.128.2.43:3000,tgis-bam,single,fmaas-monitoring,llama3-mig3g-40gb,openshift-user-workload-monitoring/user-workload,tgis-bam,3835.0
2024-05-20 18:45:46.548000097,tgi_request_count,http,10.128.2.43:3000,tgis-bam,single,fmaas-monitoring,llama3-mig3g-40gb,openshift-user-workload-monitoring/user-workload,tgis-bam,3838.0
2024-05-20 18:45:51.548000097,tgi_request_count,http,10.128.2.43:3000,tgis-bam,single,fmaas-monitoring,llama3-mig3g-40gb,openshift-user-workload-monitoring/user-workload,tgis-bam,3841.0
2024-05-20 18:45:56.548000097,tgi_request_count,http,10.128.2.43:3000,tgis-bam,single,fmaas-monitoring,llama3-mig3g-40gb,openshift-user-workload-monitoring/user-workload,tgis-bam,3844.0
2024-05-20 18:46:01.548000097,tgi_request_count,http,10.128.2.43:3000,tgis-bam,single,fmaas-monitoring,llama3-mig3g-40gb,openshift-user-workload-monitoring/user-workload,tgis-bam,3847.0
2024-05-20 18:46:06.548000097,tgi_request_count,http,10.128.2.43:3000,tgis-bam,single,fmaas-monitoring,llama3-mig3g-40gb,openshift-user-workload-monitoring/user-workload,tgis-bam,3850.0
2024-05-20 18:46:11.548000097,tgi_request_count,http,10.128.2.43:3000,tgis-bam,single,fmaas-monitoring,llama3-mig3g-40gb,openshift-user-workload-monitoring/user-workload,tgis-bam,3853.0
2024-05-20 18:46:16.548000097,tgi_request_count,http,10.128.2.43:3000,tgis-bam,single,fmaas-monitoring,llama3-mig3g-40gb,openshift-user-workload-monitoring/user-workload,tgis-bam,3853.0
2024-05-20 18:46:21.548000097,tgi_request_count,http,10.128.2.43:3000,tgis-bam,single,fmaas-monitoring,llama3-mig3g-40gb,openshift-user-workload-monitoring/user-workload,tgis-bam,3853.0
2024-05-20 18:46:26.548000097,tgi_request_count,http,10.128.2.43:3000,tgis-bam,single,fmaas-monitoring,llama3-mig3g-40gb,openshift-user-workload-monitoring/user-workload,tgis-bam,3853.0
2024-05-20 18:46:31.548000097,tgi_request_count,http,10.128.2.43:3000,tgis-bam,single,fmaas-monitoring,llama3-mig3g-40gb,openshift-user-workload-monitoring/user-workload,tgis-bam,3855.0
2024-05-20 18:46:36.548000097,tgi_request_count,http,10.128.2.43:3000,tgis-bam,single,fmaas-monitoring,llama3-mig3g-40gb,openshift-user-workload-monitoring/user-workload,tgis-bam,3861.0
2024-05-20 18:46:41.548000097,tgi_request_count,http,10.128.2.43:3000,tgis-bam,single,fmaas-monitoring,llama3-mig3g-40gb,openshift-user-workload-monitoring/user-workload,tgis-bam,3862.0
2024-05-20 18:46:46.548000097,tgi_request_count,http,10.128.2.43:3000,tgis-bam,single,fmaas-monitoring,llama3-mig3g-40gb,openshift-user-workload-monitoring/user-workload,tgis-bam,3867.0
2024-05-20 18:46:51.548000097,tgi_request_count,http,10.128.2.43:3000,tgis-bam,single,fmaas-monitoring,llama3-mig3g-40gb,openshift-user-workload-monitoring/user-workload,tgis-bam,3867.0
2024-05-20 18:46:56.548000097,tgi_request_count,http,10.128.2.43:3000,tgis-bam,single,fmaas-monitoring,llama3-mig3g-40gb,openshift-user-workload-monitoring/user-workload,tgis-bam,3870.0
2024-05-20 18:47:01.548000097,tgi_request_count,http,10.128.2.43:3000,tgis-bam,single,fmaas-monitoring,llama3-mig3g-40gb,openshift-user-workload-monitoring/user-workload,tgis-bam,3878.0
2024-05-20 18:47:06.548000097,tgi_request_count,http,10.128.2.43:3000,tgis-bam,single,fmaas-monitoring,llama3-mig3g-40gb,openshift-user-workload-monitoring/user-workload,tgis-bam,3884.0
2024-05-20 18:47:11.548000097,tgi_request_count,http,10.128.2.43:3000,tgis-bam,single,fmaas-monitoring,llama3-mig3g-40gb,openshift-user-workload-monitoring/user-workload,tgis-bam,3885.0
2024-05-20 18:47:16.548000097,tgi_request_count,http,10.128.2.43:3000,tgis-bam,single,fmaas-monitoring,llama3-mig3g-40gb,openshift-user-workload-monitoring/user-workload,tgis-bam,3888.0
2024-05-20 18:47:21.548000097,tgi_request_count,http,10.128.2.43:3000,tgis-bam,single,fmaas-monitoring,llama3-mig3g-40gb,openshift-user-workload-monitoring/user-workload,tgis-bam,3895.0
2024-05-20 18:47:26.548000097,tgi_request_count,http,10.128.2.43:3000,tgis-bam,single,fmaas-monitoring,llama3-mig3g-40gb,openshift-user-workload-monitoring/user-workload,tgis-bam,3898.0
2024-05-20 18:47:31.548000097,tgi_request_count,http,10.128.2.43:3000,tgis-bam,single,fmaas-monitoring,llama3-mig3g-40gb,openshift-user-workload-monitoring/user-workload,tgis-bam,3900.0
2024-05-20 18:47:36.548000097,tgi_request_count,http,10.128.2.43:3000,tgis-bam,single,fmaas-monitoring,llama3-mig3g-40gb,openshift-user-workload-monitoring/user-workload,tgis-bam,3905.0
2024-05-20 18:47:41.548000097,tgi_request_count,http,10.128.2.43:3000,tgis-bam,single,fmaas-monitoring,llama3-mig3g-40gb,openshift-user-workload-monitoring/user-workload,tgis-bam,3911.0
2024-05-20 18:47:46.548000097,tgi_request_count,http,10.128.2.43:3000,tgis-bam,single,fmaas-monitoring,llama3-mig3g-40gb,openshift-user-workload-monitoring/user-workload,tgis-bam,3913.0
2024-05-20 18:47:51.548000097,tgi_request_count,http,10.128.2.43:3000,tgis-bam,single,fmaas-monitoring,llama3-mig3g-40gb,openshift-user-workload-monitoring/user-workload,tgis-bam,3916.0
2024-05-20 18:47:56.548000097,tgi_request_count,http,10.128.2.43:3000,tgis-bam,single,fmaas-monitoring,llama3-mig3g-40gb,openshift-user-workload-monitoring/user-workload,tgis-bam,3917.0
2024-05-20 18:48:01.548000097,tgi_request_count,http,10.128.2.43:3000,tgis-bam,single,fmaas-monitoring,llama3-mig3g-40gb,openshift-user-workload-monitoring/user-workload,tgis-bam,3927.0
2024-05-20 18:48:06.548000097,tgi_request_count,http,10.128.2.43:3000,tgis-bam,single,fmaas-monitoring,llama3-mig3g-40gb,openshift-user-workload-monitoring/user-workload,tgis-bam,3928.0
2024-05-20 18:48:11.548000097,tgi_request_count,http,10.128.2.43:3000,tgis-bam,single,fmaas-monitoring,llama3-mig3g-40gb,openshift-user-workload-monitoring/user-workload,tgis-bam,3930.0
2024-05-20 18:48:16.548000097,tgi_request_count,http,10.128.2.43:3000,tgis-bam,single,fmaas-monitoring,llama3-mig3g-40gb,openshift-user-workload-monitoring/user-workload,tgis-bam,3934.0
2024-05-20 18:48:21.548000097,tgi_request_count,http,10.128.2.43:3000,tgis-bam,single,fmaas-monitoring,llama3-mig3g-40gb,openshift-user-workload-monitoring/user-workload,tgis-bam,3938.0
2024-05-20 18:48:26.548000097,tgi_request_count,http,10.128.2.43:3000,tgis-bam,single,fmaas-monitoring,llama3-mig3g-40gb,openshift-user-workload-monitoring/user-workload,tgis-bam,3940.0
2024-05-20 18:48:31.548000097,tgi_request_count,http,10.128.2.43:3000,tgis-bam,single,fmaas-monitoring,llama3-mig3g-40gb,openshift-user-workload-monitoring/user-workload,tgis-bam,3948.0
2024-05-20 18:48:36.548000097,tgi_request_count,http,10.128.2.43:3000,tgis-bam,single,fmaas-monitoring,llama3-mig3g-40gb,openshift-user-workload-monitoring/user-workload,tgis-bam,3968.0
2024-05-20 18:48:41.548000097,tgi_request_count,http,10.128.2.43:3000,tgis-bam,single,fmaas-monitoring,llama3-mig3g-40gb,openshift-user-workload-monitoring/user-workload,tgis-bam,3970.0
2024-05-20 18:48:46.548000097,tgi_request_count,http,10.128.2.43:3000,tgis-bam,single,fmaas-monitoring,llama3-mig3g-40gb,openshift-user-workload-monitoring/user-workload,tgis-bam,3977.0
2024-05-20 18:48:51.548000097,tgi_request_count,http,10.128.2.43:3000,tgis-bam,single,fmaas-monitoring,llama3-mig3g-40gb,openshift-user-workload-monitoring/user-workload,tgis-bam,3986.0
2024-05-20 18:48:56.548000097,tgi_request_count,http,10.128.2.43:3000,tgis-bam,single,fmaas-monitoring,llama3-mig3g-40gb,openshift-user-workload-monitoring/user-workload,tgis-bam,3991.0
2024-05-20 18:49:01.548000097,tgi_request_count,http,10.128.2.43:3000,tgis-bam,single,fmaas-monitoring,llama3-mig3g-40gb,openshift-user-workload-monitoring/user-workload,tgis-bam,3991.0
2024-05-20 18:49:06.548000097,tgi_request_count,http,10.128.2.43:3000,tgis-bam,single,fmaas-monitoring,llama3-mig3g-40gb,openshift-user-workload-monitoring/user-workload,tgis-bam,3991.0
2024-05-20 18:49:11.548000097,tgi_request_count,http,10.128.2.43:3000,tgis-bam,single,fmaas-monitoring,llama3-mig3g-40gb,openshift-user-workload-monitoring/user-workload,tgis-bam,3991.0
2024-05-20 18:49:16.548000097,tgi_request_count,http,10.128.2.43:3000,tgis-bam,single,fmaas-monitoring,llama3-mig3g-40gb,openshift-user-workload-monitoring/user-workload,tgis-bam,3991.0
2024-05-20 18:49:21.548000097,tgi_request_count,http,10.128.2.43:3000,tgis-bam,single,fmaas-monitoring,llama3-mig3g-40gb,openshift-user-workload-monitoring/user-workload,tgis-bam,3991.0
2024-05-20 18:49:26.548000097,tgi_request_count,http,10.128.2.43:3000,tgis-bam,single,fmaas-monitoring,llama3-mig3g-40gb,openshift-user-workload-monitoring/user-workload,tgis-bam,3991.0
2024-05-20 18:49:31.548000097,tgi_request_count,http,10.128.2.43:3000,tgis-bam,single,fmaas-monitoring,llama3-mig3g-40gb,openshift-user-workload-monitoring/user-workload,tgis-bam,3992.0
2024-05-20 18:49:36.548000097,tgi_request_count,http,10.128.2.43:3000,tgis-bam,single,fmaas-monitoring,llama3-mig3g-40gb,openshift-user-workload-monitoring/user-workload,tgis-bam,3995.0
2024-05-20 18:49:41.548000097,tgi_request_count,http,10.128.2.43:3000,tgis-bam,single,fmaas-monitoring,llama3-mig3g-40gb,openshift-user-workload-monitoring/user-workload,tgis-bam,3997.0
2024-05-20 18:49:46.548000097,tgi_request_count,http,10.128.2.43:3000,tgis-bam,single,fmaas-monitoring,llama3-mig3g-40gb,openshift-user-workload-monitoring/user-workload,tgis-bam,3999.0
2024-05-20 18:49:51.548000097,tgi_request_count,http,10.128.2.43:3000,tgis-bam,single,fmaas-monitoring,llama3-mig3g-40gb,openshift-user-workload-monitoring/user-workload,tgis-bam,4001.0
2024-05-20 18:49:56.548000097,tgi_request_count,http,10.128.2.43:3000,tgis-bam,single,fmaas-monitoring,llama3-mig3g-40gb,openshift-user-workload-monitoring/user-workload,tgis-bam,4004.0
2024-05-20 18:50:01.548000097,tgi_request_count,http,10.128.2.43:3000,tgis-bam,single,fmaas-monitoring,llama3-mig3g-40gb,openshift-user-workload-monitoring/user-workload,tgis-bam,4011.0
2024-05-20 18:50:06.548000097,tgi_request_count,http,10.128.2.43:3000,tgis-bam,single,fmaas-monitoring,llama3-mig3g-40gb,openshift-user-workload-monitoring/user-workload,tgis-bam,4019.0
2024-05-20 18:50:11.548000097,tgi_request_count,http,10.128.2.43:3000,tgis-bam,single,fmaas-monitoring,llama3-mig3g-40gb,openshift-user-workload-monitoring/user-workload,tgis-bam,4022.0
2024-05-20 18:50:16.548000097,tgi_request_count,http,10.128.2.43:3000,tgis-bam,single,fmaas-monitoring,llama3-mig3g-40gb,openshift-user-workload-monitoring/user-workload,tgis-bam,4022.0
2024-05-20 18:50:21.548000097,tgi_request_count,http,10.128.2.43:3000,tgis-bam,single,fmaas-monitoring,llama3-mig3g-40gb,openshift-user-workload-monitoring/user-workload,tgis-bam,4030.0
2024-05-20 18:50:26.548000097,tgi_request_count,http,10.128.2.43:3000,tgis-bam,single,fmaas-monitoring,llama3-mig3g-40gb,openshift-user-workload-monitoring/user-workload,tgis-bam,4030.0
