timestamp,__name__,endpoint,err,instance,job,namespace,pod,prometheus,service,value
2024-05-17 15:05:26.105999947,tgi_request_failure,http,cancelled,10.128.4.158:3000,tgis-bam,fmaas-monitoring,llama3,openshift-user-workload-monitoring/user-workload,tgis-bam,17164.0
2024-05-17 15:05:31.105999947,tgi_request_failure,http,cancelled,10.128.4.158:3000,tgis-bam,fmaas-monitoring,llama3,openshift-user-workload-monitoring/user-workload,tgis-bam,17164.0
2024-05-17 15:05:36.105999947,tgi_request_failure,http,cancelled,10.128.4.158:3000,tgis-bam,fmaas-monitoring,llama3,openshift-user-workload-monitoring/user-workload,tgis-bam,17164.0
2024-05-17 15:05:41.111000061,tgi_request_failure,http,cancelled,10.128.4.158:3000,tgis-bam,fmaas-monitoring,llama3,openshift-user-workload-monitoring/user-workload,tgis-bam,17164.0
2024-05-17 15:05:46.105999947,tgi_request_failure,http,cancelled,10.128.4.158:3000,tgis-bam,fmaas-monitoring,llama3,openshift-user-workload-monitoring/user-workload,tgis-bam,17164.0
2024-05-17 15:05:51.105999947,tgi_request_failure,http,cancelled,10.128.4.158:3000,tgis-bam,fmaas-monitoring,llama3,openshift-user-workload-monitoring/user-workload,tgis-bam,17164.0
2024-05-17 15:05:56.105999947,tgi_request_failure,http,cancelled,10.128.4.158:3000,tgis-bam,fmaas-monitoring,llama3,openshift-user-workload-monitoring/user-workload,tgis-bam,17164.0
2024-05-17 15:06:01.108999968,tgi_request_failure,http,cancelled,10.128.4.158:3000,tgis-bam,fmaas-monitoring,llama3,openshift-user-workload-monitoring/user-workload,tgis-bam,17164.0
2024-05-17 15:06:06.105999947,tgi_request_failure,http,cancelled,10.128.4.158:3000,tgis-bam,fmaas-monitoring,llama3,openshift-user-workload-monitoring/user-workload,tgis-bam,17164.0
2024-05-17 15:06:11.105999947,tgi_request_failure,http,cancelled,10.128.4.158:3000,tgis-bam,fmaas-monitoring,llama3,openshift-user-workload-monitoring/user-workload,tgis-bam,17164.0
2024-05-17 15:06:16.105999947,tgi_request_failure,http,cancelled,10.128.4.158:3000,tgis-bam,fmaas-monitoring,llama3,openshift-user-workload-monitoring/user-workload,tgis-bam,17164.0
2024-05-17 15:06:21.105999947,tgi_request_failure,http,cancelled,10.128.4.158:3000,tgis-bam,fmaas-monitoring,llama3,openshift-user-workload-monitoring/user-workload,tgis-bam,17164.0
2024-05-17 15:06:26.105999947,tgi_request_failure,http,cancelled,10.128.4.158:3000,tgis-bam,fmaas-monitoring,llama3,openshift-user-workload-monitoring/user-workload,tgis-bam,17164.0
2024-05-17 15:06:31.105999947,tgi_request_failure,http,cancelled,10.128.4.158:3000,tgis-bam,fmaas-monitoring,llama3,openshift-user-workload-monitoring/user-workload,tgis-bam,17164.0
2024-05-17 15:06:36.105999947,tgi_request_failure,http,cancelled,10.128.4.158:3000,tgis-bam,fmaas-monitoring,llama3,openshift-user-workload-monitoring/user-workload,tgis-bam,17164.0
2024-05-17 15:06:41.105999947,tgi_request_failure,http,cancelled,10.128.4.158:3000,tgis-bam,fmaas-monitoring,llama3,openshift-user-workload-monitoring/user-workload,tgis-bam,17164.0
2024-05-17 15:06:46.105999947,tgi_request_failure,http,cancelled,10.128.4.158:3000,tgis-bam,fmaas-monitoring,llama3,openshift-user-workload-monitoring/user-workload,tgis-bam,17164.0
2024-05-17 15:06:51.155999899,tgi_request_failure,http,cancelled,10.128.4.158:3000,tgis-bam,fmaas-monitoring,llama3,openshift-user-workload-monitoring/user-workload,tgis-bam,17164.0
2024-05-17 15:06:56.105999947,tgi_request_failure,http,cancelled,10.128.4.158:3000,tgis-bam,fmaas-monitoring,llama3,openshift-user-workload-monitoring/user-workload,tgis-bam,17164.0
2024-05-17 15:07:01.105999947,tgi_request_failure,http,cancelled,10.128.4.158:3000,tgis-bam,fmaas-monitoring,llama3,openshift-user-workload-monitoring/user-workload,tgis-bam,17164.0
2024-05-17 15:07:06.105999947,tgi_request_failure,http,cancelled,10.128.4.158:3000,tgis-bam,fmaas-monitoring,llama3,openshift-user-workload-monitoring/user-workload,tgis-bam,17164.0
2024-05-17 15:07:11.105999947,tgi_request_failure,http,cancelled,10.128.4.158:3000,tgis-bam,fmaas-monitoring,llama3,openshift-user-workload-monitoring/user-workload,tgis-bam,17164.0
2024-05-17 15:07:16.105999947,tgi_request_failure,http,cancelled,10.128.4.158:3000,tgis-bam,fmaas-monitoring,llama3,openshift-user-workload-monitoring/user-workload,tgis-bam,17164.0
2024-05-17 15:07:21.105999947,tgi_request_failure,http,cancelled,10.128.4.158:3000,tgis-bam,fmaas-monitoring,llama3,openshift-user-workload-monitoring/user-workload,tgis-bam,17164.0
2024-05-17 15:07:26.105999947,tgi_request_failure,http,cancelled,10.128.4.158:3000,tgis-bam,fmaas-monitoring,llama3,openshift-user-workload-monitoring/user-workload,tgis-bam,17164.0
2024-05-17 15:07:31.105999947,tgi_request_failure,http,cancelled,10.128.4.158:3000,tgis-bam,fmaas-monitoring,llama3,openshift-user-workload-monitoring/user-workload,tgis-bam,17164.0
2024-05-17 15:07:36.105999947,tgi_request_failure,http,cancelled,10.128.4.158:3000,tgis-bam,fmaas-monitoring,llama3,openshift-user-workload-monitoring/user-workload,tgis-bam,17164.0
2024-05-17 15:07:41.105999947,tgi_request_failure,http,cancelled,10.128.4.158:3000,tgis-bam,fmaas-monitoring,llama3,openshift-user-workload-monitoring/user-workload,tgis-bam,17164.0
2024-05-17 15:07:46.105999947,tgi_request_failure,http,cancelled,10.128.4.158:3000,tgis-bam,fmaas-monitoring,llama3,openshift-user-workload-monitoring/user-workload,tgis-bam,17164.0
2024-05-17 15:07:51.105999947,tgi_request_failure,http,cancelled,10.128.4.158:3000,tgis-bam,fmaas-monitoring,llama3,openshift-user-workload-monitoring/user-workload,tgis-bam,17164.0
2024-05-17 15:07:56.105999947,tgi_request_failure,http,cancelled,10.128.4.158:3000,tgis-bam,fmaas-monitoring,llama3,openshift-user-workload-monitoring/user-workload,tgis-bam,17164.0
2024-05-17 15:08:01.105999947,tgi_request_failure,http,cancelled,10.128.4.158:3000,tgis-bam,fmaas-monitoring,llama3,openshift-user-workload-monitoring/user-workload,tgis-bam,17164.0
2024-05-17 15:08:06.105999947,tgi_request_failure,http,cancelled,10.128.4.158:3000,tgis-bam,fmaas-monitoring,llama3,openshift-user-workload-monitoring/user-workload,tgis-bam,17164.0
2024-05-17 15:08:11.105999947,tgi_request_failure,http,cancelled,10.128.4.158:3000,tgis-bam,fmaas-monitoring,llama3,openshift-user-workload-monitoring/user-workload,tgis-bam,17164.0
2024-05-17 15:08:16.105999947,tgi_request_failure,http,cancelled,10.128.4.158:3000,tgis-bam,fmaas-monitoring,llama3,openshift-user-workload-monitoring/user-workload,tgis-bam,17164.0
2024-05-17 15:08:21.105999947,tgi_request_failure,http,cancelled,10.128.4.158:3000,tgis-bam,fmaas-monitoring,llama3,openshift-user-workload-monitoring/user-workload,tgis-bam,17164.0
2024-05-17 15:08:26.105999947,tgi_request_failure,http,cancelled,10.128.4.158:3000,tgis-bam,fmaas-monitoring,llama3,openshift-user-workload-monitoring/user-workload,tgis-bam,17164.0
2024-05-17 15:08:31.105999947,tgi_request_failure,http,cancelled,10.128.4.158:3000,tgis-bam,fmaas-monitoring,llama3,openshift-user-workload-monitoring/user-workload,tgis-bam,17164.0
2024-05-17 15:08:36.105999947,tgi_request_failure,http,cancelled,10.128.4.158:3000,tgis-bam,fmaas-monitoring,llama3,openshift-user-workload-monitoring/user-workload,tgis-bam,17164.0
2024-05-17 15:08:41.105999947,tgi_request_failure,http,cancelled,10.128.4.158:3000,tgis-bam,fmaas-monitoring,llama3,openshift-user-workload-monitoring/user-workload,tgis-bam,17164.0
2024-05-17 15:08:46.105999947,tgi_request_failure,http,cancelled,10.128.4.158:3000,tgis-bam,fmaas-monitoring,llama3,openshift-user-workload-monitoring/user-workload,tgis-bam,17164.0
2024-05-17 15:08:51.105999947,tgi_request_failure,http,cancelled,10.128.4.158:3000,tgis-bam,fmaas-monitoring,llama3,openshift-user-workload-monitoring/user-workload,tgis-bam,17164.0
2024-05-17 15:08:56.105999947,tgi_request_failure,http,cancelled,10.128.4.158:3000,tgis-bam,fmaas-monitoring,llama3,openshift-user-workload-monitoring/user-workload,tgis-bam,17164.0
2024-05-17 15:09:01.105999947,tgi_request_failure,http,cancelled,10.128.4.158:3000,tgis-bam,fmaas-monitoring,llama3,openshift-user-workload-monitoring/user-workload,tgis-bam,17164.0
2024-05-17 15:09:06.108999968,tgi_request_failure,http,cancelled,10.128.4.158:3000,tgis-bam,fmaas-monitoring,llama3,openshift-user-workload-monitoring/user-workload,tgis-bam,17164.0
2024-05-17 15:09:11.105999947,tgi_request_failure,http,cancelled,10.128.4.158:3000,tgis-bam,fmaas-monitoring,llama3,openshift-user-workload-monitoring/user-workload,tgis-bam,17164.0
2024-05-17 15:09:16.105999947,tgi_request_failure,http,cancelled,10.128.4.158:3000,tgis-bam,fmaas-monitoring,llama3,openshift-user-workload-monitoring/user-workload,tgis-bam,17164.0
2024-05-17 15:09:21.105999947,tgi_request_failure,http,cancelled,10.128.4.158:3000,tgis-bam,fmaas-monitoring,llama3,openshift-user-workload-monitoring/user-workload,tgis-bam,17164.0
2024-05-17 15:09:26.105999947,tgi_request_failure,http,cancelled,10.128.4.158:3000,tgis-bam,fmaas-monitoring,llama3,openshift-user-workload-monitoring/user-workload,tgis-bam,17164.0
2024-05-17 15:09:31.105999947,tgi_request_failure,http,cancelled,10.128.4.158:3000,tgis-bam,fmaas-monitoring,llama3,openshift-user-workload-monitoring/user-workload,tgis-bam,17164.0
2024-05-17 15:09:36.105999947,tgi_request_failure,http,cancelled,10.128.4.158:3000,tgis-bam,fmaas-monitoring,llama3,openshift-user-workload-monitoring/user-workload,tgis-bam,17164.0
2024-05-17 15:09:41.105999947,tgi_request_failure,http,cancelled,10.128.4.158:3000,tgis-bam,fmaas-monitoring,llama3,openshift-user-workload-monitoring/user-workload,tgis-bam,17164.0
2024-05-17 15:09:46.105999947,tgi_request_failure,http,cancelled,10.128.4.158:3000,tgis-bam,fmaas-monitoring,llama3,openshift-user-workload-monitoring/user-workload,tgis-bam,17164.0
2024-05-17 15:09:51.105999947,tgi_request_failure,http,cancelled,10.128.4.158:3000,tgis-bam,fmaas-monitoring,llama3,openshift-user-workload-monitoring/user-workload,tgis-bam,17164.0
2024-05-17 15:09:56.105999947,tgi_request_failure,http,cancelled,10.128.4.158:3000,tgis-bam,fmaas-monitoring,llama3,openshift-user-workload-monitoring/user-workload,tgis-bam,17164.0
2024-05-17 15:10:01.122999907,tgi_request_failure,http,cancelled,10.128.4.158:3000,tgis-bam,fmaas-monitoring,llama3,openshift-user-workload-monitoring/user-workload,tgis-bam,17164.0
2024-05-17 15:10:06.105999947,tgi_request_failure,http,cancelled,10.128.4.158:3000,tgis-bam,fmaas-monitoring,llama3,openshift-user-workload-monitoring/user-workload,tgis-bam,17164.0
2024-05-17 15:10:11.105999947,tgi_request_failure,http,cancelled,10.128.4.158:3000,tgis-bam,fmaas-monitoring,llama3,openshift-user-workload-monitoring/user-workload,tgis-bam,17164.0
2024-05-17 15:10:16.105999947,tgi_request_failure,http,cancelled,10.128.4.158:3000,tgis-bam,fmaas-monitoring,llama3,openshift-user-workload-monitoring/user-workload,tgis-bam,17164.0
2024-05-17 15:10:21.105999947,tgi_request_failure,http,cancelled,10.128.4.158:3000,tgis-bam,fmaas-monitoring,llama3,openshift-user-workload-monitoring/user-workload,tgis-bam,17164.0
2024-05-17 15:10:26.105999947,tgi_request_failure,http,cancelled,10.128.4.158:3000,tgis-bam,fmaas-monitoring,llama3,openshift-user-workload-monitoring/user-workload,tgis-bam,17164.0
2024-05-17 15:10:31.105999947,tgi_request_failure,http,cancelled,10.128.4.158:3000,tgis-bam,fmaas-monitoring,llama3,openshift-user-workload-monitoring/user-workload,tgis-bam,17165.0
2024-05-17 15:10:36.105999947,tgi_request_failure,http,cancelled,10.128.4.158:3000,tgis-bam,fmaas-monitoring,llama3,openshift-user-workload-monitoring/user-workload,tgis-bam,17166.0
2024-05-17 15:10:41.105999947,tgi_request_failure,http,cancelled,10.128.4.158:3000,tgis-bam,fmaas-monitoring,llama3,openshift-user-workload-monitoring/user-workload,tgis-bam,17169.0
2024-05-17 15:10:46.105999947,tgi_request_failure,http,cancelled,10.128.4.158:3000,tgis-bam,fmaas-monitoring,llama3,openshift-user-workload-monitoring/user-workload,tgis-bam,17172.0
2024-05-17 15:10:51.105999947,tgi_request_failure,http,cancelled,10.128.4.158:3000,tgis-bam,fmaas-monitoring,llama3,openshift-user-workload-monitoring/user-workload,tgis-bam,17183.0
2024-05-17 15:10:56.105999947,tgi_request_failure,http,cancelled,10.128.4.158:3000,tgis-bam,fmaas-monitoring,llama3,openshift-user-workload-monitoring/user-workload,tgis-bam,17192.0
2024-05-17 15:11:01.105999947,tgi_request_failure,http,cancelled,10.128.4.158:3000,tgis-bam,fmaas-monitoring,llama3,openshift-user-workload-monitoring/user-workload,tgis-bam,17200.0
2024-05-17 15:11:06.105999947,tgi_request_failure,http,cancelled,10.128.4.158:3000,tgis-bam,fmaas-monitoring,llama3,openshift-user-workload-monitoring/user-workload,tgis-bam,17202.0
2024-05-17 15:11:11.105999947,tgi_request_failure,http,cancelled,10.128.4.158:3000,tgis-bam,fmaas-monitoring,llama3,openshift-user-workload-monitoring/user-workload,tgis-bam,17202.0
2024-05-17 15:11:16.105999947,tgi_request_failure,http,cancelled,10.128.4.158:3000,tgis-bam,fmaas-monitoring,llama3,openshift-user-workload-monitoring/user-workload,tgis-bam,17202.0
2024-05-17 15:11:21.105999947,tgi_request_failure,http,cancelled,10.128.4.158:3000,tgis-bam,fmaas-monitoring,llama3,openshift-user-workload-monitoring/user-workload,tgis-bam,17202.0
2024-05-17 15:11:26.105999947,tgi_request_failure,http,cancelled,10.128.4.158:3000,tgis-bam,fmaas-monitoring,llama3,openshift-user-workload-monitoring/user-workload,tgis-bam,17202.0
2024-05-17 15:11:31.108999968,tgi_request_failure,http,cancelled,10.128.4.158:3000,tgis-bam,fmaas-monitoring,llama3,openshift-user-workload-monitoring/user-workload,tgis-bam,17208.0
2024-05-17 15:11:36.105999947,tgi_request_failure,http,cancelled,10.128.4.158:3000,tgis-bam,fmaas-monitoring,llama3,openshift-user-workload-monitoring/user-workload,tgis-bam,17224.0
2024-05-17 15:11:41.105999947,tgi_request_failure,http,cancelled,10.128.4.158:3000,tgis-bam,fmaas-monitoring,llama3,openshift-user-workload-monitoring/user-workload,tgis-bam,17248.0
2024-05-17 15:11:46.105999947,tgi_request_failure,http,cancelled,10.128.4.158:3000,tgis-bam,fmaas-monitoring,llama3,openshift-user-workload-monitoring/user-workload,tgis-bam,17263.0
2024-05-17 15:11:51.115000010,tgi_request_failure,http,cancelled,10.128.4.158:3000,tgis-bam,fmaas-monitoring,llama3,openshift-user-workload-monitoring/user-workload,tgis-bam,17281.0
2024-05-17 15:11:56.105999947,tgi_request_failure,http,cancelled,10.128.4.158:3000,tgis-bam,fmaas-monitoring,llama3,openshift-user-workload-monitoring/user-workload,tgis-bam,17299.0
2024-05-17 15:12:01.105999947,tgi_request_failure,http,cancelled,10.128.4.158:3000,tgis-bam,fmaas-monitoring,llama3,openshift-user-workload-monitoring/user-workload,tgis-bam,17299.0
2024-05-17 15:12:06.109999895,tgi_request_failure,http,cancelled,10.128.4.158:3000,tgis-bam,fmaas-monitoring,llama3,openshift-user-workload-monitoring/user-workload,tgis-bam,17299.0
2024-05-17 15:12:11.105999947,tgi_request_failure,http,cancelled,10.128.4.158:3000,tgis-bam,fmaas-monitoring,llama3,openshift-user-workload-monitoring/user-workload,tgis-bam,17299.0
2024-05-17 15:12:16.105999947,tgi_request_failure,http,cancelled,10.128.4.158:3000,tgis-bam,fmaas-monitoring,llama3,openshift-user-workload-monitoring/user-workload,tgis-bam,17299.0
2024-05-17 15:12:21.105999947,tgi_request_failure,http,cancelled,10.128.4.158:3000,tgis-bam,fmaas-monitoring,llama3,openshift-user-workload-monitoring/user-workload,tgis-bam,17299.0
2024-05-17 15:12:26.105999947,tgi_request_failure,http,cancelled,10.128.4.158:3000,tgis-bam,fmaas-monitoring,llama3,openshift-user-workload-monitoring/user-workload,tgis-bam,17299.0
2024-05-17 15:12:31.105999947,tgi_request_failure,http,cancelled,10.128.4.158:3000,tgis-bam,fmaas-monitoring,llama3,openshift-user-workload-monitoring/user-workload,tgis-bam,17306.0
2024-05-17 15:12:36.105999947,tgi_request_failure,http,cancelled,10.128.4.158:3000,tgis-bam,fmaas-monitoring,llama3,openshift-user-workload-monitoring/user-workload,tgis-bam,17331.0
2024-05-17 15:12:41.105999947,tgi_request_failure,http,cancelled,10.128.4.158:3000,tgis-bam,fmaas-monitoring,llama3,openshift-user-workload-monitoring/user-workload,tgis-bam,17342.0
2024-05-17 15:12:46.105999947,tgi_request_failure,http,cancelled,10.128.4.158:3000,tgis-bam,fmaas-monitoring,llama3,openshift-user-workload-monitoring/user-workload,tgis-bam,17347.0
2024-05-17 15:12:51.105999947,tgi_request_failure,http,cancelled,10.128.4.158:3000,tgis-bam,fmaas-monitoring,llama3,openshift-user-workload-monitoring/user-workload,tgis-bam,17358.0
2024-05-17 15:12:56.105999947,tgi_request_failure,http,cancelled,10.128.4.158:3000,tgis-bam,fmaas-monitoring,llama3,openshift-user-workload-monitoring/user-workload,tgis-bam,17370.0
2024-05-17 15:13:01.105999947,tgi_request_failure,http,cancelled,10.128.4.158:3000,tgis-bam,fmaas-monitoring,llama3,openshift-user-workload-monitoring/user-workload,tgis-bam,17370.0
2024-05-17 15:13:06.105999947,tgi_request_failure,http,cancelled,10.128.4.158:3000,tgis-bam,fmaas-monitoring,llama3,openshift-user-workload-monitoring/user-workload,tgis-bam,17370.0
2024-05-17 15:13:11.105999947,tgi_request_failure,http,cancelled,10.128.4.158:3000,tgis-bam,fmaas-monitoring,llama3,openshift-user-workload-monitoring/user-workload,tgis-bam,17370.0
2024-05-17 15:13:16.105999947,tgi_request_failure,http,cancelled,10.128.4.158:3000,tgis-bam,fmaas-monitoring,llama3,openshift-user-workload-monitoring/user-workload,tgis-bam,17370.0
2024-05-17 15:13:21.105999947,tgi_request_failure,http,cancelled,10.128.4.158:3000,tgis-bam,fmaas-monitoring,llama3,openshift-user-workload-monitoring/user-workload,tgis-bam,17370.0
2024-05-17 15:13:26.105999947,tgi_request_failure,http,cancelled,10.128.4.158:3000,tgis-bam,fmaas-monitoring,llama3,openshift-user-workload-monitoring/user-workload,tgis-bam,17370.0
2024-05-17 15:13:31.105999947,tgi_request_failure,http,cancelled,10.128.4.158:3000,tgis-bam,fmaas-monitoring,llama3,openshift-user-workload-monitoring/user-workload,tgis-bam,17381.0
2024-05-17 15:13:36.105999947,tgi_request_failure,http,cancelled,10.128.4.158:3000,tgis-bam,fmaas-monitoring,llama3,openshift-user-workload-monitoring/user-workload,tgis-bam,17397.0
2024-05-17 15:13:41.105999947,tgi_request_failure,http,cancelled,10.128.4.158:3000,tgis-bam,fmaas-monitoring,llama3,openshift-user-workload-monitoring/user-workload,tgis-bam,17405.0
2024-05-17 15:13:46.105999947,tgi_request_failure,http,cancelled,10.128.4.158:3000,tgis-bam,fmaas-monitoring,llama3,openshift-user-workload-monitoring/user-workload,tgis-bam,17421.0
2024-05-17 15:13:51.105999947,tgi_request_failure,http,cancelled,10.128.4.158:3000,tgis-bam,fmaas-monitoring,llama3,openshift-user-workload-monitoring/user-workload,tgis-bam,17441.0
2024-05-17 15:13:56.105999947,tgi_request_failure,http,cancelled,10.128.4.158:3000,tgis-bam,fmaas-monitoring,llama3,openshift-user-workload-monitoring/user-workload,tgis-bam,17448.0
2024-05-17 15:14:01.155999899,tgi_request_failure,http,cancelled,10.128.4.158:3000,tgis-bam,fmaas-monitoring,llama3,openshift-user-workload-monitoring/user-workload,tgis-bam,17448.0
2024-05-17 15:14:06.108999968,tgi_request_failure,http,cancelled,10.128.4.158:3000,tgis-bam,fmaas-monitoring,llama3,openshift-user-workload-monitoring/user-workload,tgis-bam,17448.0
2024-05-17 15:14:11.105999947,tgi_request_failure,http,cancelled,10.128.4.158:3000,tgis-bam,fmaas-monitoring,llama3,openshift-user-workload-monitoring/user-workload,tgis-bam,17448.0
2024-05-17 15:14:16.105999947,tgi_request_failure,http,cancelled,10.128.4.158:3000,tgis-bam,fmaas-monitoring,llama3,openshift-user-workload-monitoring/user-workload,tgis-bam,17448.0
2024-05-17 15:14:21.105999947,tgi_request_failure,http,cancelled,10.128.4.158:3000,tgis-bam,fmaas-monitoring,llama3,openshift-user-workload-monitoring/user-workload,tgis-bam,17448.0
2024-05-17 15:14:26.105999947,tgi_request_failure,http,cancelled,10.128.4.158:3000,tgis-bam,fmaas-monitoring,llama3,openshift-user-workload-monitoring/user-workload,tgis-bam,17448.0
2024-05-17 15:14:31.105999947,tgi_request_failure,http,cancelled,10.128.4.158:3000,tgis-bam,fmaas-monitoring,llama3,openshift-user-workload-monitoring/user-workload,tgis-bam,17453.0
2024-05-17 15:14:36.105999947,tgi_request_failure,http,cancelled,10.128.4.158:3000,tgis-bam,fmaas-monitoring,llama3,openshift-user-workload-monitoring/user-workload,tgis-bam,17468.0
2024-05-17 15:14:41.105999947,tgi_request_failure,http,cancelled,10.128.4.158:3000,tgis-bam,fmaas-monitoring,llama3,openshift-user-workload-monitoring/user-workload,tgis-bam,17484.0
2024-05-17 15:14:46.105999947,tgi_request_failure,http,cancelled,10.128.4.158:3000,tgis-bam,fmaas-monitoring,llama3,openshift-user-workload-monitoring/user-workload,tgis-bam,17493.0
2024-05-17 15:14:51.105999947,tgi_request_failure,http,cancelled,10.128.4.158:3000,tgis-bam,fmaas-monitoring,llama3,openshift-user-workload-monitoring/user-workload,tgis-bam,17507.0
2024-05-17 15:14:56.147000074,tgi_request_failure,http,cancelled,10.128.4.158:3000,tgis-bam,fmaas-monitoring,llama3,openshift-user-workload-monitoring/user-workload,tgis-bam,17509.0
2024-05-17 15:15:01.105999947,tgi_request_failure,http,cancelled,10.128.4.158:3000,tgis-bam,fmaas-monitoring,llama3,openshift-user-workload-monitoring/user-workload,tgis-bam,17509.0
2024-05-17 15:15:06.105999947,tgi_request_failure,http,cancelled,10.128.4.158:3000,tgis-bam,fmaas-monitoring,llama3,openshift-user-workload-monitoring/user-workload,tgis-bam,17509.0
2024-05-17 15:15:11.105999947,tgi_request_failure,http,cancelled,10.128.4.158:3000,tgis-bam,fmaas-monitoring,llama3,openshift-user-workload-monitoring/user-workload,tgis-bam,17509.0
2024-05-17 15:15:16.105999947,tgi_request_failure,http,cancelled,10.128.4.158:3000,tgis-bam,fmaas-monitoring,llama3,openshift-user-workload-monitoring/user-workload,tgis-bam,17509.0
2024-05-17 15:15:21.105999947,tgi_request_failure,http,cancelled,10.128.4.158:3000,tgis-bam,fmaas-monitoring,llama3,openshift-user-workload-monitoring/user-workload,tgis-bam,17509.0
2024-05-17 15:15:26.105999947,tgi_request_failure,http,cancelled,10.128.4.158:3000,tgis-bam,fmaas-monitoring,llama3,openshift-user-workload-monitoring/user-workload,tgis-bam,17509.0
2024-05-17 15:15:31.105999947,tgi_request_failure,http,cancelled,10.128.4.158:3000,tgis-bam,fmaas-monitoring,llama3,openshift-user-workload-monitoring/user-workload,tgis-bam,17512.0
2024-05-17 15:15:36.105999947,tgi_request_failure,http,cancelled,10.128.4.158:3000,tgis-bam,fmaas-monitoring,llama3,openshift-user-workload-monitoring/user-workload,tgis-bam,17522.0
2024-05-17 15:15:41.105999947,tgi_request_failure,http,cancelled,10.128.4.158:3000,tgis-bam,fmaas-monitoring,llama3,openshift-user-workload-monitoring/user-workload,tgis-bam,17530.0
2024-05-17 15:15:46.105999947,tgi_request_failure,http,cancelled,10.128.4.158:3000,tgis-bam,fmaas-monitoring,llama3,openshift-user-workload-monitoring/user-workload,tgis-bam,17538.0
2024-05-17 15:15:51.105999947,tgi_request_failure,http,cancelled,10.128.4.158:3000,tgis-bam,fmaas-monitoring,llama3,openshift-user-workload-monitoring/user-workload,tgis-bam,17561.0
2024-05-17 15:15:56.105999947,tgi_request_failure,http,cancelled,10.128.4.158:3000,tgis-bam,fmaas-monitoring,llama3,openshift-user-workload-monitoring/user-workload,tgis-bam,17572.0
2024-05-17 15:16:01.105999947,tgi_request_failure,http,cancelled,10.128.4.158:3000,tgis-bam,fmaas-monitoring,llama3,openshift-user-workload-monitoring/user-workload,tgis-bam,17586.0
2024-05-17 15:16:06.105999947,tgi_request_failure,http,cancelled,10.128.4.158:3000,tgis-bam,fmaas-monitoring,llama3,openshift-user-workload-monitoring/user-workload,tgis-bam,17587.0
2024-05-17 15:16:11.105999947,tgi_request_failure,http,cancelled,10.128.4.158:3000,tgis-bam,fmaas-monitoring,llama3,openshift-user-workload-monitoring/user-workload,tgis-bam,17587.0
2024-05-17 15:16:16.105999947,tgi_request_failure,http,cancelled,10.128.4.158:3000,tgis-bam,fmaas-monitoring,llama3,openshift-user-workload-monitoring/user-workload,tgis-bam,17587.0
2024-05-17 15:16:21.105999947,tgi_request_failure,http,cancelled,10.128.4.158:3000,tgis-bam,fmaas-monitoring,llama3,openshift-user-workload-monitoring/user-workload,tgis-bam,17587.0
2024-05-17 15:16:26.105999947,tgi_request_failure,http,cancelled,10.128.4.158:3000,tgis-bam,fmaas-monitoring,llama3,openshift-user-workload-monitoring/user-workload,tgis-bam,17587.0
2024-05-17 15:16:31.105999947,tgi_request_failure,http,cancelled,10.128.4.158:3000,tgis-bam,fmaas-monitoring,llama3,openshift-user-workload-monitoring/user-workload,tgis-bam,17590.0
2024-05-17 15:16:36.105999947,tgi_request_failure,http,cancelled,10.128.4.158:3000,tgis-bam,fmaas-monitoring,llama3,openshift-user-workload-monitoring/user-workload,tgis-bam,17597.0
2024-05-17 15:16:41.105999947,tgi_request_failure,http,cancelled,10.128.4.158:3000,tgis-bam,fmaas-monitoring,llama3,openshift-user-workload-monitoring/user-workload,tgis-bam,17613.0
2024-05-17 15:16:46.105999947,tgi_request_failure,http,cancelled,10.128.4.158:3000,tgis-bam,fmaas-monitoring,llama3,openshift-user-workload-monitoring/user-workload,tgis-bam,17630.0
2024-05-17 15:16:51.105999947,tgi_request_failure,http,cancelled,10.128.4.158:3000,tgis-bam,fmaas-monitoring,llama3,openshift-user-workload-monitoring/user-workload,tgis-bam,17630.0
2024-05-17 15:16:56.105999947,tgi_request_failure,http,cancelled,10.128.4.158:3000,tgis-bam,fmaas-monitoring,llama3,openshift-user-workload-monitoring/user-workload,tgis-bam,17643.0
2024-05-17 15:17:01.105999947,tgi_request_failure,http,cancelled,10.128.4.158:3000,tgis-bam,fmaas-monitoring,llama3,openshift-user-workload-monitoring/user-workload,tgis-bam,17650.0
2024-05-17 15:17:06.105999947,tgi_request_failure,http,cancelled,10.128.4.158:3000,tgis-bam,fmaas-monitoring,llama3,openshift-user-workload-monitoring/user-workload,tgis-bam,17668.0
2024-05-17 15:17:11.105999947,tgi_request_failure,http,cancelled,10.128.4.158:3000,tgis-bam,fmaas-monitoring,llama3,openshift-user-workload-monitoring/user-workload,tgis-bam,17669.0
2024-05-17 15:17:16.105999947,tgi_request_failure,http,cancelled,10.128.4.158:3000,tgis-bam,fmaas-monitoring,llama3,openshift-user-workload-monitoring/user-workload,tgis-bam,17669.0
2024-05-17 15:17:21.105999947,tgi_request_failure,http,cancelled,10.128.4.158:3000,tgis-bam,fmaas-monitoring,llama3,openshift-user-workload-monitoring/user-workload,tgis-bam,17669.0
2024-05-17 15:17:26.105999947,tgi_request_failure,http,cancelled,10.128.4.158:3000,tgis-bam,fmaas-monitoring,llama3,openshift-user-workload-monitoring/user-workload,tgis-bam,17669.0
2024-05-17 15:17:31.105999947,tgi_request_failure,http,cancelled,10.128.4.158:3000,tgis-bam,fmaas-monitoring,llama3,openshift-user-workload-monitoring/user-workload,tgis-bam,17675.0
2024-05-17 15:17:36.105999947,tgi_request_failure,http,cancelled,10.128.4.158:3000,tgis-bam,fmaas-monitoring,llama3,openshift-user-workload-monitoring/user-workload,tgis-bam,17691.0
2024-05-17 15:17:41.105999947,tgi_request_failure,http,cancelled,10.128.4.158:3000,tgis-bam,fmaas-monitoring,llama3,openshift-user-workload-monitoring/user-workload,tgis-bam,17709.0
2024-05-17 15:17:46.105999947,tgi_request_failure,http,cancelled,10.128.4.158:3000,tgis-bam,fmaas-monitoring,llama3,openshift-user-workload-monitoring/user-workload,tgis-bam,17716.0
2024-05-17 15:17:51.105999947,tgi_request_failure,http,cancelled,10.128.4.158:3000,tgis-bam,fmaas-monitoring,llama3,openshift-user-workload-monitoring/user-workload,tgis-bam,17719.0
2024-05-17 15:17:56.105999947,tgi_request_failure,http,cancelled,10.128.4.158:3000,tgis-bam,fmaas-monitoring,llama3,openshift-user-workload-monitoring/user-workload,tgis-bam,17724.0
2024-05-17 15:18:01.105999947,tgi_request_failure,http,cancelled,10.128.4.158:3000,tgis-bam,fmaas-monitoring,llama3,openshift-user-workload-monitoring/user-workload,tgis-bam,17738.0
2024-05-17 15:18:06.105999947,tgi_request_failure,http,cancelled,10.128.4.158:3000,tgis-bam,fmaas-monitoring,llama3,openshift-user-workload-monitoring/user-workload,tgis-bam,17740.0
2024-05-17 15:18:11.105999947,tgi_request_failure,http,cancelled,10.128.4.158:3000,tgis-bam,fmaas-monitoring,llama3,openshift-user-workload-monitoring/user-workload,tgis-bam,17740.0
2024-05-17 15:18:16.105999947,tgi_request_failure,http,cancelled,10.128.4.158:3000,tgis-bam,fmaas-monitoring,llama3,openshift-user-workload-monitoring/user-workload,tgis-bam,17740.0
2024-05-17 15:18:21.105999947,tgi_request_failure,http,cancelled,10.128.4.158:3000,tgis-bam,fmaas-monitoring,llama3,openshift-user-workload-monitoring/user-workload,tgis-bam,17740.0
2024-05-17 15:18:26.105999947,tgi_request_failure,http,cancelled,10.128.4.158:3000,tgis-bam,fmaas-monitoring,llama3,openshift-user-workload-monitoring/user-workload,tgis-bam,17740.0
2024-05-17 15:18:31.105999947,tgi_request_failure,http,cancelled,10.128.4.158:3000,tgis-bam,fmaas-monitoring,llama3,openshift-user-workload-monitoring/user-workload,tgis-bam,17754.0
2024-05-17 15:18:36.105999947,tgi_request_failure,http,cancelled,10.128.4.158:3000,tgis-bam,fmaas-monitoring,llama3,openshift-user-workload-monitoring/user-workload,tgis-bam,17763.0
2024-05-17 15:18:41.105999947,tgi_request_failure,http,cancelled,10.128.4.158:3000,tgis-bam,fmaas-monitoring,llama3,openshift-user-workload-monitoring/user-workload,tgis-bam,17780.0
2024-05-17 15:18:46.105999947,tgi_request_failure,http,cancelled,10.128.4.158:3000,tgis-bam,fmaas-monitoring,llama3,openshift-user-workload-monitoring/user-workload,tgis-bam,17798.0
2024-05-17 15:18:51.105999947,tgi_request_failure,http,cancelled,10.128.4.158:3000,tgis-bam,fmaas-monitoring,llama3,openshift-user-workload-monitoring/user-workload,tgis-bam,17803.0
2024-05-17 15:18:56.105999947,tgi_request_failure,http,cancelled,10.128.4.158:3000,tgis-bam,fmaas-monitoring,llama3,openshift-user-workload-monitoring/user-workload,tgis-bam,17815.0
2024-05-17 15:19:01.105999947,tgi_request_failure,http,cancelled,10.128.4.158:3000,tgis-bam,fmaas-monitoring,llama3,openshift-user-workload-monitoring/user-workload,tgis-bam,17819.0
2024-05-17 15:19:06.105999947,tgi_request_failure,http,cancelled,10.128.4.158:3000,tgis-bam,fmaas-monitoring,llama3,openshift-user-workload-monitoring/user-workload,tgis-bam,17819.0
2024-05-17 15:19:11.105999947,tgi_request_failure,http,cancelled,10.128.4.158:3000,tgis-bam,fmaas-monitoring,llama3,openshift-user-workload-monitoring/user-workload,tgis-bam,17819.0
2024-05-17 15:19:16.105999947,tgi_request_failure,http,cancelled,10.128.4.158:3000,tgis-bam,fmaas-monitoring,llama3,openshift-user-workload-monitoring/user-workload,tgis-bam,17819.0
2024-05-17 15:19:21.105999947,tgi_request_failure,http,cancelled,10.128.4.158:3000,tgis-bam,fmaas-monitoring,llama3,openshift-user-workload-monitoring/user-workload,tgis-bam,17819.0
2024-05-17 15:19:26.105999947,tgi_request_failure,http,cancelled,10.128.4.158:3000,tgis-bam,fmaas-monitoring,llama3,openshift-user-workload-monitoring/user-workload,tgis-bam,17819.0
2024-05-17 15:19:31.105999947,tgi_request_failure,http,cancelled,10.128.4.158:3000,tgis-bam,fmaas-monitoring,llama3,openshift-user-workload-monitoring/user-workload,tgis-bam,17823.0
2024-05-17 15:19:36.121000051,tgi_request_failure,http,cancelled,10.128.4.158:3000,tgis-bam,fmaas-monitoring,llama3,openshift-user-workload-monitoring/user-workload,tgis-bam,17836.0
2024-05-17 15:19:41.105999947,tgi_request_failure,http,cancelled,10.128.4.158:3000,tgis-bam,fmaas-monitoring,llama3,openshift-user-workload-monitoring/user-workload,tgis-bam,17836.0
2024-05-17 15:19:46.105999947,tgi_request_failure,http,cancelled,10.128.4.158:3000,tgis-bam,fmaas-monitoring,llama3,openshift-user-workload-monitoring/user-workload,tgis-bam,17845.0
2024-05-17 15:19:51.105999947,tgi_request_failure,http,cancelled,10.128.4.158:3000,tgis-bam,fmaas-monitoring,llama3,openshift-user-workload-monitoring/user-workload,tgis-bam,17854.0
2024-05-17 15:19:56.105999947,tgi_request_failure,http,cancelled,10.128.4.158:3000,tgis-bam,fmaas-monitoring,llama3,openshift-user-workload-monitoring/user-workload,tgis-bam,17879.0
2024-05-17 15:20:01.105999947,tgi_request_failure,http,cancelled,10.128.4.158:3000,tgis-bam,fmaas-monitoring,llama3,openshift-user-workload-monitoring/user-workload,tgis-bam,17898.0
2024-05-17 15:20:06.105999947,tgi_request_failure,http,cancelled,10.128.4.158:3000,tgis-bam,fmaas-monitoring,llama3,openshift-user-workload-monitoring/user-workload,tgis-bam,17902.0
2024-05-17 15:20:11.105999947,tgi_request_failure,http,cancelled,10.128.4.158:3000,tgis-bam,fmaas-monitoring,llama3,openshift-user-workload-monitoring/user-workload,tgis-bam,17902.0
2024-05-17 15:20:16.105999947,tgi_request_failure,http,cancelled,10.128.4.158:3000,tgis-bam,fmaas-monitoring,llama3,openshift-user-workload-monitoring/user-workload,tgis-bam,17902.0
2024-05-17 15:20:21.105999947,tgi_request_failure,http,cancelled,10.128.4.158:3000,tgis-bam,fmaas-monitoring,llama3,openshift-user-workload-monitoring/user-workload,tgis-bam,17902.0
2024-05-17 15:20:26.105999947,tgi_request_failure,http,cancelled,10.128.4.158:3000,tgis-bam,fmaas-monitoring,llama3,openshift-user-workload-monitoring/user-workload,tgis-bam,17902.0
2024-05-17 15:20:31.105999947,tgi_request_failure,http,cancelled,10.128.4.158:3000,tgis-bam,fmaas-monitoring,llama3,openshift-user-workload-monitoring/user-workload,tgis-bam,17906.0
2024-05-17 15:20:36.105999947,tgi_request_failure,http,cancelled,10.128.4.158:3000,tgis-bam,fmaas-monitoring,llama3,openshift-user-workload-monitoring/user-workload,tgis-bam,17911.0
2024-05-17 15:20:41.105999947,tgi_request_failure,http,cancelled,10.128.4.158:3000,tgis-bam,fmaas-monitoring,llama3,openshift-user-workload-monitoring/user-workload,tgis-bam,17923.0
2024-05-17 15:20:46.105999947,tgi_request_failure,http,cancelled,10.128.4.158:3000,tgis-bam,fmaas-monitoring,llama3,openshift-user-workload-monitoring/user-workload,tgis-bam,17951.0
2024-05-17 15:20:51.105999947,tgi_request_failure,http,cancelled,10.128.4.158:3000,tgis-bam,fmaas-monitoring,llama3,openshift-user-workload-monitoring/user-workload,tgis-bam,17966.0
2024-05-17 15:20:56.105999947,tgi_request_failure,http,cancelled,10.128.4.158:3000,tgis-bam,fmaas-monitoring,llama3,openshift-user-workload-monitoring/user-workload,tgis-bam,17978.0
2024-05-17 15:21:01.105999947,tgi_request_failure,http,cancelled,10.128.4.158:3000,tgis-bam,fmaas-monitoring,llama3,openshift-user-workload-monitoring/user-workload,tgis-bam,17978.0
2024-05-17 15:21:06.105999947,tgi_request_failure,http,cancelled,10.128.4.158:3000,tgis-bam,fmaas-monitoring,llama3,openshift-user-workload-monitoring/user-workload,tgis-bam,17978.0
2024-05-17 15:21:11.105999947,tgi_request_failure,http,cancelled,10.128.4.158:3000,tgis-bam,fmaas-monitoring,llama3,openshift-user-workload-monitoring/user-workload,tgis-bam,17978.0
2024-05-17 15:21:16.105999947,tgi_request_failure,http,cancelled,10.128.4.158:3000,tgis-bam,fmaas-monitoring,llama3,openshift-user-workload-monitoring/user-workload,tgis-bam,17978.0
2024-05-17 15:21:21.105999947,tgi_request_failure,http,cancelled,10.128.4.158:3000,tgis-bam,fmaas-monitoring,llama3,openshift-user-workload-monitoring/user-workload,tgis-bam,17978.0
2024-05-17 15:21:26.105999947,tgi_request_failure,http,cancelled,10.128.4.158:3000,tgis-bam,fmaas-monitoring,llama3,openshift-user-workload-monitoring/user-workload,tgis-bam,17978.0
2024-05-17 15:21:31.105999947,tgi_request_failure,http,cancelled,10.128.4.158:3000,tgis-bam,fmaas-monitoring,llama3,openshift-user-workload-monitoring/user-workload,tgis-bam,17982.0
2024-05-17 15:21:36.105999947,tgi_request_failure,http,cancelled,10.128.4.158:3000,tgis-bam,fmaas-monitoring,llama3,openshift-user-workload-monitoring/user-workload,tgis-bam,17997.0
2024-05-17 15:21:41.105999947,tgi_request_failure,http,cancelled,10.128.4.158:3000,tgis-bam,fmaas-monitoring,llama3,openshift-user-workload-monitoring/user-workload,tgis-bam,18018.0
2024-05-17 15:21:46.105999947,tgi_request_failure,http,cancelled,10.128.4.158:3000,tgis-bam,fmaas-monitoring,llama3,openshift-user-workload-monitoring/user-workload,tgis-bam,18042.0
2024-05-17 15:21:51.117000103,tgi_request_failure,http,cancelled,10.128.4.158:3000,tgis-bam,fmaas-monitoring,llama3,openshift-user-workload-monitoring/user-workload,tgis-bam,18060.0
2024-05-17 15:21:56.105999947,tgi_request_failure,http,cancelled,10.128.4.158:3000,tgis-bam,fmaas-monitoring,llama3,openshift-user-workload-monitoring/user-workload,tgis-bam,18062.0
2024-05-17 15:22:01.105999947,tgi_request_failure,http,cancelled,10.128.4.158:3000,tgis-bam,fmaas-monitoring,llama3,openshift-user-workload-monitoring/user-workload,tgis-bam,18062.0
2024-05-17 15:22:06.109999895,tgi_request_failure,http,cancelled,10.128.4.158:3000,tgis-bam,fmaas-monitoring,llama3,openshift-user-workload-monitoring/user-workload,tgis-bam,18062.0
2024-05-17 15:22:11.105999947,tgi_request_failure,http,cancelled,10.128.4.158:3000,tgis-bam,fmaas-monitoring,llama3,openshift-user-workload-monitoring/user-workload,tgis-bam,18062.0
2024-05-17 15:22:16.105999947,tgi_request_failure,http,cancelled,10.128.4.158:3000,tgis-bam,fmaas-monitoring,llama3,openshift-user-workload-monitoring/user-workload,tgis-bam,18062.0
2024-05-17 15:22:21.105999947,tgi_request_failure,http,cancelled,10.128.4.158:3000,tgis-bam,fmaas-monitoring,llama3,openshift-user-workload-monitoring/user-workload,tgis-bam,18062.0
2024-05-17 15:22:26.105999947,tgi_request_failure,http,cancelled,10.128.4.158:3000,tgis-bam,fmaas-monitoring,llama3,openshift-user-workload-monitoring/user-workload,tgis-bam,18062.0
2024-05-17 15:22:31.105999947,tgi_request_failure,http,cancelled,10.128.4.158:3000,tgis-bam,fmaas-monitoring,llama3,openshift-user-workload-monitoring/user-workload,tgis-bam,18074.0
2024-05-17 15:22:36.105999947,tgi_request_failure,http,cancelled,10.128.4.158:3000,tgis-bam,fmaas-monitoring,llama3,openshift-user-workload-monitoring/user-workload,tgis-bam,18095.0
2024-05-17 15:22:41.105999947,tgi_request_failure,http,cancelled,10.128.4.158:3000,tgis-bam,fmaas-monitoring,llama3,openshift-user-workload-monitoring/user-workload,tgis-bam,18111.0
2024-05-17 15:22:46.105999947,tgi_request_failure,http,cancelled,10.128.4.158:3000,tgis-bam,fmaas-monitoring,llama3,openshift-user-workload-monitoring/user-workload,tgis-bam,18126.0
2024-05-17 15:22:51.105999947,tgi_request_failure,http,cancelled,10.128.4.158:3000,tgis-bam,fmaas-monitoring,llama3,openshift-user-workload-monitoring/user-workload,tgis-bam,18135.0
2024-05-17 15:22:56.117000103,tgi_request_failure,http,cancelled,10.128.4.158:3000,tgis-bam,fmaas-monitoring,llama3,openshift-user-workload-monitoring/user-workload,tgis-bam,18149.0
2024-05-17 15:23:01.105999947,tgi_request_failure,http,cancelled,10.128.4.158:3000,tgis-bam,fmaas-monitoring,llama3,openshift-user-workload-monitoring/user-workload,tgis-bam,18149.0
2024-05-17 15:23:06.105999947,tgi_request_failure,http,cancelled,10.128.4.158:3000,tgis-bam,fmaas-monitoring,llama3,openshift-user-workload-monitoring/user-workload,tgis-bam,18149.0
2024-05-17 15:23:11.105999947,tgi_request_failure,http,cancelled,10.128.4.158:3000,tgis-bam,fmaas-monitoring,llama3,openshift-user-workload-monitoring/user-workload,tgis-bam,18149.0
2024-05-17 15:23:16.105999947,tgi_request_failure,http,cancelled,10.128.4.158:3000,tgis-bam,fmaas-monitoring,llama3,openshift-user-workload-monitoring/user-workload,tgis-bam,18149.0
2024-05-17 15:23:21.105999947,tgi_request_failure,http,cancelled,10.128.4.158:3000,tgis-bam,fmaas-monitoring,llama3,openshift-user-workload-monitoring/user-workload,tgis-bam,18149.0
2024-05-17 15:23:26.105999947,tgi_request_failure,http,cancelled,10.128.4.158:3000,tgis-bam,fmaas-monitoring,llama3,openshift-user-workload-monitoring/user-workload,tgis-bam,18149.0
2024-05-17 15:23:31.105999947,tgi_request_failure,http,cancelled,10.128.4.158:3000,tgis-bam,fmaas-monitoring,llama3,openshift-user-workload-monitoring/user-workload,tgis-bam,18157.0
2024-05-17 15:23:36.105999947,tgi_request_failure,http,cancelled,10.128.4.158:3000,tgis-bam,fmaas-monitoring,llama3,openshift-user-workload-monitoring/user-workload,tgis-bam,18166.0
2024-05-17 15:23:41.105999947,tgi_request_failure,http,cancelled,10.128.4.158:3000,tgis-bam,fmaas-monitoring,llama3,openshift-user-workload-monitoring/user-workload,tgis-bam,18180.0
2024-05-17 15:23:46.108999968,tgi_request_failure,http,cancelled,10.128.4.158:3000,tgis-bam,fmaas-monitoring,llama3,openshift-user-workload-monitoring/user-workload,tgis-bam,18196.0
2024-05-17 15:23:51.105999947,tgi_request_failure,http,cancelled,10.128.4.158:3000,tgis-bam,fmaas-monitoring,llama3,openshift-user-workload-monitoring/user-workload,tgis-bam,18213.0
2024-05-17 15:23:56.105999947,tgi_request_failure,http,cancelled,10.128.4.158:3000,tgis-bam,fmaas-monitoring,llama3,openshift-user-workload-monitoring/user-workload,tgis-bam,18227.0
2024-05-17 15:24:01.105999947,tgi_request_failure,http,cancelled,10.128.4.158:3000,tgis-bam,fmaas-monitoring,llama3,openshift-user-workload-monitoring/user-workload,tgis-bam,18240.0
2024-05-17 15:24:06.105999947,tgi_request_failure,http,cancelled,10.128.4.158:3000,tgis-bam,fmaas-monitoring,llama3,openshift-user-workload-monitoring/user-workload,tgis-bam,18240.0
2024-05-17 15:24:11.105999947,tgi_request_failure,http,cancelled,10.128.4.158:3000,tgis-bam,fmaas-monitoring,llama3,openshift-user-workload-monitoring/user-workload,tgis-bam,18240.0
2024-05-17 15:24:16.105999947,tgi_request_failure,http,cancelled,10.128.4.158:3000,tgis-bam,fmaas-monitoring,llama3,openshift-user-workload-monitoring/user-workload,tgis-bam,18240.0
2024-05-17 15:24:21.105999947,tgi_request_failure,http,cancelled,10.128.4.158:3000,tgis-bam,fmaas-monitoring,llama3,openshift-user-workload-monitoring/user-workload,tgis-bam,18240.0
2024-05-17 15:24:26.105999947,tgi_request_failure,http,cancelled,10.128.4.158:3000,tgis-bam,fmaas-monitoring,llama3,openshift-user-workload-monitoring/user-workload,tgis-bam,18240.0
2024-05-17 15:24:31.105999947,tgi_request_failure,http,cancelled,10.128.4.158:3000,tgis-bam,fmaas-monitoring,llama3,openshift-user-workload-monitoring/user-workload,tgis-bam,18247.0
2024-05-17 15:24:36.105999947,tgi_request_failure,http,cancelled,10.128.4.158:3000,tgis-bam,fmaas-monitoring,llama3,openshift-user-workload-monitoring/user-workload,tgis-bam,18265.0
2024-05-17 15:24:41.105999947,tgi_request_failure,http,cancelled,10.128.4.158:3000,tgis-bam,fmaas-monitoring,llama3,openshift-user-workload-monitoring/user-workload,tgis-bam,18279.0
2024-05-17 15:24:46.105999947,tgi_request_failure,http,cancelled,10.128.4.158:3000,tgis-bam,fmaas-monitoring,llama3,openshift-user-workload-monitoring/user-workload,tgis-bam,18297.0
2024-05-17 15:24:51.105999947,tgi_request_failure,http,cancelled,10.128.4.158:3000,tgis-bam,fmaas-monitoring,llama3,openshift-user-workload-monitoring/user-workload,tgis-bam,18314.0
2024-05-17 15:24:56.105999947,tgi_request_failure,http,cancelled,10.128.4.158:3000,tgis-bam,fmaas-monitoring,llama3,openshift-user-workload-monitoring/user-workload,tgis-bam,18318.0
2024-05-17 15:25:01.105999947,tgi_request_failure,http,cancelled,10.128.4.158:3000,tgis-bam,fmaas-monitoring,llama3,openshift-user-workload-monitoring/user-workload,tgis-bam,18318.0
2024-05-17 15:25:06.105999947,tgi_request_failure,http,cancelled,10.128.4.158:3000,tgis-bam,fmaas-monitoring,llama3,openshift-user-workload-monitoring/user-workload,tgis-bam,18318.0
2024-05-17 15:25:11.105999947,tgi_request_failure,http,cancelled,10.128.4.158:3000,tgis-bam,fmaas-monitoring,llama3,openshift-user-workload-monitoring/user-workload,tgis-bam,18318.0
2024-05-17 15:25:16.105999947,tgi_request_failure,http,cancelled,10.128.4.158:3000,tgis-bam,fmaas-monitoring,llama3,openshift-user-workload-monitoring/user-workload,tgis-bam,18318.0
2024-05-17 15:25:21.105999947,tgi_request_failure,http,cancelled,10.128.4.158:3000,tgis-bam,fmaas-monitoring,llama3,openshift-user-workload-monitoring/user-workload,tgis-bam,18318.0
2024-05-17 15:25:26.115000010,tgi_request_failure,http,cancelled,10.128.4.158:3000,tgis-bam,fmaas-monitoring,llama3,openshift-user-workload-monitoring/user-workload,tgis-bam,18318.0
2024-05-17 15:25:31.105999947,tgi_request_failure,http,cancelled,10.128.4.158:3000,tgis-bam,fmaas-monitoring,llama3,openshift-user-workload-monitoring/user-workload,tgis-bam,18325.0
2024-05-17 15:25:36.105999947,tgi_request_failure,http,cancelled,10.128.4.158:3000,tgis-bam,fmaas-monitoring,llama3,openshift-user-workload-monitoring/user-workload,tgis-bam,18347.0
2024-05-17 15:25:41.105999947,tgi_request_failure,http,cancelled,10.128.4.158:3000,tgis-bam,fmaas-monitoring,llama3,openshift-user-workload-monitoring/user-workload,tgis-bam,18364.0
2024-05-17 15:25:46.105999947,tgi_request_failure,http,cancelled,10.128.4.158:3000,tgis-bam,fmaas-monitoring,llama3,openshift-user-workload-monitoring/user-workload,tgis-bam,18374.0
2024-05-17 15:25:51.105999947,tgi_request_failure,http,cancelled,10.128.4.158:3000,tgis-bam,fmaas-monitoring,llama3,openshift-user-workload-monitoring/user-workload,tgis-bam,18388.0
2024-05-17 15:25:56.105999947,tgi_request_failure,http,cancelled,10.128.4.158:3000,tgis-bam,fmaas-monitoring,llama3,openshift-user-workload-monitoring/user-workload,tgis-bam,18388.0
2024-05-17 15:26:01.140000105,tgi_request_failure,http,cancelled,10.128.4.158:3000,tgis-bam,fmaas-monitoring,llama3,openshift-user-workload-monitoring/user-workload,tgis-bam,18391.0
2024-05-17 15:26:06.105999947,tgi_request_failure,http,cancelled,10.128.4.158:3000,tgis-bam,fmaas-monitoring,llama3,openshift-user-workload-monitoring/user-workload,tgis-bam,18391.0
2024-05-17 15:26:11.105999947,tgi_request_failure,http,cancelled,10.128.4.158:3000,tgis-bam,fmaas-monitoring,llama3,openshift-user-workload-monitoring/user-workload,tgis-bam,18391.0
2024-05-17 15:26:16.105999947,tgi_request_failure,http,cancelled,10.128.4.158:3000,tgis-bam,fmaas-monitoring,llama3,openshift-user-workload-monitoring/user-workload,tgis-bam,18391.0
2024-05-17 15:26:21.105999947,tgi_request_failure,http,cancelled,10.128.4.158:3000,tgis-bam,fmaas-monitoring,llama3,openshift-user-workload-monitoring/user-workload,tgis-bam,18391.0
2024-05-17 15:26:26.105999947,tgi_request_failure,http,cancelled,10.128.4.158:3000,tgis-bam,fmaas-monitoring,llama3,openshift-user-workload-monitoring/user-workload,tgis-bam,18391.0
2024-05-17 15:26:31.105999947,tgi_request_failure,http,cancelled,10.128.4.158:3000,tgis-bam,fmaas-monitoring,llama3,openshift-user-workload-monitoring/user-workload,tgis-bam,18392.0
2024-05-17 15:26:36.105999947,tgi_request_failure,http,cancelled,10.128.4.158:3000,tgis-bam,fmaas-monitoring,llama3,openshift-user-workload-monitoring/user-workload,tgis-bam,18399.0
2024-05-17 15:26:41.105999947,tgi_request_failure,http,cancelled,10.128.4.158:3000,tgis-bam,fmaas-monitoring,llama3,openshift-user-workload-monitoring/user-workload,tgis-bam,18416.0
2024-05-17 15:26:46.105999947,tgi_request_failure,http,cancelled,10.128.4.158:3000,tgis-bam,fmaas-monitoring,llama3,openshift-user-workload-monitoring/user-workload,tgis-bam,18437.0
2024-05-17 15:26:51.105999947,tgi_request_failure,http,cancelled,10.128.4.158:3000,tgis-bam,fmaas-monitoring,llama3,openshift-user-workload-monitoring/user-workload,tgis-bam,18451.0
2024-05-17 15:26:56.105999947,tgi_request_failure,http,cancelled,10.128.4.158:3000,tgis-bam,fmaas-monitoring,llama3,openshift-user-workload-monitoring/user-workload,tgis-bam,18461.0
2024-05-17 15:27:01.105999947,tgi_request_failure,http,cancelled,10.128.4.158:3000,tgis-bam,fmaas-monitoring,llama3,openshift-user-workload-monitoring/user-workload,tgis-bam,18461.0
2024-05-17 15:27:06.114000082,tgi_request_failure,http,cancelled,10.128.4.158:3000,tgis-bam,fmaas-monitoring,llama3,openshift-user-workload-monitoring/user-workload,tgis-bam,18461.0
2024-05-17 15:27:11.105999947,tgi_request_failure,http,cancelled,10.128.4.158:3000,tgis-bam,fmaas-monitoring,llama3,openshift-user-workload-monitoring/user-workload,tgis-bam,18461.0
2024-05-17 15:27:16.105999947,tgi_request_failure,http,cancelled,10.128.4.158:3000,tgis-bam,fmaas-monitoring,llama3,openshift-user-workload-monitoring/user-workload,tgis-bam,18461.0
2024-05-17 15:27:21.105999947,tgi_request_failure,http,cancelled,10.128.4.158:3000,tgis-bam,fmaas-monitoring,llama3,openshift-user-workload-monitoring/user-workload,tgis-bam,18461.0
2024-05-17 15:27:26.105999947,tgi_request_failure,http,cancelled,10.128.4.158:3000,tgis-bam,fmaas-monitoring,llama3,openshift-user-workload-monitoring/user-workload,tgis-bam,18461.0
2024-05-17 15:27:31.105999947,tgi_request_failure,http,cancelled,10.128.4.158:3000,tgis-bam,fmaas-monitoring,llama3,openshift-user-workload-monitoring/user-workload,tgis-bam,18469.0
2024-05-17 15:27:36.105999947,tgi_request_failure,http,cancelled,10.128.4.158:3000,tgis-bam,fmaas-monitoring,llama3,openshift-user-workload-monitoring/user-workload,tgis-bam,18481.0
2024-05-17 15:27:41.105999947,tgi_request_failure,http,cancelled,10.128.4.158:3000,tgis-bam,fmaas-monitoring,llama3,openshift-user-workload-monitoring/user-workload,tgis-bam,18487.0
2024-05-17 15:27:46.105999947,tgi_request_failure,http,cancelled,10.128.4.158:3000,tgis-bam,fmaas-monitoring,llama3,openshift-user-workload-monitoring/user-workload,tgis-bam,18500.0
2024-05-17 15:27:51.114000082,tgi_request_failure,http,cancelled,10.128.4.158:3000,tgis-bam,fmaas-monitoring,llama3,openshift-user-workload-monitoring/user-workload,tgis-bam,18510.0
2024-05-17 15:27:56.105999947,tgi_request_failure,http,cancelled,10.128.4.158:3000,tgis-bam,fmaas-monitoring,llama3,openshift-user-workload-monitoring/user-workload,tgis-bam,18521.0
2024-05-17 15:28:01.105999947,tgi_request_failure,http,cancelled,10.128.4.158:3000,tgis-bam,fmaas-monitoring,llama3,openshift-user-workload-monitoring/user-workload,tgis-bam,18526.0
2024-05-17 15:28:06.108999968,tgi_request_failure,http,cancelled,10.128.4.158:3000,tgis-bam,fmaas-monitoring,llama3,openshift-user-workload-monitoring/user-workload,tgis-bam,18526.0
2024-05-17 15:28:11.105999947,tgi_request_failure,http,cancelled,10.128.4.158:3000,tgis-bam,fmaas-monitoring,llama3,openshift-user-workload-monitoring/user-workload,tgis-bam,18526.0
2024-05-17 15:28:16.105999947,tgi_request_failure,http,cancelled,10.128.4.158:3000,tgis-bam,fmaas-monitoring,llama3,openshift-user-workload-monitoring/user-workload,tgis-bam,18526.0
2024-05-17 15:28:21.105999947,tgi_request_failure,http,cancelled,10.128.4.158:3000,tgis-bam,fmaas-monitoring,llama3,openshift-user-workload-monitoring/user-workload,tgis-bam,18526.0
2024-05-17 15:28:26.105999947,tgi_request_failure,http,cancelled,10.128.4.158:3000,tgis-bam,fmaas-monitoring,llama3,openshift-user-workload-monitoring/user-workload,tgis-bam,18526.0
2024-05-17 15:28:31.105999947,tgi_request_failure,http,cancelled,10.128.4.158:3000,tgis-bam,fmaas-monitoring,llama3,openshift-user-workload-monitoring/user-workload,tgis-bam,18533.0
2024-05-17 15:28:36.105999947,tgi_request_failure,http,cancelled,10.128.4.158:3000,tgis-bam,fmaas-monitoring,llama3,openshift-user-workload-monitoring/user-workload,tgis-bam,18545.0
2024-05-17 15:28:41.105999947,tgi_request_failure,http,cancelled,10.128.4.158:3000,tgis-bam,fmaas-monitoring,llama3,openshift-user-workload-monitoring/user-workload,tgis-bam,18566.0
2024-05-17 15:28:46.105999947,tgi_request_failure,http,cancelled,10.128.4.158:3000,tgis-bam,fmaas-monitoring,llama3,openshift-user-workload-monitoring/user-workload,tgis-bam,18587.0
2024-05-17 15:28:51.160000086,tgi_request_failure,http,cancelled,10.128.4.158:3000,tgis-bam,fmaas-monitoring,llama3,openshift-user-workload-monitoring/user-workload,tgis-bam,18595.0
2024-05-17 15:28:56.105999947,tgi_request_failure,http,cancelled,10.128.4.158:3000,tgis-bam,fmaas-monitoring,llama3,openshift-user-workload-monitoring/user-workload,tgis-bam,18595.0
2024-05-17 15:29:01.105999947,tgi_request_failure,http,cancelled,10.128.4.158:3000,tgis-bam,fmaas-monitoring,llama3,openshift-user-workload-monitoring/user-workload,tgis-bam,18595.0
2024-05-17 15:29:06.105999947,tgi_request_failure,http,cancelled,10.128.4.158:3000,tgis-bam,fmaas-monitoring,llama3,openshift-user-workload-monitoring/user-workload,tgis-bam,18595.0
2024-05-17 15:29:11.105999947,tgi_request_failure,http,cancelled,10.128.4.158:3000,tgis-bam,fmaas-monitoring,llama3,openshift-user-workload-monitoring/user-workload,tgis-bam,18595.0
2024-05-17 15:29:16.105999947,tgi_request_failure,http,cancelled,10.128.4.158:3000,tgis-bam,fmaas-monitoring,llama3,openshift-user-workload-monitoring/user-workload,tgis-bam,18595.0
2024-05-17 15:29:21.105999947,tgi_request_failure,http,cancelled,10.128.4.158:3000,tgis-bam,fmaas-monitoring,llama3,openshift-user-workload-monitoring/user-workload,tgis-bam,18595.0
2024-05-17 15:29:26.105999947,tgi_request_failure,http,cancelled,10.128.4.158:3000,tgis-bam,fmaas-monitoring,llama3,openshift-user-workload-monitoring/user-workload,tgis-bam,18595.0
2024-05-17 15:29:31.105999947,tgi_request_failure,http,cancelled,10.128.4.158:3000,tgis-bam,fmaas-monitoring,llama3,openshift-user-workload-monitoring/user-workload,tgis-bam,18605.0
2024-05-17 15:29:36.105999947,tgi_request_failure,http,cancelled,10.128.4.158:3000,tgis-bam,fmaas-monitoring,llama3,openshift-user-workload-monitoring/user-workload,tgis-bam,18617.0
2024-05-17 15:29:41.105999947,tgi_request_failure,http,cancelled,10.128.4.158:3000,tgis-bam,fmaas-monitoring,llama3,openshift-user-workload-monitoring/user-workload,tgis-bam,18633.0
2024-05-17 15:29:46.105999947,tgi_request_failure,http,cancelled,10.128.4.158:3000,tgis-bam,fmaas-monitoring,llama3,openshift-user-workload-monitoring/user-workload,tgis-bam,18648.0
2024-05-17 15:29:51.105999947,tgi_request_failure,http,cancelled,10.128.4.158:3000,tgis-bam,fmaas-monitoring,llama3,openshift-user-workload-monitoring/user-workload,tgis-bam,18655.0
2024-05-17 15:29:56.105999947,tgi_request_failure,http,cancelled,10.128.4.158:3000,tgis-bam,fmaas-monitoring,llama3,openshift-user-workload-monitoring/user-workload,tgis-bam,18667.0
2024-05-17 15:30:01.105999947,tgi_request_failure,http,cancelled,10.128.4.158:3000,tgis-bam,fmaas-monitoring,llama3,openshift-user-workload-monitoring/user-workload,tgis-bam,18680.0
2024-05-17 15:30:06.105999947,tgi_request_failure,http,cancelled,10.128.4.158:3000,tgis-bam,fmaas-monitoring,llama3,openshift-user-workload-monitoring/user-workload,tgis-bam,18680.0
2024-05-17 15:30:11.105999947,tgi_request_failure,http,cancelled,10.128.4.158:3000,tgis-bam,fmaas-monitoring,llama3,openshift-user-workload-monitoring/user-workload,tgis-bam,18680.0
2024-05-17 15:30:16.105999947,tgi_request_failure,http,cancelled,10.128.4.158:3000,tgis-bam,fmaas-monitoring,llama3,openshift-user-workload-monitoring/user-workload,tgis-bam,18680.0
2024-05-17 15:30:21.105999947,tgi_request_failure,http,cancelled,10.128.4.158:3000,tgis-bam,fmaas-monitoring,llama3,openshift-user-workload-monitoring/user-workload,tgis-bam,18680.0
2024-05-17 15:30:26.105999947,tgi_request_failure,http,cancelled,10.128.4.158:3000,tgis-bam,fmaas-monitoring,llama3,openshift-user-workload-monitoring/user-workload,tgis-bam,18680.0
2024-05-17 15:30:31.105999947,tgi_request_failure,http,cancelled,10.128.4.158:3000,tgis-bam,fmaas-monitoring,llama3,openshift-user-workload-monitoring/user-workload,tgis-bam,18683.0
2024-05-17 15:30:36.105999947,tgi_request_failure,http,cancelled,10.128.4.158:3000,tgis-bam,fmaas-monitoring,llama3,openshift-user-workload-monitoring/user-workload,tgis-bam,18697.0
2024-05-17 15:30:41.125000000,tgi_request_failure,http,cancelled,10.128.4.158:3000,tgis-bam,fmaas-monitoring,llama3,openshift-user-workload-monitoring/user-workload,tgis-bam,18712.0
2024-05-17 15:30:46.105999947,tgi_request_failure,http,cancelled,10.128.4.158:3000,tgis-bam,fmaas-monitoring,llama3,openshift-user-workload-monitoring/user-workload,tgis-bam,18726.0
2024-05-17 15:30:51.105999947,tgi_request_failure,http,cancelled,10.128.4.158:3000,tgis-bam,fmaas-monitoring,llama3,openshift-user-workload-monitoring/user-workload,tgis-bam,18743.0
2024-05-17 15:30:56.105999947,tgi_request_failure,http,cancelled,10.128.4.158:3000,tgis-bam,fmaas-monitoring,llama3,openshift-user-workload-monitoring/user-workload,tgis-bam,18756.0
2024-05-17 15:31:01.105999947,tgi_request_failure,http,cancelled,10.128.4.158:3000,tgis-bam,fmaas-monitoring,llama3,openshift-user-workload-monitoring/user-workload,tgis-bam,18756.0
2024-05-17 15:31:06.105999947,tgi_request_failure,http,cancelled,10.128.4.158:3000,tgis-bam,fmaas-monitoring,llama3,openshift-user-workload-monitoring/user-workload,tgis-bam,18756.0
2024-05-17 15:31:11.105999947,tgi_request_failure,http,cancelled,10.128.4.158:3000,tgis-bam,fmaas-monitoring,llama3,openshift-user-workload-monitoring/user-workload,tgis-bam,18756.0
2024-05-17 15:31:16.105999947,tgi_request_failure,http,cancelled,10.128.4.158:3000,tgis-bam,fmaas-monitoring,llama3,openshift-user-workload-monitoring/user-workload,tgis-bam,18756.0
2024-05-17 15:31:21.105999947,tgi_request_failure,http,cancelled,10.128.4.158:3000,tgis-bam,fmaas-monitoring,llama3,openshift-user-workload-monitoring/user-workload,tgis-bam,18756.0
2024-05-17 15:31:26.105999947,tgi_request_failure,http,cancelled,10.128.4.158:3000,tgis-bam,fmaas-monitoring,llama3,openshift-user-workload-monitoring/user-workload,tgis-bam,18756.0
2024-05-17 15:31:31.105999947,tgi_request_failure,http,cancelled,10.128.4.158:3000,tgis-bam,fmaas-monitoring,llama3,openshift-user-workload-monitoring/user-workload,tgis-bam,18758.0
2024-05-17 15:31:36.105999947,tgi_request_failure,http,cancelled,10.128.4.158:3000,tgis-bam,fmaas-monitoring,llama3,openshift-user-workload-monitoring/user-workload,tgis-bam,18774.0
2024-05-17 15:31:41.105999947,tgi_request_failure,http,cancelled,10.128.4.158:3000,tgis-bam,fmaas-monitoring,llama3,openshift-user-workload-monitoring/user-workload,tgis-bam,18801.0
2024-05-17 15:31:46.105999947,tgi_request_failure,http,cancelled,10.128.4.158:3000,tgis-bam,fmaas-monitoring,llama3,openshift-user-workload-monitoring/user-workload,tgis-bam,18816.0
2024-05-17 15:31:51.105999947,tgi_request_failure,http,cancelled,10.128.4.158:3000,tgis-bam,fmaas-monitoring,llama3,openshift-user-workload-monitoring/user-workload,tgis-bam,18831.0
2024-05-17 15:31:56.105999947,tgi_request_failure,http,cancelled,10.128.4.158:3000,tgis-bam,fmaas-monitoring,llama3,openshift-user-workload-monitoring/user-workload,tgis-bam,18831.0
2024-05-17 15:32:01.142999887,tgi_request_failure,http,cancelled,10.128.4.158:3000,tgis-bam,fmaas-monitoring,llama3,openshift-user-workload-monitoring/user-workload,tgis-bam,18831.0
2024-05-17 15:32:06.105999947,tgi_request_failure,http,cancelled,10.128.4.158:3000,tgis-bam,fmaas-monitoring,llama3,openshift-user-workload-monitoring/user-workload,tgis-bam,18831.0
2024-05-17 15:32:11.105999947,tgi_request_failure,http,cancelled,10.128.4.158:3000,tgis-bam,fmaas-monitoring,llama3,openshift-user-workload-monitoring/user-workload,tgis-bam,18831.0
2024-05-17 15:32:16.105999947,tgi_request_failure,http,cancelled,10.128.4.158:3000,tgis-bam,fmaas-monitoring,llama3,openshift-user-workload-monitoring/user-workload,tgis-bam,18831.0
2024-05-17 15:32:21.105999947,tgi_request_failure,http,cancelled,10.128.4.158:3000,tgis-bam,fmaas-monitoring,llama3,openshift-user-workload-monitoring/user-workload,tgis-bam,18831.0
2024-05-17 15:32:26.105999947,tgi_request_failure,http,cancelled,10.128.4.158:3000,tgis-bam,fmaas-monitoring,llama3,openshift-user-workload-monitoring/user-workload,tgis-bam,18831.0
2024-05-17 15:32:31.105999947,tgi_request_failure,http,cancelled,10.128.4.158:3000,tgis-bam,fmaas-monitoring,llama3,openshift-user-workload-monitoring/user-workload,tgis-bam,18840.0
2024-05-17 15:32:36.105999947,tgi_request_failure,http,cancelled,10.128.4.158:3000,tgis-bam,fmaas-monitoring,llama3,openshift-user-workload-monitoring/user-workload,tgis-bam,18857.0
2024-05-17 15:32:41.105999947,tgi_request_failure,http,cancelled,10.128.4.158:3000,tgis-bam,fmaas-monitoring,llama3,openshift-user-workload-monitoring/user-workload,tgis-bam,18870.0
2024-05-17 15:32:46.105999947,tgi_request_failure,http,cancelled,10.128.4.158:3000,tgis-bam,fmaas-monitoring,llama3,openshift-user-workload-monitoring/user-workload,tgis-bam,18885.0
2024-05-17 15:32:51.105999947,tgi_request_failure,http,cancelled,10.128.4.158:3000,tgis-bam,fmaas-monitoring,llama3,openshift-user-workload-monitoring/user-workload,tgis-bam,18897.0
2024-05-17 15:32:56.105999947,tgi_request_failure,http,cancelled,10.128.4.158:3000,tgis-bam,fmaas-monitoring,llama3,openshift-user-workload-monitoring/user-workload,tgis-bam,18897.0
2024-05-17 15:33:01.105999947,tgi_request_failure,http,cancelled,10.128.4.158:3000,tgis-bam,fmaas-monitoring,llama3,openshift-user-workload-monitoring/user-workload,tgis-bam,18897.0
2024-05-17 15:33:06.105999947,tgi_request_failure,http,cancelled,10.128.4.158:3000,tgis-bam,fmaas-monitoring,llama3,openshift-user-workload-monitoring/user-workload,tgis-bam,18897.0
2024-05-17 15:33:11.105999947,tgi_request_failure,http,cancelled,10.128.4.158:3000,tgis-bam,fmaas-monitoring,llama3,openshift-user-workload-monitoring/user-workload,tgis-bam,18897.0
2024-05-17 15:33:16.105999947,tgi_request_failure,http,cancelled,10.128.4.158:3000,tgis-bam,fmaas-monitoring,llama3,openshift-user-workload-monitoring/user-workload,tgis-bam,18897.0
2024-05-17 15:33:21.105999947,tgi_request_failure,http,cancelled,10.128.4.158:3000,tgis-bam,fmaas-monitoring,llama3,openshift-user-workload-monitoring/user-workload,tgis-bam,18897.0
2024-05-17 15:33:26.105999947,tgi_request_failure,http,cancelled,10.128.4.158:3000,tgis-bam,fmaas-monitoring,llama3,openshift-user-workload-monitoring/user-workload,tgis-bam,18897.0
2024-05-17 15:33:31.105999947,tgi_request_failure,http,cancelled,10.128.4.158:3000,tgis-bam,fmaas-monitoring,llama3,openshift-user-workload-monitoring/user-workload,tgis-bam,18908.0
2024-05-17 15:33:36.105999947,tgi_request_failure,http,cancelled,10.128.4.158:3000,tgis-bam,fmaas-monitoring,llama3,openshift-user-workload-monitoring/user-workload,tgis-bam,18917.0
2024-05-17 15:33:41.105999947,tgi_request_failure,http,cancelled,10.128.4.158:3000,tgis-bam,fmaas-monitoring,llama3,openshift-user-workload-monitoring/user-workload,tgis-bam,18926.0
2024-05-17 15:33:46.105999947,tgi_request_failure,http,cancelled,10.128.4.158:3000,tgis-bam,fmaas-monitoring,llama3,openshift-user-workload-monitoring/user-workload,tgis-bam,18944.0
2024-05-17 15:33:51.105999947,tgi_request_failure,http,cancelled,10.128.4.158:3000,tgis-bam,fmaas-monitoring,llama3,openshift-user-workload-monitoring/user-workload,tgis-bam,18948.0
2024-05-17 15:33:56.105999947,tgi_request_failure,http,cancelled,10.128.4.158:3000,tgis-bam,fmaas-monitoring,llama3,openshift-user-workload-monitoring/user-workload,tgis-bam,18952.0
2024-05-17 15:34:01.105999947,tgi_request_failure,http,cancelled,10.128.4.158:3000,tgis-bam,fmaas-monitoring,llama3,openshift-user-workload-monitoring/user-workload,tgis-bam,18959.0
2024-05-17 15:34:06.105999947,tgi_request_failure,http,cancelled,10.128.4.158:3000,tgis-bam,fmaas-monitoring,llama3,openshift-user-workload-monitoring/user-workload,tgis-bam,18963.0
2024-05-17 15:34:11.108999968,tgi_request_failure,http,cancelled,10.128.4.158:3000,tgis-bam,fmaas-monitoring,llama3,openshift-user-workload-monitoring/user-workload,tgis-bam,18963.0
2024-05-17 15:34:16.105999947,tgi_request_failure,http,cancelled,10.128.4.158:3000,tgis-bam,fmaas-monitoring,llama3,openshift-user-workload-monitoring/user-workload,tgis-bam,18963.0
2024-05-17 15:34:21.105999947,tgi_request_failure,http,cancelled,10.128.4.158:3000,tgis-bam,fmaas-monitoring,llama3,openshift-user-workload-monitoring/user-workload,tgis-bam,18963.0
2024-05-17 15:34:26.105999947,tgi_request_failure,http,cancelled,10.128.4.158:3000,tgis-bam,fmaas-monitoring,llama3,openshift-user-workload-monitoring/user-workload,tgis-bam,18963.0
2024-05-17 15:34:31.105999947,tgi_request_failure,http,cancelled,10.128.4.158:3000,tgis-bam,fmaas-monitoring,llama3,openshift-user-workload-monitoring/user-workload,tgis-bam,18972.0
2024-05-17 15:34:36.105999947,tgi_request_failure,http,cancelled,10.128.4.158:3000,tgis-bam,fmaas-monitoring,llama3,openshift-user-workload-monitoring/user-workload,tgis-bam,18977.0
2024-05-17 15:34:41.105999947,tgi_request_failure,http,cancelled,10.128.4.158:3000,tgis-bam,fmaas-monitoring,llama3,openshift-user-workload-monitoring/user-workload,tgis-bam,18983.0
2024-05-17 15:34:46.105999947,tgi_request_failure,http,cancelled,10.128.4.158:3000,tgis-bam,fmaas-monitoring,llama3,openshift-user-workload-monitoring/user-workload,tgis-bam,18994.0
2024-05-17 15:34:51.105999947,tgi_request_failure,http,cancelled,10.128.4.158:3000,tgis-bam,fmaas-monitoring,llama3,openshift-user-workload-monitoring/user-workload,tgis-bam,19013.0
2024-05-17 15:34:56.115000010,tgi_request_failure,http,cancelled,10.128.4.158:3000,tgis-bam,fmaas-monitoring,llama3,openshift-user-workload-monitoring/user-workload,tgis-bam,19033.0
2024-05-17 15:35:01.105999947,tgi_request_failure,http,cancelled,10.128.4.158:3000,tgis-bam,fmaas-monitoring,llama3,openshift-user-workload-monitoring/user-workload,tgis-bam,19051.0
2024-05-17 15:35:06.105999947,tgi_request_failure,http,cancelled,10.128.4.158:3000,tgis-bam,fmaas-monitoring,llama3,openshift-user-workload-monitoring/user-workload,tgis-bam,19051.0
2024-05-17 15:35:11.105999947,tgi_request_failure,http,cancelled,10.128.4.158:3000,tgis-bam,fmaas-monitoring,llama3,openshift-user-workload-monitoring/user-workload,tgis-bam,19051.0
2024-05-17 15:35:16.105999947,tgi_request_failure,http,cancelled,10.128.4.158:3000,tgis-bam,fmaas-monitoring,llama3,openshift-user-workload-monitoring/user-workload,tgis-bam,19051.0
2024-05-17 15:35:21.105999947,tgi_request_failure,http,cancelled,10.128.4.158:3000,tgis-bam,fmaas-monitoring,llama3,openshift-user-workload-monitoring/user-workload,tgis-bam,19051.0
2024-05-17 15:35:26.105999947,tgi_request_failure,http,cancelled,10.128.4.158:3000,tgis-bam,fmaas-monitoring,llama3,openshift-user-workload-monitoring/user-workload,tgis-bam,19051.0
2024-05-17 15:35:31.105999947,tgi_request_failure,http,cancelled,10.128.4.158:3000,tgis-bam,fmaas-monitoring,llama3,openshift-user-workload-monitoring/user-workload,tgis-bam,19062.0
2024-05-17 15:35:36.105999947,tgi_request_failure,http,cancelled,10.128.4.158:3000,tgis-bam,fmaas-monitoring,llama3,openshift-user-workload-monitoring/user-workload,tgis-bam,19079.0
2024-05-17 15:35:41.105999947,tgi_request_failure,http,cancelled,10.128.4.158:3000,tgis-bam,fmaas-monitoring,llama3,openshift-user-workload-monitoring/user-workload,tgis-bam,19094.0
2024-05-17 15:35:46.108999968,tgi_request_failure,http,cancelled,10.128.4.158:3000,tgis-bam,fmaas-monitoring,llama3,openshift-user-workload-monitoring/user-workload,tgis-bam,19108.0
2024-05-17 15:35:51.105999947,tgi_request_failure,http,cancelled,10.128.4.158:3000,tgis-bam,fmaas-monitoring,llama3,openshift-user-workload-monitoring/user-workload,tgis-bam,19130.0
2024-05-17 15:35:56.105999947,tgi_request_failure,http,cancelled,10.128.4.158:3000,tgis-bam,fmaas-monitoring,llama3,openshift-user-workload-monitoring/user-workload,tgis-bam,19132.0
2024-05-17 15:36:01.105999947,tgi_request_failure,http,cancelled,10.128.4.158:3000,tgis-bam,fmaas-monitoring,llama3,openshift-user-workload-monitoring/user-workload,tgis-bam,19132.0
2024-05-17 15:36:06.105999947,tgi_request_failure,http,cancelled,10.128.4.158:3000,tgis-bam,fmaas-monitoring,llama3,openshift-user-workload-monitoring/user-workload,tgis-bam,19132.0
2024-05-17 15:36:11.105999947,tgi_request_failure,http,cancelled,10.128.4.158:3000,tgis-bam,fmaas-monitoring,llama3,openshift-user-workload-monitoring/user-workload,tgis-bam,19132.0
2024-05-17 15:36:16.105999947,tgi_request_failure,http,cancelled,10.128.4.158:3000,tgis-bam,fmaas-monitoring,llama3,openshift-user-workload-monitoring/user-workload,tgis-bam,19132.0
2024-05-17 15:36:21.105999947,tgi_request_failure,http,cancelled,10.128.4.158:3000,tgis-bam,fmaas-monitoring,llama3,openshift-user-workload-monitoring/user-workload,tgis-bam,19132.0
2024-05-17 15:36:26.105999947,tgi_request_failure,http,cancelled,10.128.4.158:3000,tgis-bam,fmaas-monitoring,llama3,openshift-user-workload-monitoring/user-workload,tgis-bam,19132.0
2024-05-17 15:36:31.105999947,tgi_request_failure,http,cancelled,10.128.4.158:3000,tgis-bam,fmaas-monitoring,llama3,openshift-user-workload-monitoring/user-workload,tgis-bam,19132.0
2024-05-17 15:36:36.105999947,tgi_request_failure,http,cancelled,10.128.4.158:3000,tgis-bam,fmaas-monitoring,llama3,openshift-user-workload-monitoring/user-workload,tgis-bam,19147.0
2024-05-17 15:36:41.105999947,tgi_request_failure,http,cancelled,10.128.4.158:3000,tgis-bam,fmaas-monitoring,llama3,openshift-user-workload-monitoring/user-workload,tgis-bam,19175.0
2024-05-17 15:36:46.105999947,tgi_request_failure,http,cancelled,10.128.4.158:3000,tgis-bam,fmaas-monitoring,llama3,openshift-user-workload-monitoring/user-workload,tgis-bam,19182.0
2024-05-17 15:36:51.105999947,tgi_request_failure,http,cancelled,10.128.4.158:3000,tgis-bam,fmaas-monitoring,llama3,openshift-user-workload-monitoring/user-workload,tgis-bam,19188.0
2024-05-17 15:36:56.105999947,tgi_request_failure,http,cancelled,10.128.4.158:3000,tgis-bam,fmaas-monitoring,llama3,openshift-user-workload-monitoring/user-workload,tgis-bam,19200.0
2024-05-17 15:37:01.105999947,tgi_request_failure,http,cancelled,10.128.4.158:3000,tgis-bam,fmaas-monitoring,llama3,openshift-user-workload-monitoring/user-workload,tgis-bam,19209.0
2024-05-17 15:37:06.105999947,tgi_request_failure,http,cancelled,10.128.4.158:3000,tgis-bam,fmaas-monitoring,llama3,openshift-user-workload-monitoring/user-workload,tgis-bam,19209.0
2024-05-17 15:37:11.105999947,tgi_request_failure,http,cancelled,10.128.4.158:3000,tgis-bam,fmaas-monitoring,llama3,openshift-user-workload-monitoring/user-workload,tgis-bam,19209.0
2024-05-17 15:37:16.105999947,tgi_request_failure,http,cancelled,10.128.4.158:3000,tgis-bam,fmaas-monitoring,llama3,openshift-user-workload-monitoring/user-workload,tgis-bam,19209.0
2024-05-17 15:37:21.105999947,tgi_request_failure,http,cancelled,10.128.4.158:3000,tgis-bam,fmaas-monitoring,llama3,openshift-user-workload-monitoring/user-workload,tgis-bam,19209.0
2024-05-17 15:37:26.105999947,tgi_request_failure,http,cancelled,10.128.4.158:3000,tgis-bam,fmaas-monitoring,llama3,openshift-user-workload-monitoring/user-workload,tgis-bam,19209.0
2024-05-17 15:37:31.105999947,tgi_request_failure,http,cancelled,10.128.4.158:3000,tgis-bam,fmaas-monitoring,llama3,openshift-user-workload-monitoring/user-workload,tgis-bam,19217.0
2024-05-17 15:37:36.105999947,tgi_request_failure,http,cancelled,10.128.4.158:3000,tgis-bam,fmaas-monitoring,llama3,openshift-user-workload-monitoring/user-workload,tgis-bam,19232.0
2024-05-17 15:37:41.105999947,tgi_request_failure,http,cancelled,10.128.4.158:3000,tgis-bam,fmaas-monitoring,llama3,openshift-user-workload-monitoring/user-workload,tgis-bam,19258.0
2024-05-17 15:37:46.112999916,tgi_request_failure,http,cancelled,10.128.4.158:3000,tgis-bam,fmaas-monitoring,llama3,openshift-user-workload-monitoring/user-workload,tgis-bam,19273.0
2024-05-17 15:37:51.105999947,tgi_request_failure,http,cancelled,10.128.4.158:3000,tgis-bam,fmaas-monitoring,llama3,openshift-user-workload-monitoring/user-workload,tgis-bam,19280.0
2024-05-17 15:37:56.105999947,tgi_request_failure,http,cancelled,10.128.4.158:3000,tgis-bam,fmaas-monitoring,llama3,openshift-user-workload-monitoring/user-workload,tgis-bam,19282.0
2024-05-17 15:38:01.105999947,tgi_request_failure,http,cancelled,10.128.4.158:3000,tgis-bam,fmaas-monitoring,llama3,openshift-user-workload-monitoring/user-workload,tgis-bam,19292.0
2024-05-17 15:38:06.105999947,tgi_request_failure,http,cancelled,10.128.4.158:3000,tgis-bam,fmaas-monitoring,llama3,openshift-user-workload-monitoring/user-workload,tgis-bam,19292.0
2024-05-17 15:38:11.105999947,tgi_request_failure,http,cancelled,10.128.4.158:3000,tgis-bam,fmaas-monitoring,llama3,openshift-user-workload-monitoring/user-workload,tgis-bam,19292.0
2024-05-17 15:38:16.105999947,tgi_request_failure,http,cancelled,10.128.4.158:3000,tgis-bam,fmaas-monitoring,llama3,openshift-user-workload-monitoring/user-workload,tgis-bam,19292.0
2024-05-17 15:38:21.105999947,tgi_request_failure,http,cancelled,10.128.4.158:3000,tgis-bam,fmaas-monitoring,llama3,openshift-user-workload-monitoring/user-workload,tgis-bam,19292.0
2024-05-17 15:38:26.105999947,tgi_request_failure,http,cancelled,10.128.4.158:3000,tgis-bam,fmaas-monitoring,llama3,openshift-user-workload-monitoring/user-workload,tgis-bam,19292.0
2024-05-17 15:38:31.105999947,tgi_request_failure,http,cancelled,10.128.4.158:3000,tgis-bam,fmaas-monitoring,llama3,openshift-user-workload-monitoring/user-workload,tgis-bam,19300.0
2024-05-17 15:38:36.105999947,tgi_request_failure,http,cancelled,10.128.4.158:3000,tgis-bam,fmaas-monitoring,llama3,openshift-user-workload-monitoring/user-workload,tgis-bam,19318.0
2024-05-17 15:38:41.105999947,tgi_request_failure,http,cancelled,10.128.4.158:3000,tgis-bam,fmaas-monitoring,llama3,openshift-user-workload-monitoring/user-workload,tgis-bam,19327.0
2024-05-17 15:38:46.111000061,tgi_request_failure,http,cancelled,10.128.4.158:3000,tgis-bam,fmaas-monitoring,llama3,openshift-user-workload-monitoring/user-workload,tgis-bam,19341.0
2024-05-17 15:38:51.105999947,tgi_request_failure,http,cancelled,10.128.4.158:3000,tgis-bam,fmaas-monitoring,llama3,openshift-user-workload-monitoring/user-workload,tgis-bam,19362.0
2024-05-17 15:38:56.105999947,tgi_request_failure,http,cancelled,10.128.4.158:3000,tgis-bam,fmaas-monitoring,llama3,openshift-user-workload-monitoring/user-workload,tgis-bam,19365.0
2024-05-17 15:39:01.105999947,tgi_request_failure,http,cancelled,10.128.4.158:3000,tgis-bam,fmaas-monitoring,llama3,openshift-user-workload-monitoring/user-workload,tgis-bam,19369.0
2024-05-17 15:39:06.105999947,tgi_request_failure,http,cancelled,10.128.4.158:3000,tgis-bam,fmaas-monitoring,llama3,openshift-user-workload-monitoring/user-workload,tgis-bam,19369.0
2024-05-17 15:39:11.105999947,tgi_request_failure,http,cancelled,10.128.4.158:3000,tgis-bam,fmaas-monitoring,llama3,openshift-user-workload-monitoring/user-workload,tgis-bam,19369.0
2024-05-17 15:39:16.105999947,tgi_request_failure,http,cancelled,10.128.4.158:3000,tgis-bam,fmaas-monitoring,llama3,openshift-user-workload-monitoring/user-workload,tgis-bam,19369.0
2024-05-17 15:39:21.105999947,tgi_request_failure,http,cancelled,10.128.4.158:3000,tgis-bam,fmaas-monitoring,llama3,openshift-user-workload-monitoring/user-workload,tgis-bam,19369.0
2024-05-17 15:39:26.105999947,tgi_request_failure,http,cancelled,10.128.4.158:3000,tgis-bam,fmaas-monitoring,llama3,openshift-user-workload-monitoring/user-workload,tgis-bam,19369.0
2024-05-17 15:39:31.105999947,tgi_request_failure,http,cancelled,10.128.4.158:3000,tgis-bam,fmaas-monitoring,llama3,openshift-user-workload-monitoring/user-workload,tgis-bam,19378.0
2024-05-17 15:39:36.105999947,tgi_request_failure,http,cancelled,10.128.4.158:3000,tgis-bam,fmaas-monitoring,llama3,openshift-user-workload-monitoring/user-workload,tgis-bam,19383.0
2024-05-17 15:39:41.105999947,tgi_request_failure,http,cancelled,10.128.4.158:3000,tgis-bam,fmaas-monitoring,llama3,openshift-user-workload-monitoring/user-workload,tgis-bam,19396.0
2024-05-17 15:39:46.105999947,tgi_request_failure,http,cancelled,10.128.4.158:3000,tgis-bam,fmaas-monitoring,llama3,openshift-user-workload-monitoring/user-workload,tgis-bam,19411.0
2024-05-17 15:39:51.105999947,tgi_request_failure,http,cancelled,10.128.4.158:3000,tgis-bam,fmaas-monitoring,llama3,openshift-user-workload-monitoring/user-workload,tgis-bam,19424.0
2024-05-17 15:39:56.105999947,tgi_request_failure,http,cancelled,10.128.4.158:3000,tgis-bam,fmaas-monitoring,llama3,openshift-user-workload-monitoring/user-workload,tgis-bam,19440.0
2024-05-17 15:40:01.197999954,tgi_request_failure,http,cancelled,10.128.4.158:3000,tgis-bam,fmaas-monitoring,llama3,openshift-user-workload-monitoring/user-workload,tgis-bam,19443.0
2024-05-17 15:40:06.105999947,tgi_request_failure,http,cancelled,10.128.4.158:3000,tgis-bam,fmaas-monitoring,llama3,openshift-user-workload-monitoring/user-workload,tgis-bam,19443.0
2024-05-17 15:40:11.105999947,tgi_request_failure,http,cancelled,10.128.4.158:3000,tgis-bam,fmaas-monitoring,llama3,openshift-user-workload-monitoring/user-workload,tgis-bam,19443.0
2024-05-17 15:40:16.105999947,tgi_request_failure,http,cancelled,10.128.4.158:3000,tgis-bam,fmaas-monitoring,llama3,openshift-user-workload-monitoring/user-workload,tgis-bam,19443.0
2024-05-17 15:40:21.105999947,tgi_request_failure,http,cancelled,10.128.4.158:3000,tgis-bam,fmaas-monitoring,llama3,openshift-user-workload-monitoring/user-workload,tgis-bam,19443.0
2024-05-17 15:40:26.105999947,tgi_request_failure,http,cancelled,10.128.4.158:3000,tgis-bam,fmaas-monitoring,llama3,openshift-user-workload-monitoring/user-workload,tgis-bam,19443.0
2024-05-17 15:40:31.105999947,tgi_request_failure,http,cancelled,10.128.4.158:3000,tgis-bam,fmaas-monitoring,llama3,openshift-user-workload-monitoring/user-workload,tgis-bam,19453.0
2024-05-17 15:40:36.105999947,tgi_request_failure,http,cancelled,10.128.4.158:3000,tgis-bam,fmaas-monitoring,llama3,openshift-user-workload-monitoring/user-workload,tgis-bam,19462.0
2024-05-17 15:40:41.105999947,tgi_request_failure,http,cancelled,10.128.4.158:3000,tgis-bam,fmaas-monitoring,llama3,openshift-user-workload-monitoring/user-workload,tgis-bam,19482.0
2024-05-17 15:40:46.105999947,tgi_request_failure,http,cancelled,10.128.4.158:3000,tgis-bam,fmaas-monitoring,llama3,openshift-user-workload-monitoring/user-workload,tgis-bam,19499.0
2024-05-17 15:40:51.105999947,tgi_request_failure,http,cancelled,10.128.4.158:3000,tgis-bam,fmaas-monitoring,llama3,openshift-user-workload-monitoring/user-workload,tgis-bam,19507.0
2024-05-17 15:40:56.105999947,tgi_request_failure,http,cancelled,10.128.4.158:3000,tgis-bam,fmaas-monitoring,llama3,openshift-user-workload-monitoring/user-workload,tgis-bam,19511.0
2024-05-17 15:41:01.105999947,tgi_request_failure,http,cancelled,10.128.4.158:3000,tgis-bam,fmaas-monitoring,llama3,openshift-user-workload-monitoring/user-workload,tgis-bam,19513.0
2024-05-17 15:41:06.105999947,tgi_request_failure,http,cancelled,10.128.4.158:3000,tgis-bam,fmaas-monitoring,llama3,openshift-user-workload-monitoring/user-workload,tgis-bam,19513.0
2024-05-17 15:41:11.105999947,tgi_request_failure,http,cancelled,10.128.4.158:3000,tgis-bam,fmaas-monitoring,llama3,openshift-user-workload-monitoring/user-workload,tgis-bam,19513.0
2024-05-17 15:41:16.105999947,tgi_request_failure,http,cancelled,10.128.4.158:3000,tgis-bam,fmaas-monitoring,llama3,openshift-user-workload-monitoring/user-workload,tgis-bam,19513.0
2024-05-17 15:41:21.105999947,tgi_request_failure,http,cancelled,10.128.4.158:3000,tgis-bam,fmaas-monitoring,llama3,openshift-user-workload-monitoring/user-workload,tgis-bam,19513.0
2024-05-17 15:41:26.105999947,tgi_request_failure,http,cancelled,10.128.4.158:3000,tgis-bam,fmaas-monitoring,llama3,openshift-user-workload-monitoring/user-workload,tgis-bam,19513.0
2024-05-17 15:41:31.105999947,tgi_request_failure,http,cancelled,10.128.4.158:3000,tgis-bam,fmaas-monitoring,llama3,openshift-user-workload-monitoring/user-workload,tgis-bam,19517.0
2024-05-17 15:41:36.111000061,tgi_request_failure,http,cancelled,10.128.4.158:3000,tgis-bam,fmaas-monitoring,llama3,openshift-user-workload-monitoring/user-workload,tgis-bam,19526.0
2024-05-17 15:41:41.105999947,tgi_request_failure,http,cancelled,10.128.4.158:3000,tgis-bam,fmaas-monitoring,llama3,openshift-user-workload-monitoring/user-workload,tgis-bam,19540.0
2024-05-17 15:41:46.105999947,tgi_request_failure,http,cancelled,10.128.4.158:3000,tgis-bam,fmaas-monitoring,llama3,openshift-user-workload-monitoring/user-workload,tgis-bam,19559.0
2024-05-17 15:41:51.105999947,tgi_request_failure,http,cancelled,10.128.4.158:3000,tgis-bam,fmaas-monitoring,llama3,openshift-user-workload-monitoring/user-workload,tgis-bam,19572.0
2024-05-17 15:41:56.105999947,tgi_request_failure,http,cancelled,10.128.4.158:3000,tgis-bam,fmaas-monitoring,llama3,openshift-user-workload-monitoring/user-workload,tgis-bam,19587.0
2024-05-17 15:42:01.105999947,tgi_request_failure,http,cancelled,10.128.4.158:3000,tgis-bam,fmaas-monitoring,llama3,openshift-user-workload-monitoring/user-workload,tgis-bam,19591.0
2024-05-17 15:42:06.105999947,tgi_request_failure,http,cancelled,10.128.4.158:3000,tgis-bam,fmaas-monitoring,llama3,openshift-user-workload-monitoring/user-workload,tgis-bam,19600.0
2024-05-17 15:42:11.105999947,tgi_request_failure,http,cancelled,10.128.4.158:3000,tgis-bam,fmaas-monitoring,llama3,openshift-user-workload-monitoring/user-workload,tgis-bam,19600.0
2024-05-17 15:42:16.105999947,tgi_request_failure,http,cancelled,10.128.4.158:3000,tgis-bam,fmaas-monitoring,llama3,openshift-user-workload-monitoring/user-workload,tgis-bam,19600.0
2024-05-17 15:42:21.105999947,tgi_request_failure,http,cancelled,10.128.4.158:3000,tgis-bam,fmaas-monitoring,llama3,openshift-user-workload-monitoring/user-workload,tgis-bam,19600.0
2024-05-17 15:42:26.105999947,tgi_request_failure,http,cancelled,10.128.4.158:3000,tgis-bam,fmaas-monitoring,llama3,openshift-user-workload-monitoring/user-workload,tgis-bam,19600.0
2024-05-17 15:42:31.105999947,tgi_request_failure,http,cancelled,10.128.4.158:3000,tgis-bam,fmaas-monitoring,llama3,openshift-user-workload-monitoring/user-workload,tgis-bam,19602.0
2024-05-17 15:42:36.105999947,tgi_request_failure,http,cancelled,10.128.4.158:3000,tgis-bam,fmaas-monitoring,llama3,openshift-user-workload-monitoring/user-workload,tgis-bam,19615.0
2024-05-17 15:42:41.105999947,tgi_request_failure,http,cancelled,10.128.4.158:3000,tgis-bam,fmaas-monitoring,llama3,openshift-user-workload-monitoring/user-workload,tgis-bam,19622.0
2024-05-17 15:42:46.109999895,tgi_request_failure,http,cancelled,10.128.4.158:3000,tgis-bam,fmaas-monitoring,llama3,openshift-user-workload-monitoring/user-workload,tgis-bam,19637.0
2024-05-17 15:42:51.105999947,tgi_request_failure,http,cancelled,10.128.4.158:3000,tgis-bam,fmaas-monitoring,llama3,openshift-user-workload-monitoring/user-workload,tgis-bam,19646.0
2024-05-17 15:42:56.105999947,tgi_request_failure,http,cancelled,10.128.4.158:3000,tgis-bam,fmaas-monitoring,llama3,openshift-user-workload-monitoring/user-workload,tgis-bam,19650.0
2024-05-17 15:43:01.105999947,tgi_request_failure,http,cancelled,10.128.4.158:3000,tgis-bam,fmaas-monitoring,llama3,openshift-user-workload-monitoring/user-workload,tgis-bam,19658.0
2024-05-17 15:43:06.105999947,tgi_request_failure,http,cancelled,10.128.4.158:3000,tgis-bam,fmaas-monitoring,llama3,openshift-user-workload-monitoring/user-workload,tgis-bam,19678.0
2024-05-17 15:43:11.105999947,tgi_request_failure,http,cancelled,10.128.4.158:3000,tgis-bam,fmaas-monitoring,llama3,openshift-user-workload-monitoring/user-workload,tgis-bam,19683.0
2024-05-17 15:43:16.105999947,tgi_request_failure,http,cancelled,10.128.4.158:3000,tgis-bam,fmaas-monitoring,llama3,openshift-user-workload-monitoring/user-workload,tgis-bam,19683.0
2024-05-17 15:43:21.105999947,tgi_request_failure,http,cancelled,10.128.4.158:3000,tgis-bam,fmaas-monitoring,llama3,openshift-user-workload-monitoring/user-workload,tgis-bam,19683.0
2024-05-17 15:43:26.125999928,tgi_request_failure,http,cancelled,10.128.4.158:3000,tgis-bam,fmaas-monitoring,llama3,openshift-user-workload-monitoring/user-workload,tgis-bam,19683.0
2024-05-17 15:43:31.105999947,tgi_request_failure,http,cancelled,10.128.4.158:3000,tgis-bam,fmaas-monitoring,llama3,openshift-user-workload-monitoring/user-workload,tgis-bam,19685.0
2024-05-17 15:43:36.105999947,tgi_request_failure,http,cancelled,10.128.4.158:3000,tgis-bam,fmaas-monitoring,llama3,openshift-user-workload-monitoring/user-workload,tgis-bam,19699.0
2024-05-17 15:43:41.105999947,tgi_request_failure,http,cancelled,10.128.4.158:3000,tgis-bam,fmaas-monitoring,llama3,openshift-user-workload-monitoring/user-workload,tgis-bam,19715.0
2024-05-17 15:43:46.105999947,tgi_request_failure,http,cancelled,10.128.4.158:3000,tgis-bam,fmaas-monitoring,llama3,openshift-user-workload-monitoring/user-workload,tgis-bam,19718.0
2024-05-17 15:43:51.105999947,tgi_request_failure,http,cancelled,10.128.4.158:3000,tgis-bam,fmaas-monitoring,llama3,openshift-user-workload-monitoring/user-workload,tgis-bam,19727.0
2024-05-17 15:43:56.105999947,tgi_request_failure,http,cancelled,10.128.4.158:3000,tgis-bam,fmaas-monitoring,llama3,openshift-user-workload-monitoring/user-workload,tgis-bam,19739.0
2024-05-17 15:44:01.105999947,tgi_request_failure,http,cancelled,10.128.4.158:3000,tgis-bam,fmaas-monitoring,llama3,openshift-user-workload-monitoring/user-workload,tgis-bam,19754.0
2024-05-17 15:44:06.105999947,tgi_request_failure,http,cancelled,10.128.4.158:3000,tgis-bam,fmaas-monitoring,llama3,openshift-user-workload-monitoring/user-workload,tgis-bam,19765.0
2024-05-17 15:44:11.105999947,tgi_request_failure,http,cancelled,10.128.4.158:3000,tgis-bam,fmaas-monitoring,llama3,openshift-user-workload-monitoring/user-workload,tgis-bam,19765.0
2024-05-17 15:44:16.105999947,tgi_request_failure,http,cancelled,10.128.4.158:3000,tgis-bam,fmaas-monitoring,llama3,openshift-user-workload-monitoring/user-workload,tgis-bam,19765.0
2024-05-17 15:44:21.105999947,tgi_request_failure,http,cancelled,10.128.4.158:3000,tgis-bam,fmaas-monitoring,llama3,openshift-user-workload-monitoring/user-workload,tgis-bam,19765.0
2024-05-17 15:44:26.105999947,tgi_request_failure,http,cancelled,10.128.4.158:3000,tgis-bam,fmaas-monitoring,llama3,openshift-user-workload-monitoring/user-workload,tgis-bam,19765.0
2024-05-17 15:44:31.105999947,tgi_request_failure,http,cancelled,10.128.4.158:3000,tgis-bam,fmaas-monitoring,llama3,openshift-user-workload-monitoring/user-workload,tgis-bam,19769.0
2024-05-17 15:44:36.105999947,tgi_request_failure,http,cancelled,10.128.4.158:3000,tgis-bam,fmaas-monitoring,llama3,openshift-user-workload-monitoring/user-workload,tgis-bam,19778.0
2024-05-17 15:44:41.105999947,tgi_request_failure,http,cancelled,10.128.4.158:3000,tgis-bam,fmaas-monitoring,llama3,openshift-user-workload-monitoring/user-workload,tgis-bam,19790.0
2024-05-17 15:44:46.105999947,tgi_request_failure,http,cancelled,10.128.4.158:3000,tgis-bam,fmaas-monitoring,llama3,openshift-user-workload-monitoring/user-workload,tgis-bam,19803.0
2024-05-17 15:44:51.105999947,tgi_request_failure,http,cancelled,10.128.4.158:3000,tgis-bam,fmaas-monitoring,llama3,openshift-user-workload-monitoring/user-workload,tgis-bam,19822.0
2024-05-17 15:44:56.108999968,tgi_request_failure,http,cancelled,10.128.4.158:3000,tgis-bam,fmaas-monitoring,llama3,openshift-user-workload-monitoring/user-workload,tgis-bam,19825.0
2024-05-17 15:45:01.105999947,tgi_request_failure,http,cancelled,10.128.4.158:3000,tgis-bam,fmaas-monitoring,llama3,openshift-user-workload-monitoring/user-workload,tgis-bam,19831.0
2024-05-17 15:45:06.105999947,tgi_request_failure,http,cancelled,10.128.4.158:3000,tgis-bam,fmaas-monitoring,llama3,openshift-user-workload-monitoring/user-workload,tgis-bam,19838.0
2024-05-17 15:45:11.105999947,tgi_request_failure,http,cancelled,10.128.4.158:3000,tgis-bam,fmaas-monitoring,llama3,openshift-user-workload-monitoring/user-workload,tgis-bam,19838.0
2024-05-17 15:45:16.109999895,tgi_request_failure,http,cancelled,10.128.4.158:3000,tgis-bam,fmaas-monitoring,llama3,openshift-user-workload-monitoring/user-workload,tgis-bam,19838.0
2024-05-17 15:45:21.105999947,tgi_request_failure,http,cancelled,10.128.4.158:3000,tgis-bam,fmaas-monitoring,llama3,openshift-user-workload-monitoring/user-workload,tgis-bam,19838.0
